# ************************************************************
# Sequel Pro SQL dump
# Version 4096
#
# http://www.sequelpro.com/
# http://code.google.com/p/sequel-pro/
#
# Host: 119.9.74.173 (MySQL 5.1.73)
# Database: prod_20150721
# Generation Time: 2015-10-03 16:00:01 +0000
# ************************************************************


/*!40101 SET @OLD_CHARACTER_SET_CLIENT=@@CHARACTER_SET_CLIENT */;
/*!40101 SET @OLD_CHARACTER_SET_RESULTS=@@CHARACTER_SET_RESULTS */;
/*!40101 SET @OLD_COLLATION_CONNECTION=@@COLLATION_CONNECTION */;
/*!40101 SET NAMES utf8 */;
/*!40014 SET @OLD_FOREIGN_KEY_CHECKS=@@FOREIGN_KEY_CHECKS, FOREIGN_KEY_CHECKS=0 */;
/*!40101 SET @OLD_SQL_MODE=@@SQL_MODE, SQL_MODE='NO_AUTO_VALUE_ON_ZERO' */;
/*!40111 SET @OLD_SQL_NOTES=@@SQL_NOTES, SQL_NOTES=0 */;


# Dump of table adjustment
# ------------------------------------------------------------

DROP TABLE IF EXISTS `adjustment`;

CREATE TABLE `adjustment` (
  `id` int(11) NOT NULL AUTO_INCREMENT,
  `code` varchar(45) DEFAULT NULL,
  `status` varchar(1) DEFAULT 't',
  `show_list` varchar(1) DEFAULT 't',
  `description` varchar(45) DEFAULT NULL,
  `reg_value` double DEFAULT NULL,
  `uom` varchar(45) DEFAULT NULL,
  `max_regular` int(11) DEFAULT NULL,
  `excess_value` double DEFAULT NULL,
  `created_at` timestamp NULL DEFAULT NULL,
  `updated_at` timestamp NULL DEFAULT NULL,
  `amount` double DEFAULT NULL,
  `billed` int(11) DEFAULT NULL,
  `billing_month` varchar(255) DEFAULT NULL,
  `house_id` int(11) DEFAULT NULL,
  `paid_amount` double DEFAULT NULL,
  `posted_date` varchar(255) DEFAULT NULL,
  `remarks` varchar(255) DEFAULT NULL,
  `type` varchar(255) DEFAULT NULL,
  `user_id` int(11) DEFAULT NULL,
  PRIMARY KEY (`id`),
  UNIQUE KEY `id_UNIQUE` (`id`),
  UNIQUE KEY `code_UNIQUE` (`code`)
) ENGINE=InnoDB DEFAULT CHARSET=latin1;


DELIMITER ;;
/*!50003 SET SESSION SQL_MODE="" */;;
/*!50003 CREATE */ /*!50017 DEFINER=`cbotor`@`%` */ /*!50003 TRIGGER `insert_to_ledger_adj` AFTER INSERT ON `adjustment` FOR EACH ROW begin

declare penalty_amount double;
declare computed_amount double;
declare ledger_type varchar(1);

if (new.status = 0) then 
 	set computed_amount = new.amount - 0;
 	
 	if (computed_amount < 0) then
        set ledger_type = "D";
        insert into ledger(user_id,house_id,ref_id,amount,type,created_at,updated_at) values (new.user_id,new.house_id,new.id,new.amount,ledger_type,now(),now());
    else
       set ledger_type = "C";
       insert into job_orders (order_type_id,request_id,created_at,user_id,status,house_id,price) values (6,new.id,now(),new.user_id,0,new.house_id,new.amount) ;
       select penalty into penalty_amount from ledger_summary where user_id = new.user_id and house_id = new.house_id;
       update ledger_summary set penalty = (penalty_amount + computed_amount) where user_id = new.user_id and house_id = new.house_id; 
    
    end if;
 	
end if;

     -- insert into ledger(user_id,house_id,ref_id,amount,type,created_at,updated_at) values (new.user_id,new.house_id,new.id,new.amount,ledger_type,now(),now());

 
end */;;
DELIMITER ;
/*!50003 SET SESSION SQL_MODE=@OLD_SQL_MODE */;


# Dump of table adjustment_request
# ------------------------------------------------------------

DROP TABLE IF EXISTS `adjustment_request`;

CREATE TABLE `adjustment_request` (
  `id` int(11) NOT NULL AUTO_INCREMENT,
  `user_id` int(11) DEFAULT NULL,
  `house_id` int(11) DEFAULT NULL,
  `additional_cost` double DEFAULT NULL,
  `basic_cost` double DEFAULT NULL,
  `posted_date` varchar(255) DEFAULT NULL,
  `preferred_date` varchar(255) DEFAULT NULL,
  `preferred_time` varchar(255) DEFAULT NULL,
  `adjustment_id` int(11) DEFAULT NULL,
  `billing_month` varchar(255) DEFAULT NULL,
  `status` varchar(255) DEFAULT '''New''',
  `total_cost` double DEFAULT NULL,
  `paid_amount` double unsigned zerofill DEFAULT '0000000000000000000000',
  `quantity` int(11) DEFAULT NULL,
  `other_charges` double DEFAULT NULL,
  `remarks` varchar(255) DEFAULT NULL,
  `misc_names` varchar(255) DEFAULT NULL,
  `payeeName` varchar(255) DEFAULT NULL,
  `billed` int(11) DEFAULT '0',
  `created_at` timestamp NULL DEFAULT NULL,
  `updated_at` timestamp NULL DEFAULT NULL,
  PRIMARY KEY (`id`)
) ENGINE=InnoDB DEFAULT CHARSET=latin1;

LOCK TABLES `adjustment_request` WRITE;
/*!40000 ALTER TABLE `adjustment_request` DISABLE KEYS */;

INSERT INTO `adjustment_request` (`id`, `user_id`, `house_id`, `additional_cost`, `basic_cost`, `posted_date`, `preferred_date`, `preferred_time`, `adjustment_id`, `billing_month`, `status`, `total_cost`, `paid_amount`, `quantity`, `other_charges`, `remarks`, `misc_names`, `payeeName`, `billed`, `created_at`, `updated_at`)
VALUES
	(1,7,4,NULL,NULL,'2/1/14',NULL,NULL,NULL,'FromOldSystem','Done',-2000,0000000000000000000000,NULL,NULL,'ADVANCE PAYMENT',NULL,NULL,1,'2015-08-30 19:36:29',NULL),
	(2,30,27,NULL,NULL,'2/1/14',NULL,NULL,NULL,'FromOldSystem','Done',-23.02,0000000000000000000000,NULL,NULL,'ADVANCE PAYMENT',NULL,NULL,1,'2015-08-30 19:36:30',NULL),
	(3,35,32,NULL,NULL,'2/1/14',NULL,NULL,NULL,'FromOldSystem','Done',-140,0000000000000000000000,NULL,NULL,'ADVANCE PAYMENT',NULL,NULL,1,'2015-08-30 19:36:30',NULL),
	(4,45,42,NULL,NULL,'3/20/15',NULL,NULL,NULL,'FromOldSystem','Done',-14100,0000000000000000000000,NULL,NULL,'ADVANCE PAYMENT 4TH QUARTER ASSOCIATION DUES',NULL,NULL,1,'2015-08-30 19:36:30',NULL),
	(5,65,60,NULL,NULL,'2/1/14',NULL,NULL,NULL,'FromOldSystem','Done',-47,0000000000000000000000,NULL,NULL,'ADVANCE PAYMENT',NULL,NULL,1,'2015-08-30 19:36:30',NULL),
	(6,65,60,NULL,NULL,'3/20/15',NULL,NULL,NULL,'FromOldSystem','Done',-16020,0000000000000000000000,NULL,NULL,'ADVANCE PAYMENT 4TH QUARTER ASSOCIATION DUES',NULL,NULL,1,'2015-08-30 19:36:30',NULL),
	(7,72,66,NULL,NULL,'3/20/15',NULL,NULL,NULL,'FromOldSystem','Done',-14700,0000000000000000000000,NULL,NULL,'ADVANCE PAYMENT 4TH QUARTER ASSOCIATION DUES',NULL,NULL,1,'2015-08-30 19:36:30',NULL),
	(8,86,78,NULL,NULL,'3/20/15',NULL,NULL,NULL,'FromOldSystem','Done',-17880,0000000000000000000000,NULL,NULL,'ADVANCE PAYMENT 4TH QUARTER ASSOCIATION DUES',NULL,NULL,1,'2015-08-30 19:36:30',NULL),
	(9,97,88,NULL,NULL,'3/20/15',NULL,NULL,NULL,'FromOldSystem','Done',-19080,0000000000000000000000,NULL,NULL,'ADVANCE PAYMENT 4TH QTR. ASSO. DUE',NULL,NULL,1,'2015-08-30 19:36:30',NULL),
	(10,147,140,NULL,NULL,'3/20/15',NULL,NULL,NULL,'FromOldSystem','Done',-21660,0000000000000000000000,NULL,NULL,'ADVANCE PAYMENT 4TH QTR. ASSO. DUE',NULL,NULL,1,'2015-08-30 19:36:30',NULL),
	(11,147,140,NULL,NULL,'10/31/14',NULL,NULL,NULL,'FromOldSystem','Done',-227.43,0000000000000000000000,NULL,NULL,'3% Discount on Increase  on dues',NULL,NULL,1,'2015-08-30 19:36:30',NULL),
	(12,152,146,NULL,NULL,'3/20/15',NULL,NULL,NULL,'FromOldSystem','Done',-13860,0000000000000000000000,NULL,NULL,'ADVANCE PAYMENT 4TH QTR. ASSO. DUE',NULL,NULL,1,'2015-08-30 19:36:30',NULL),
	(13,152,146,NULL,NULL,'10/31/14',NULL,NULL,NULL,'FromOldSystem','Done',-145.53,0000000000000000000000,NULL,NULL,'3% Discount on Increase  on dues',NULL,NULL,1,'2015-08-30 19:36:30',NULL),
	(14,158,152,NULL,NULL,'10/31/14',NULL,NULL,NULL,'FromOldSystem','Done',-17460,0000000000000000000000,NULL,NULL,'ADVANCE PAYMENT 4TH QUARTER ASSOCIATION DUES',NULL,NULL,1,'2015-08-30 19:36:30',NULL),
	(15,160,153,NULL,NULL,'3/20/15',NULL,NULL,NULL,'FromOldSystem','Done',-14340,0000000000000000000000,NULL,NULL,'ADVANCE PAYMENT 4TH QTR. ASSO. DUE',NULL,NULL,1,'2015-08-30 19:36:30',NULL),
	(16,164,156,NULL,NULL,'3/20/15',NULL,NULL,NULL,'FromOldSystem','Done',-21660,0000000000000000000000,NULL,NULL,'ADVANCE PAYMENT 4TH QTR. ASSO. DUE',NULL,NULL,1,'2015-08-30 19:36:31',NULL),
	(17,180,174,NULL,NULL,'3/20/15',NULL,NULL,NULL,'FromOldSystem','Done',-12660,0000000000000000000000,NULL,NULL,'ADVANCE PAYMENT 4TH QTR. ASSO. DUE',NULL,NULL,1,'2015-08-30 19:36:31',NULL),
	(18,212,207,NULL,NULL,'3/20/15',NULL,NULL,NULL,'FromOldSystem','Done',-12480,0000000000000000000000,NULL,NULL,'ADVANCE PAYMENT 4TH QTR. ASSO. DUE',NULL,NULL,1,'2015-08-30 19:36:31',NULL),
	(19,214,209,NULL,NULL,'3/20/15',NULL,NULL,NULL,'FromOldSystem','Done',-13920,0000000000000000000000,NULL,NULL,'ADVANCE PAYMENT 4TH QTR. ASSO. DUE',NULL,NULL,1,'2015-08-30 19:36:31',NULL),
	(20,225,222,NULL,NULL,'3/20/15',NULL,NULL,NULL,'FromOldSystem','Done',-17892.2,0000000000000000000000,NULL,NULL,'ADVANCE PAYMENT 4TH QTR. ASSO. DUE',NULL,NULL,1,'2015-08-30 19:36:31',NULL),
	(21,230,227,NULL,NULL,'3/20/15',NULL,NULL,NULL,'FromOldSystem','Done',-22641,0000000000000000000000,NULL,NULL,'ADVANCE PAYMENT 4TH QTR. ASSO. DUE',NULL,NULL,1,'2015-08-30 19:36:31',NULL),
	(22,239,237,NULL,NULL,'3/20/15',NULL,NULL,NULL,'FromOldSystem','Done',-12900,0000000000000000000000,NULL,NULL,'ADVANCE PAYMENT 4TH QTR. ASSO. DUE',NULL,NULL,1,'2015-08-30 19:36:31',NULL),
	(23,240,238,NULL,NULL,'3/20/15',NULL,NULL,NULL,'FromOldSystem','Done',-12370,0000000000000000000000,NULL,NULL,'ADVANCE PAYMENT 4TH QTR. ASSO. DUE',NULL,NULL,1,'2015-08-30 19:36:31',NULL),
	(24,240,240,NULL,NULL,'3/20/15',NULL,NULL,NULL,'FromOldSystem','Done',-12240,0000000000000000000000,NULL,NULL,'ADVANCE PAYMENT 4TH QTR. ASSO. DUE',NULL,NULL,1,'2015-08-30 19:36:31',NULL),
	(25,240,239,NULL,NULL,'3/20/15',NULL,NULL,NULL,'FromOldSystem','Done',-12780,0000000000000000000000,NULL,NULL,'ADVANCE PAYMENT 4TH QTR. ASSO. DUE',NULL,NULL,1,'2015-08-30 19:36:31',NULL),
	(26,244,243,NULL,NULL,'6/20/15',NULL,NULL,NULL,'FromOldSystem','Done',-14940,0000000000000000000000,NULL,NULL,'ADVANCE PAYMENT 4TH QTR. ASSO. DUE',NULL,NULL,1,'2015-08-30 19:36:32',NULL),
	(27,250,250,NULL,NULL,'6/20/15',NULL,NULL,NULL,'FromOldSystem','Done',-15780,0000000000000000000000,NULL,NULL,'ADVANCE PAYMENT 4TH QTR. ASSO. DUE',NULL,NULL,1,'2015-08-30 19:36:32',NULL),
	(28,262,267,NULL,NULL,'6/20/15',NULL,NULL,NULL,'FromOldSystem','Done',-13620,0000000000000000000000,NULL,NULL,'ADVANCE PAYMENT 4TH QTR. ASSO. DUE',NULL,NULL,1,'2015-08-30 19:36:32',NULL),
	(29,262,268,NULL,NULL,'6/20/15',NULL,NULL,NULL,'FromOldSystem','Done',-13620,0000000000000000000000,NULL,NULL,'ADVANCE PAYMENT 4TH QTR. ASSO. DUE',NULL,NULL,1,'2015-08-30 19:36:32',NULL),
	(30,263,269,NULL,NULL,'6/20/15',NULL,NULL,NULL,'FromOldSystem','Done',-14580,0000000000000000000000,NULL,NULL,'ADVANCE PAYMENT 4TH QTR. ASSO. DUE',NULL,NULL,1,'2015-08-30 19:36:32',NULL),
	(31,268,275,NULL,NULL,'6/20/15',NULL,NULL,NULL,'FromOldSystem','Done',-12240,0000000000000000000000,NULL,NULL,'ADVANCE PAYMENT 4TH QTR. ASSO. DUE',NULL,NULL,1,'2015-08-30 19:36:32',NULL),
	(32,269,276,NULL,NULL,'2/1/14',NULL,NULL,NULL,'FromOldSystem','Done',54.97,0000000000000000000000,NULL,NULL,'ADVANCE PAYMENT',NULL,NULL,1,'2015-08-30 19:36:32',NULL),
	(33,273,280,NULL,NULL,'6/20/15',NULL,NULL,NULL,'FromOldSystem','Done',-17040,0000000000000000000000,NULL,NULL,'ADVANCE PAYMENT 4TH QTR. ASSO. DUE',NULL,NULL,1,'2015-08-30 19:36:32',NULL),
	(34,273,280,NULL,NULL,'6/20/15',NULL,NULL,NULL,'FromOldSystem','Done',-17040,0000000000000000000000,NULL,NULL,'ADVANCE PAYMENT 4TH QTR. ASSO. DUE',NULL,NULL,1,'2015-08-30 19:36:32',NULL),
	(35,276,283,NULL,NULL,'6/20/15',NULL,NULL,NULL,'FromOldSystem','Done',-18000,0000000000000000000000,NULL,NULL,'ADVANCE PAYMENT 4TH QTR. ASSO. DUE',NULL,NULL,1,'2015-08-30 19:36:32',NULL),
	(36,280,287,NULL,NULL,'6/20/15',NULL,NULL,NULL,'FromOldSystem','Done',-14460,0000000000000000000000,NULL,NULL,'ADVANCE PAYMENT 4TH QTR. ASSO. DUE',NULL,NULL,1,'2015-08-30 19:36:32',NULL),
	(37,285,293,NULL,NULL,'6/20/15',NULL,NULL,NULL,'FromOldSystem','Done',-15740,0000000000000000000000,NULL,NULL,'ADVANCE PAYMENT 4TH QTR. ASSO. DUE',NULL,NULL,1,'2015-08-30 19:36:32',NULL),
	(38,288,296,NULL,NULL,'6/20/15',NULL,NULL,NULL,'FromOldSystem','Done',-14700,0000000000000000000000,NULL,NULL,'ADVANCE PAYMENT 4TH QTR. ASSO. DUE',NULL,NULL,1,'2015-08-30 19:36:32',NULL),
	(39,289,297,NULL,NULL,'6/20/15',NULL,NULL,NULL,'FromOldSystem','Done',-17160,0000000000000000000000,NULL,NULL,'ADVANCE PAYMENT 4TH QTR. ASSO. DUE',NULL,NULL,1,'2015-08-30 19:36:32',NULL),
	(40,294,303,NULL,NULL,'6/20/15',NULL,NULL,NULL,'FromOldSystem','Done',-12120,0000000000000000000000,NULL,NULL,'ADVANCE PAYMENT 4TH QTR. ASSO. DUE',NULL,NULL,1,'2015-08-30 19:36:33',NULL),
	(41,294,303,NULL,NULL,'10/31/14',NULL,NULL,NULL,'FromOldSystem','Done',-127.26,0000000000000000000000,NULL,NULL,'3% Discount on Increase  on dues',NULL,NULL,1,'2015-08-30 19:36:33',NULL),
	(42,296,305,NULL,NULL,'6/20/15',NULL,NULL,NULL,'FromOldSystem','Done',-12180,0000000000000000000000,NULL,NULL,'ADVANCE PAYMENT 4TH QTR. ASSO. DUE',NULL,NULL,1,'2015-08-30 19:36:33',NULL),
	(43,318,330,NULL,NULL,'3/20/15',NULL,NULL,NULL,'FromOldSystem','Done',-15480,0000000000000000000000,NULL,NULL,'ADVANCE PAYMENT 4TH QTR. ASSO. DUE',NULL,NULL,1,'2015-08-30 19:36:33',NULL),
	(44,318,331,NULL,NULL,'3/20/15',NULL,NULL,NULL,'FromOldSystem','Done',-12240,0000000000000000000000,NULL,NULL,'ADVANCE PAYMENT 4TH QTR. ASSO. DUE',NULL,NULL,1,'2015-08-30 19:36:33',NULL),
	(45,321,334,NULL,NULL,'10/31/14',NULL,NULL,NULL,'FromOldSystem','Done',-128.52,0000000000000000000000,NULL,NULL,'3% Discount on Increase  on dues',NULL,NULL,1,'2015-08-30 19:36:33',NULL),
	(46,321,334,NULL,NULL,'3/20/15',NULL,NULL,NULL,'FromOldSystem','Done',-12240,0000000000000000000000,NULL,NULL,'ADVANCE PAYMENT 4TH QTR. ASSO. DUE',NULL,NULL,1,'2015-08-30 19:36:33',NULL),
	(47,329,344,NULL,NULL,'6/20/15',NULL,NULL,NULL,'FromOldSystem','Done',-14940,0000000000000000000000,NULL,NULL,'ADVANCE PAYMENT 4TH QTR. ASSO. DUE',NULL,NULL,1,'2015-08-30 19:36:33',NULL),
	(48,330,345,NULL,NULL,'6/20/15',NULL,NULL,NULL,'FromOldSystem','Done',-13080,0000000000000000000000,NULL,NULL,'ADVANCE PAYMENT 4TH QTR. ASSO. DUE',NULL,NULL,1,'2015-08-30 19:36:33',NULL),
	(49,346,362,NULL,NULL,'6/20/15',NULL,NULL,NULL,'FromOldSystem','Done',-11540,0000000000000000000000,NULL,NULL,'ADVANCE PAYMENT 4TH QTR. ASSO. DUE',NULL,NULL,1,'2015-08-30 19:36:33',NULL),
	(50,348,364,NULL,NULL,'6/20/15',NULL,NULL,NULL,'FromOldSystem','Done',-12180,0000000000000000000000,NULL,NULL,'ADVANCE PAYMENT 4TH QTR. ASSO. DUE',NULL,NULL,1,'2015-08-30 19:36:33',NULL),
	(51,349,365,NULL,NULL,'6/20/15',NULL,NULL,NULL,'FromOldSystem','Done',-10186,0000000000000000000000,NULL,NULL,'ADVANCE PAYMENT 4TH QTR. ASSO. DUE',NULL,NULL,1,'2015-08-30 19:36:33',NULL),
	(52,350,366,NULL,NULL,'6/20/15',NULL,NULL,NULL,'FromOldSystem','Done',-12792.93,0000000000000000000000,NULL,NULL,'ADVANCE PAYMENT 4TH QTR. ASSO. DUE',NULL,NULL,1,'2015-08-30 19:36:33',NULL),
	(53,363,383,NULL,NULL,'6/20/15',NULL,NULL,NULL,'FromOldSystem','Done',-10940,0000000000000000000000,NULL,NULL,'ADVANCE PAYMENT 4TH QTR. ASSO. DUE',NULL,NULL,1,'2015-08-30 19:36:34',NULL),
	(54,375,397,NULL,NULL,'6/20/15',NULL,NULL,NULL,'FromOldSystem','Done',-12720,0000000000000000000000,NULL,NULL,'ADVANCE PAYMENT 4TH QTR. ASSO. DUE',NULL,NULL,1,'2015-08-30 19:36:34',NULL),
	(55,376,398,NULL,NULL,'6/20/15',NULL,NULL,NULL,'FromOldSystem','Done',-13035.45,0000000000000000000000,NULL,NULL,'ADVANCE PAYMENT 4TH QTR. ASSO. DUE',NULL,NULL,1,'2015-08-30 19:36:34',NULL);

/*!40000 ALTER TABLE `adjustment_request` ENABLE KEYS */;
UNLOCK TABLES;

DELIMITER ;;
/*!50003 SET SESSION SQL_MODE="" */;;
/*!50003 CREATE */ /*!50017 DEFINER=`cbotor`@`%` */ /*!50003 TRIGGER `trg_adj_done` AFTER UPDATE ON `adjustment_request` FOR EACH ROW begin

declare computed_amount double;
declare ledger_type varchar(1);

if (new.status = 'Done') then 
 	set computed_amount = old.total_cost - 0;
 	
 	if (computed_amount < 0) then
        set ledger_type = "D";
    else
       set ledger_type = "C";
    end if;
 	
end if;

    insert into ledger(user_id,house_id,ref_id,amount,type,created_at,updated_at) values (old.user_id,old.house_id,'0',old.total_cost,ledger_type,now(),now());
  
end */;;
DELIMITER ;
/*!50003 SET SESSION SQL_MODE=@OLD_SQL_MODE */;


# Dump of table adjustments_formatted
# ------------------------------------------------------------

DROP TABLE IF EXISTS `adjustments_formatted`;

CREATE TABLE `adjustments_formatted` (
  `id` int(11) unsigned NOT NULL AUTO_INCREMENT,
  `user_id` int(11) DEFAULT NULL,
  `house_id` int(11) DEFAULT NULL,
  `description` varchar(50) DEFAULT 'Adjustments : ',
  `amount` double DEFAULT '0',
  `billing_month` varchar(50) DEFAULT '',
  `status` varchar(1) DEFAULT 'F',
  `created_at` timestamp NULL DEFAULT NULL,
  `updated_at` timestamp NULL DEFAULT NULL,
  PRIMARY KEY (`id`)
) ENGINE=MyISAM DEFAULT CHARSET=latin1;



# Dump of table adjustments_old
# ------------------------------------------------------------

DROP TABLE IF EXISTS `adjustments_old`;

CREATE TABLE `adjustments_old` (
  `id` int(11) unsigned NOT NULL AUTO_INCREMENT,
  `user_id` int(11) DEFAULT NULL,
  `house_id` int(11) DEFAULT NULL,
  `description` varchar(100) DEFAULT NULL,
  `amount` double DEFAULT NULL,
  `type` varchar(1) DEFAULT '0',
  `created_at` timestamp NULL DEFAULT NULL,
  `updated_at` timestamp NULL DEFAULT NULL,
  `paid_amount` double DEFAULT NULL,
  `processed` varchar(1) DEFAULT 'F',
  PRIMARY KEY (`id`)
) ENGINE=InnoDB DEFAULT CHARSET=latin1;



# Dump of table admin_alert
# ------------------------------------------------------------

DROP TABLE IF EXISTS `admin_alert`;

CREATE TABLE `admin_alert` (
  `id` int(11) NOT NULL AUTO_INCREMENT,
  `alert_type_id` int(11) DEFAULT NULL,
  `alert_from_id` int(11) DEFAULT NULL,
  `created_at` timestamp NULL DEFAULT NULL,
  `updated_at` timestamp NULL DEFAULT NULL,
  PRIMARY KEY (`id`),
  UNIQUE KEY `id_UNIQUE` (`id`),
  KEY `admin_alert_alert_type_id_idx` (`alert_type_id`)
) ENGINE=InnoDB DEFAULT CHARSET=latin1;



# Dump of table alert_type
# ------------------------------------------------------------

DROP TABLE IF EXISTS `alert_type`;

CREATE TABLE `alert_type` (
  `id` int(11) NOT NULL AUTO_INCREMENT,
  `description` varchar(45) DEFAULT '',
  `created_at` timestamp NULL DEFAULT NULL,
  `updated_at` timestamp NULL DEFAULT NULL,
  PRIMARY KEY (`id`)
) ENGINE=InnoDB DEFAULT CHARSET=latin1;



# Dump of table amenities_request
# ------------------------------------------------------------

DROP TABLE IF EXISTS `amenities_request`;

CREATE TABLE `amenities_request` (
  `id` int(11) NOT NULL AUTO_INCREMENT,
  `user_id` int(11) DEFAULT NULL,
  `house_id` int(11) DEFAULT NULL,
  `additional_cost` double DEFAULT NULL,
  `amenity_id` int(11) DEFAULT NULL,
  `basic_cost` double DEFAULT NULL,
  `end_time` varchar(255) DEFAULT NULL,
  `requested_date` varchar(255) DEFAULT NULL,
  `confirmed_date` varchar(255) DEFAULT NULL,
  `start_time` varchar(255) DEFAULT NULL,
  `status` varchar(255) DEFAULT NULL,
  `total_cost` double unsigned zerofill DEFAULT NULL,
  `paid_amount` double unsigned zerofill DEFAULT '0000000000000000000000',
  `quantity` int(11) DEFAULT NULL,
  `other_charges` double DEFAULT NULL,
  `remarks` varchar(255) DEFAULT NULL,
  `billed` int(11) DEFAULT '0',
  `created_at` timestamp NULL DEFAULT NULL,
  `updated_at` timestamp NULL DEFAULT NULL,
  PRIMARY KEY (`id`)
) ENGINE=InnoDB DEFAULT CHARSET=latin1;

LOCK TABLES `amenities_request` WRITE;
/*!40000 ALTER TABLE `amenities_request` DISABLE KEYS */;

INSERT INTO `amenities_request` (`id`, `user_id`, `house_id`, `additional_cost`, `amenity_id`, `basic_cost`, `end_time`, `requested_date`, `confirmed_date`, `start_time`, `status`, `total_cost`, `paid_amount`, `quantity`, `other_charges`, `remarks`, `billed`, `created_at`, `updated_at`)
VALUES
	(1,10,8,NULL,6,NULL,NULL,'6/20/15','6/20/15',NULL,'Done',0000000000000000000060,0000000000000000000000,NULL,NULL,'USED OF TENNIS COURT 4/15/2015',1,'2015-08-30 19:15:18',NULL),
	(2,10,8,NULL,6,NULL,NULL,'6/20/15','6/20/15',NULL,'Done',0000000000000000000060,0000000000000000000000,NULL,NULL,'USED OF TENNIS COURT 4/8/2015',1,'2015-08-30 19:15:18',NULL),
	(3,10,8,NULL,6,NULL,NULL,'6/20/15','6/20/15',NULL,'Done',0000000000000000000060,0000000000000000000000,NULL,NULL,'USED OF TENNIS COURT 6/10/2015',1,'2015-08-30 19:15:18',NULL),
	(4,10,8,NULL,6,NULL,NULL,'6/20/15','6/20/15',NULL,'Done',0000000000000000000060,0000000000000000000000,NULL,NULL,'USED OF TENNIS COURT 6/25/2015',1,'2015-08-30 19:15:18',NULL),
	(5,10,8,NULL,6,NULL,NULL,'6/20/15','6/20/15',NULL,'Done',0000000000000000000060,0000000000000000000000,NULL,NULL,'USED OF TENNIS COURT 6/3/2015',1,'2015-08-30 19:15:19',NULL),
	(6,12,10,NULL,9,NULL,NULL,'6/20/15','6/20/15',NULL,'Done',0000000000000000000200,0000000000000000000000,NULL,NULL,'USED OF SWIMMING POOL 4/4/2015',1,'2015-08-30 19:15:19',NULL),
	(7,19,17,NULL,9,NULL,NULL,'6/20/15','6/20/15',NULL,'Done',0000000000000000001000,0000000000000000000000,NULL,NULL,'USED OF SWIMMING POOL 4/20/2015',1,'2015-08-30 19:15:20',NULL),
	(8,19,17,NULL,13,NULL,NULL,'6/20/15','6/20/15',NULL,'Done',0000000000000000000250,0000000000000000000000,NULL,NULL,'USED OF TABLE & CHAIRS 5/6/2015',1,'2015-08-30 19:15:20',NULL),
	(9,36,33,NULL,10,NULL,NULL,'6/20/15','6/20/15',NULL,'Done',0000000000000000000150,0000000000000000000000,NULL,NULL,'USED OF SWIMMING POOL 4/12/2015',1,'2015-08-30 19:15:26',NULL),
	(10,40,36,NULL,9,NULL,NULL,'6/20/15','6/20/15',NULL,'Done',0000000000000000000400,0000000000000000000000,NULL,NULL,'USED OF SWIMMING POOL 4/28/2015',1,'2015-08-30 19:15:27',NULL),
	(11,42,38,NULL,13,NULL,NULL,'1/1/14','1/1/14',NULL,'Done',0000000000000000000450,0000000000000000000000,NULL,NULL,'TABLES AND CHAIRS 1/12/2014',1,'2015-08-30 19:15:28',NULL),
	(12,42,38,NULL,13,NULL,NULL,'5/21/14','5/21/14',NULL,'Done',0000000000000000000065,0000000000000000000000,NULL,NULL,'USED OF TABLES & CHAIRS 4/19/2014',1,'2015-08-30 19:15:28',NULL),
	(13,42,38,NULL,10,NULL,NULL,'12/20/14','12/20/14',NULL,'Done',0000000000000000000400,0000000000000000000000,NULL,NULL,'USE OF SWIMMING POOL',1,'2015-08-30 19:15:28',NULL),
	(14,42,38,NULL,10,NULL,NULL,'3/20/15','3/20/15',NULL,'Done',0000000000000000000250,0000000000000000000000,NULL,NULL,'USED OF SWIMMING POOL 2/14/2015',1,'2015-08-30 19:15:28',NULL),
	(15,42,38,NULL,10,NULL,NULL,'6/20/15','6/20/15',NULL,'Done',0000000000000000000300,0000000000000000000000,NULL,NULL,'INSTALLED NEW FAUCET & VALVE 6/14/2015',1,'2015-08-30 19:15:28',NULL),
	(16,42,38,NULL,10,NULL,NULL,'6/20/15','6/20/15',NULL,'Done',0000000000000000000500,0000000000000000000000,NULL,NULL,'USED OF SWIMMING POOL 5/5/2015',1,'2015-08-30 19:15:28',NULL),
	(17,42,38,NULL,10,NULL,NULL,'6/20/15','6/20/15',NULL,'Done',0000000000000000000500,0000000000000000000000,NULL,NULL,'USED OF SWIMMING POOL 5/1/2015',1,'2015-08-30 19:15:29',NULL),
	(18,53,49,NULL,4,NULL,NULL,'1/1/14','1/1/14',NULL,'Done',0000000000000000001800,0000000000000000000000,NULL,NULL,'USED OF CLUBHOUSE 1/25/2014',1,'2015-08-30 19:15:31',NULL),
	(19,53,49,NULL,13,NULL,NULL,'1/1/14','1/1/14',NULL,'Done',0000000000000000000320,0000000000000000000000,NULL,NULL,'USED OF TABLES AND CHAIRS 1/25/2014',1,'2015-08-30 19:15:32',NULL),
	(20,53,49,NULL,9,NULL,NULL,'3/20/15','3/20/15',NULL,'Done',0000000000000000000600,0000000000000000000000,NULL,NULL,'USED OF SWIMMING POOL 1/24/2015',1,'2015-08-30 19:15:32',NULL),
	(21,53,49,NULL,13,NULL,NULL,'6/20/15','6/20/15',NULL,'Done',0000000000000000000285,0000000000000000000000,NULL,NULL,'USED OF TABLE & CHAIRS 4/10/2015',1,'2015-08-30 19:15:33',NULL),
	(22,57,53,NULL,9,NULL,NULL,'4/22/13','4/22/13',NULL,'Done',0000000000000000000200,0000000000000000000000,NULL,NULL,'Use of Swimming Pool   02-13-2013',1,'2015-08-30 19:15:35',NULL),
	(23,57,53,NULL,9,NULL,NULL,'5/21/14','5/21/14',NULL,'Done',0000000000000000000100,0000000000000000000000,NULL,NULL,'USED OF SWIMMING POOL 4/27/2014',1,'2015-08-30 19:15:35',NULL),
	(24,62,57,NULL,7,NULL,NULL,'3/20/15','3/20/15',NULL,'Done',0000000000000000000120,0000000000000000000000,NULL,NULL,'USED OF BASKETBALL COURT 2/2/2015',1,'2015-08-30 19:15:37',NULL),
	(25,62,57,NULL,7,NULL,NULL,'6/20/15','6/20/15',NULL,'Done',0000000000000000000120,0000000000000000000000,NULL,NULL,'USED OF BASSKETBALL COURT 4/4/2015',1,'2015-08-30 19:15:37',NULL),
	(26,64,59,NULL,9,NULL,NULL,'6/20/15','6/20/15',NULL,'Done',0000000000000000000100,0000000000000000000000,NULL,NULL,'USED OF SWIMMING POOL 5/12/2015',1,'2015-08-30 19:15:37',NULL),
	(27,66,60,NULL,9,NULL,NULL,'4/21/14','4/21/14',NULL,'Done',0000000000000000000050,0000000000000000000000,NULL,NULL,'USED OF SWIMMING POOL 4/4/2014',1,'2015-08-30 19:15:38',NULL),
	(28,66,60,NULL,9,NULL,NULL,'3/20/15','3/20/15',NULL,'Done',0000000000000000000100,0000000000000000000000,NULL,NULL,'USED OF SWIMMING POOL 2/1/2015',1,'2015-08-30 19:15:38',NULL),
	(29,66,60,NULL,9,NULL,NULL,'3/20/15','3/20/15',NULL,'Done',0000000000000000000100,0000000000000000000000,NULL,NULL,'USED OF SWIMMING POOL 3/20/2015',1,'2015-08-30 19:15:39',NULL),
	(30,66,60,NULL,9,NULL,NULL,'6/20/15','6/20/15',NULL,'Done',0000000000000000000300,0000000000000000000000,NULL,NULL,'USED OF SWIMMING POOL 4/6/2015',1,'2015-08-30 19:15:39',NULL),
	(31,66,60,NULL,9,NULL,NULL,'6/20/15','6/20/15',NULL,'Done',0000000000000000000200,0000000000000000000000,NULL,NULL,'USED OF SWIMMING POOL 4/7/2015',1,'2015-08-30 19:15:39',NULL),
	(32,66,60,NULL,9,NULL,NULL,'6/20/15','6/20/15',NULL,'Done',0000000000000000000150,0000000000000000000000,NULL,NULL,'USED OF SWIMMING POOL 4/4/2015',1,'2015-08-30 19:15:39',NULL),
	(33,66,60,NULL,9,NULL,NULL,'6/20/15','6/20/15',NULL,'Done',0000000000000000000150,0000000000000000000000,NULL,NULL,'USED OF SWIMMING POOL 3/28/2015',1,'2015-08-30 19:15:39',NULL),
	(34,66,60,NULL,9,NULL,NULL,'6/20/15','6/20/15',NULL,'Done',0000000000000000000200,0000000000000000000000,NULL,NULL,'USED OF SWIMMING POOL 4/16/2015',1,'2015-08-30 19:15:40',NULL),
	(35,70,64,NULL,9,NULL,NULL,'6/20/15','6/20/15',NULL,'Done',0000000000000000000400,0000000000000000000000,NULL,NULL,'USED OF SWIMMING POOL 5/1/2015',1,'2015-08-30 19:15:40',NULL),
	(36,77,70,NULL,5,NULL,NULL,'4/21/14','4/21/14',NULL,'Done',0000000000000000000150,0000000000000000000000,NULL,NULL,'USED OF TENNIS COURT 3/29/2014',1,'2015-08-30 19:15:44',NULL),
	(37,77,70,NULL,5,NULL,NULL,'6/21/14','6/21/14',NULL,'Done',0000000000000000000150,0000000000000000000000,NULL,NULL,'USED OF TENNIS COURT 6/13/2014',1,'2015-08-30 19:15:45',NULL),
	(38,79,72,NULL,7,NULL,NULL,'4/22/13','4/22/13',NULL,'Done',0000000000000000000120,0000000000000000000000,NULL,NULL,'Used of Basketball Court  04-21-2013',1,'2015-08-30 19:15:47',NULL),
	(39,79,72,NULL,10,NULL,NULL,'4/22/13','4/22/13',NULL,'Done',0000000000000000000500,0000000000000000000000,NULL,NULL,'Used of Swimming Pool  03-15-2013',1,'2015-08-30 19:15:47',NULL),
	(40,79,72,NULL,10,NULL,NULL,'4/22/13','4/22/13',NULL,'Done',0000000000000000000450,0000000000000000000000,NULL,NULL,'Used of Swimming Pool  03-24-2013',1,'2015-08-30 19:15:47',NULL),
	(41,79,72,NULL,7,NULL,NULL,'2/1/14','2/1/14',NULL,'Done',0000000000000000000240,0000000000000000000000,NULL,NULL,'USED OF BASSKETBALL COURT 1/27/2014',1,'2015-08-30 19:15:48',NULL),
	(42,79,72,NULL,7,NULL,NULL,'12/20/14','12/20/14',NULL,'Done',0000000000000000000180,0000000000000000000000,NULL,NULL,'USE OF BASKETBALL COURT',1,'2015-08-30 19:15:48',NULL),
	(43,79,72,NULL,7,NULL,NULL,'3/20/15','3/20/15',NULL,'Done',0000000000000000000120,0000000000000000000000,NULL,NULL,'USED OF BASKETBALL COURT 1/10/2015',1,'2015-08-30 19:15:48',NULL),
	(44,79,72,NULL,7,NULL,NULL,'6/20/15','6/20/15',NULL,'Done',0000000000000000000120,0000000000000000000000,NULL,NULL,'USED OF BASKETBALL COURT 5/28/2015',1,'2015-08-30 19:15:48',NULL),
	(45,82,74,NULL,5,NULL,NULL,'11/1/13','11/1/13',NULL,'Done',0000000000000000000150,0000000000000000000000,NULL,NULL,'USED OF TENNIS 11/15/2013',1,'2015-08-30 19:15:54',NULL),
	(46,82,74,NULL,5,NULL,NULL,'11/1/13','11/1/13',NULL,'Done',0000000000000000000150,0000000000000000000000,NULL,NULL,'USED OF TENNIS 10/30/2013',1,'2015-08-30 19:15:55',NULL),
	(47,82,74,NULL,5,NULL,NULL,'11/1/13','11/1/13',NULL,'Done',0000000000000000000150,0000000000000000000000,NULL,NULL,'USED OF TENNIS 10/29/2013',1,'2015-08-30 19:15:55',NULL),
	(48,82,74,NULL,10,NULL,NULL,'11/1/13','11/1/13',NULL,'Done',0000000000000000000300,0000000000000000000000,NULL,NULL,'USED OF SWIIMMING POOL 10/28/2013',1,'2015-08-30 19:15:55',NULL),
	(49,82,74,NULL,5,NULL,NULL,'1/1/14','1/1/14',NULL,'Done',0000000000000000000150,0000000000000000000000,NULL,NULL,'USED OF TENNIS COURT 10/27/2013',1,'2015-08-30 19:15:55',NULL),
	(50,82,74,NULL,5,NULL,NULL,'1/1/14','1/1/14',NULL,'Done',0000000000000000000300,0000000000000000000000,NULL,NULL,'USED OF TENNIS COURT 10/31/2013',1,'2015-08-30 19:15:55',NULL),
	(51,82,74,NULL,7,NULL,NULL,'2/1/14','2/1/14',NULL,'Done',0000000000000000000120,0000000000000000000000,NULL,NULL,'USED OF BASSKETBALL COURT 1/23/2014',1,'2015-08-30 19:15:55',NULL),
	(52,82,74,NULL,10,NULL,NULL,'4/21/14','4/21/14',NULL,'Done',0000000000000000000200,0000000000000000000000,NULL,NULL,'USED OF SWIMMING POOL 4/17/2014',1,'2015-08-30 19:15:55',NULL),
	(53,82,74,NULL,5,NULL,NULL,'3/20/15','3/20/15',NULL,'Done',0000000000000000000090,0000000000000000000000,NULL,NULL,'USED OF TENNIS COURT 1/2/2015',1,'2015-08-30 19:15:56',NULL),
	(54,82,74,NULL,5,NULL,NULL,'3/20/15','3/20/15',NULL,'Done',0000000000000000000150,0000000000000000000000,NULL,NULL,'USED OF TENNIS COURT 3/18/2015',1,'2015-08-30 19:15:56',NULL),
	(55,83,75,NULL,5,NULL,NULL,'7/21/14','7/21/14',NULL,'Done',0000000000000000000225,0000000000000000000000,NULL,NULL,'USED OF TENNIS COURT 5/29/2014',1,'2015-08-30 19:16:01',NULL),
	(56,83,75,NULL,5,NULL,NULL,'12/20/14','12/20/14',NULL,'Done',0000000000000000000225,0000000000000000000000,NULL,NULL,'USED OF TENNIS COURT 11/28/2014',1,'2015-08-30 19:16:03',NULL),
	(57,83,75,NULL,5,NULL,NULL,'3/20/15','3/20/15',NULL,'Done',0000000000000000000150,0000000000000000000000,NULL,NULL,'USED OF TENNIS COURT 3/17/2015',1,'2015-08-30 19:16:04',NULL),
	(58,83,75,NULL,6,NULL,NULL,'6/20/15','6/20/15',NULL,'Done',0000000000000000000120,0000000000000000000000,NULL,NULL,'USED OF TENNIS COURT 4/29/2015',1,'2015-08-30 19:16:05',NULL),
	(59,89,81,NULL,9,NULL,NULL,'6/20/15','6/20/15',NULL,'Done',0000000000000000000100,0000000000000000000000,NULL,NULL,'USED OF SWIMMING POOL 4/19/2015',1,'2015-08-30 19:16:05',NULL),
	(60,96,87,NULL,9,NULL,NULL,'6/20/15','6/20/15',NULL,'Done',0000000000000000000100,0000000000000000000000,NULL,NULL,'USED OF SWIMMING POOL 5/6/2015',1,'2015-08-30 19:16:10',NULL),
	(61,100,91,NULL,9,NULL,NULL,'4/21/14','4/21/14',NULL,'Done',0000000000000000000300,0000000000000000000000,NULL,NULL,'USED OF SWIMMING POOL 4/17/2014',1,'2015-08-30 19:16:11',NULL),
	(62,106,97,NULL,6,NULL,NULL,'6/20/15','6/20/15',NULL,'Done',0000000000000000000060,0000000000000000000000,NULL,NULL,'USED OF TENNIS COURT 3/30/2015',1,'2015-08-30 19:16:12',NULL),
	(63,106,97,NULL,10,NULL,NULL,'6/20/15','6/20/15',NULL,'Done',0000000000000000000150,0000000000000000000000,NULL,NULL,'USED OF SWIMMING POOL 4/22/2015',1,'2015-08-30 19:16:12',NULL),
	(64,106,97,NULL,9,NULL,NULL,'6/20/15','6/20/15',NULL,'Done',0000000000000000000500,0000000000000000000000,NULL,NULL,'USED OF SWIMMING POOL 3/30/2015',1,'2015-08-30 19:16:13',NULL),
	(65,106,97,NULL,9,NULL,NULL,'6/20/15','6/20/15',NULL,'Done',0000000000000000000400,0000000000000000000000,NULL,NULL,'USED OF SWIMMING POOL 5/10/2015',1,'2015-08-30 19:16:13',NULL),
	(66,106,97,NULL,9,NULL,NULL,'6/20/15','6/20/15',NULL,'Done',0000000000000000001000,0000000000000000000000,NULL,NULL,'USED OF SWIMING POOL 6/12/2015',1,'2015-08-30 19:16:13',NULL),
	(67,125,119,NULL,6,NULL,NULL,'6/20/15','6/20/15',NULL,'Done',0000000000000000000120,0000000000000000000000,NULL,NULL,'USED OF TENNIS COURT 4/10/2015',1,'2015-08-30 19:16:17',NULL),
	(68,125,119,NULL,5,NULL,NULL,'6/20/15','6/20/15',NULL,'Done',0000000000000000000150,0000000000000000000000,NULL,NULL,'USED OF TENNIS COURT 4/7/2015',1,'2015-08-30 19:16:17',NULL),
	(69,125,119,NULL,5,NULL,NULL,'6/20/15','6/20/15',NULL,'Done',0000000000000000000225,0000000000000000000000,NULL,NULL,'USED OF TENNIS COURT 5/22/2015',1,'2015-08-30 19:16:18',NULL),
	(70,125,119,NULL,5,NULL,NULL,'6/20/15','6/20/15',NULL,'Done',0000000000000000000225,0000000000000000000000,NULL,NULL,'USED OF TENNIS COURT 5/8/2015',1,'2015-08-30 19:16:18',NULL),
	(71,125,119,NULL,5,NULL,NULL,'6/20/15','6/20/15',NULL,'Done',0000000000000000000300,0000000000000000000000,NULL,NULL,'USED OF TENNIS COURT 5/5/2015',1,'2015-08-30 19:16:18',NULL),
	(72,126,120,NULL,8,NULL,NULL,'6/20/15','6/20/15',NULL,'Done',0000000000000000000010,0000000000000000000000,NULL,NULL,'USED OF BASSKETBALL COURT 3/24/2015 BALANCE',1,'2015-08-30 19:16:18',NULL),
	(73,129,124,NULL,9,NULL,NULL,'6/20/15','6/20/15',NULL,'Done',0000000000000000000200,0000000000000000000000,NULL,NULL,'USED OF SWIMMING POOL 5/9/2015',1,'2015-08-30 19:16:19',NULL),
	(74,131,125,NULL,5,NULL,NULL,'6/20/15','6/20/15',NULL,'Done',0000000000000000000240,0000000000000000000000,NULL,NULL,'USED OF BASSKETBALL COURT 4/23/2015',1,'2015-08-30 19:16:20',NULL),
	(75,131,125,NULL,5,NULL,NULL,'6/20/15','6/20/15',NULL,'Done',0000000000000000000120,0000000000000000000000,NULL,NULL,'USED OF BASSKETBALL COURT 4/19/2015',1,'2015-08-30 19:16:20',NULL),
	(76,131,125,NULL,9,NULL,NULL,'6/20/15','6/20/15',NULL,'Done',0000000000000000000500,0000000000000000000000,NULL,NULL,'USED OF SWIMMING POOL 4/19/2015',1,'2015-08-30 19:16:20',NULL),
	(77,131,125,NULL,5,NULL,NULL,'6/20/15','6/20/15',NULL,'Done',0000000000000000000300,0000000000000000000000,NULL,NULL,'USED OF BASKTEBALL COURT 5/5/2015',1,'2015-08-30 19:16:20',NULL),
	(78,134,128,NULL,7,NULL,NULL,'3/22/13','3/22/13',NULL,'Done',0000000000000000000120,0000000000000000000000,NULL,NULL,'Use of Basketball Court 10/21/2012',1,'2015-08-30 19:16:21',NULL),
	(79,134,128,NULL,7,NULL,NULL,'4/22/13','4/22/13',NULL,'Done',0000000000000000000120,0000000000000000000000,NULL,NULL,'Used of Basketball Court  03-31-2013',1,'2015-08-30 19:16:21',NULL),
	(80,134,128,NULL,7,NULL,NULL,'4/22/13','4/22/13',NULL,'Done',0000000000000000000240,0000000000000000000000,NULL,NULL,'Used of Basketball Court  04-06-2013',1,'2015-08-30 19:16:21',NULL),
	(81,134,128,NULL,7,NULL,NULL,'4/22/13','4/22/13',NULL,'Done',0000000000000000000240,0000000000000000000000,NULL,NULL,'Used of Basketball Court  04-08-2013',1,'2015-08-30 19:16:21',NULL),
	(82,134,128,NULL,7,NULL,NULL,'4/22/13','4/22/13',NULL,'Done',0000000000000000000240,0000000000000000000000,NULL,NULL,'Used of Basketball Court  04-12-2013',1,'2015-08-30 19:16:21',NULL),
	(83,134,128,NULL,7,NULL,NULL,'4/22/13','4/22/13',NULL,'Done',0000000000000000000120,0000000000000000000000,NULL,NULL,'Used of Basketball Court  04-14-2013',1,'2015-08-30 19:16:21',NULL),
	(84,134,128,NULL,7,NULL,NULL,'4/22/13','4/22/13',NULL,'Done',0000000000000000000240,0000000000000000000000,NULL,NULL,'Used of Basketball Court  04-15-2013',1,'2015-08-30 19:16:22',NULL),
	(85,134,128,NULL,7,NULL,NULL,'4/22/13','4/22/13',NULL,'Done',0000000000000000000240,0000000000000000000000,NULL,NULL,'Used of Basketball Court  04-19-2013',1,'2015-08-30 19:16:22',NULL),
	(86,134,128,NULL,7,NULL,NULL,'7/1/13','7/1/13',NULL,'Done',0000000000000000000360,0000000000000000000000,NULL,NULL,'Used of Basketball Court 06-04-13',1,'2015-08-30 19:16:22',NULL),
	(87,134,128,NULL,7,NULL,NULL,'7/21/13','7/21/13',NULL,'Done',0000000000000000000360,0000000000000000000000,NULL,NULL,'Used of Basketball Court 7/14/2013',1,'2015-08-30 19:16:22',NULL),
	(88,134,128,NULL,7,NULL,NULL,'7/21/13','7/21/13',NULL,'Done',0000000000000000000120,0000000000000000000000,NULL,NULL,'Used of Basketball Court 7/6/2013',1,'2015-08-30 19:16:22',NULL),
	(89,134,128,NULL,7,NULL,NULL,'9/21/13','9/21/13',NULL,'Done',0000000000000000000120,0000000000000000000000,NULL,NULL,'USED OF BASKETBALL COURT 7/21/2013',1,'2015-08-30 19:16:22',NULL),
	(90,134,128,NULL,7,NULL,NULL,'9/21/13','9/21/13',NULL,'Done',0000000000000000000240,0000000000000000000000,NULL,NULL,'USED OF BASKETBALL COURT 8/8/2013',1,'2015-08-30 19:16:22',NULL),
	(91,134,128,NULL,7,NULL,NULL,'9/21/13','9/21/13',NULL,'Done',0000000000000000000120,0000000000000000000000,NULL,NULL,'USED OF BASKETBALL COURT 7/30/2013',1,'2015-08-30 19:16:23',NULL),
	(92,134,128,NULL,7,NULL,NULL,'10/21/13','10/21/13',NULL,'Done',0000000000000000000120,0000000000000000000000,NULL,NULL,'USED OF BASSKETBALL COURT 10/20/2013',1,'2015-08-30 19:16:23',NULL),
	(93,134,128,NULL,7,NULL,NULL,'11/1/13','11/1/13',NULL,'Done',0000000000000000000120,0000000000000000000000,NULL,NULL,'USED OF BASSKETBALL 11/25/2013',1,'2015-08-30 19:16:23',NULL),
	(94,134,128,NULL,7,NULL,NULL,'1/1/14','1/1/14',NULL,'Done',0000000000000000000120,0000000000000000000000,NULL,NULL,'USED OF BASSKETBALL 11/29/2013',1,'2015-08-30 19:16:23',NULL),
	(95,134,128,NULL,7,NULL,NULL,'1/1/14','1/1/14',NULL,'Done',0000000000000000000240,0000000000000000000000,NULL,NULL,'USED OF BASSKETBALL 11/3/2013',1,'2015-08-30 19:16:23',NULL),
	(96,134,128,NULL,7,NULL,NULL,'1/1/14','1/1/14',NULL,'Done',0000000000000000000120,0000000000000000000000,NULL,NULL,'USED OF BASSKETBALL 12/2/2013',1,'2015-08-30 19:16:24',NULL),
	(97,134,128,NULL,7,NULL,NULL,'1/1/14','1/1/14',NULL,'Done',0000000000000000000360,0000000000000000000000,NULL,NULL,'USED OF BASSKETBALL 12/27/2013',1,'2015-08-30 19:16:24',NULL),
	(98,134,128,NULL,7,NULL,NULL,'1/1/14','1/1/14',NULL,'Done',0000000000000000000240,0000000000000000000000,NULL,NULL,'USED OF BASSKETBALL 12/29/2013',1,'2015-08-30 19:16:24',NULL),
	(99,134,128,NULL,7,NULL,NULL,'1/1/14','1/1/14',NULL,'Done',0000000000000000000240,0000000000000000000000,NULL,NULL,'USED OF BASSKETBALL 12/5/2013',1,'2015-08-30 19:16:24',NULL),
	(100,134,128,NULL,7,NULL,NULL,'1/1/14','1/1/14',NULL,'Done',0000000000000000000360,0000000000000000000000,NULL,NULL,'USED OF BASSKETBALL 8/6/2013',1,'2015-08-30 19:16:24',NULL),
	(101,134,128,NULL,7,NULL,NULL,'2/1/14','2/1/14',NULL,'Done',0000000000000000000180,0000000000000000000000,NULL,NULL,'USED OF BASSKETBALL COURT 2/13/2014',1,'2015-08-30 19:16:24',NULL),
	(102,134,128,NULL,7,NULL,NULL,'2/1/14','2/1/14',NULL,'Done',0000000000000000000120,0000000000000000000000,NULL,NULL,'USED OF BASSKETBALL COURT 2/8/2014',1,'2015-08-30 19:16:24',NULL),
	(103,134,128,NULL,7,NULL,NULL,'2/1/14','2/1/14',NULL,'Done',0000000000000000000360,0000000000000000000000,NULL,NULL,'USED OF BASSKETBALL COURT 1/19/2014',1,'2015-08-30 19:16:25',NULL),
	(104,134,128,NULL,7,NULL,NULL,'2/1/14','2/1/14',NULL,'Done',0000000000000000000360,0000000000000000000000,NULL,NULL,'USED OF BASSKETBALL COURT 1/31/2014',1,'2015-08-30 19:16:25',NULL),
	(105,134,128,NULL,7,NULL,NULL,'12/20/14','12/20/14',NULL,'Done',0000000000000000000360,0000000000000000000000,NULL,NULL,'USE OF BASKETBALL COURT',1,'2015-08-30 19:16:25',NULL),
	(106,134,128,NULL,7,NULL,NULL,'12/20/14','12/20/14',NULL,'Done',0000000000000000000270,0000000000000000000000,NULL,NULL,'USE OF BASKETBALL COURT',1,'2015-08-30 19:16:25',NULL),
	(107,134,128,NULL,7,NULL,NULL,'12/20/14','12/20/14',NULL,'Done',0000000000000000000450,0000000000000000000000,NULL,NULL,'USE OF BASKETBALL COURT',1,'2015-08-30 19:16:25',NULL),
	(108,134,128,NULL,7,NULL,NULL,'12/20/14','12/20/14',NULL,'Done',0000000000000000000450,0000000000000000000000,NULL,NULL,'USE OF BASKETBALL COURT',1,'2015-08-30 19:16:25',NULL),
	(109,134,128,NULL,7,NULL,NULL,'12/20/14','12/20/14',NULL,'Done',0000000000000000000360,0000000000000000000000,NULL,NULL,'USE OF BASKETBALL COURT',1,'2015-08-30 19:16:25',NULL),
	(110,138,131,NULL,9,NULL,NULL,'6/20/15','6/20/15',NULL,'Done',0000000000000000000200,0000000000000000000000,NULL,NULL,'USED OF SWIMMING POOL 4/9/2015',1,'2015-08-30 19:16:29',NULL),
	(111,141,134,NULL,7,NULL,NULL,'3/20/15','3/20/15',NULL,'Done',0000000000000000000240,0000000000000000000000,NULL,NULL,'USED OF BASKETBALL COURT 12/3/2014',1,'2015-08-30 19:16:30',NULL),
	(112,141,134,NULL,7,NULL,NULL,'6/20/15','6/20/15',NULL,'Done',0000000000000000000120,0000000000000000000000,NULL,NULL,'USED OF BASSKETBALL COURT 3/28/2015',1,'2015-08-30 19:16:31',NULL),
	(113,141,134,NULL,9,NULL,NULL,'6/20/15','6/20/15',NULL,'Done',0000000000000000000300,0000000000000000000000,NULL,NULL,'USED OF SWIMMING POOL 4/12/2015',1,'2015-08-30 19:16:31',NULL),
	(114,146,139,NULL,9,NULL,NULL,'6/20/15','6/20/15',NULL,'Done',0000000000000000000300,0000000000000000000000,NULL,NULL,'USED OF SWIMMING POOL 5/1/2015',1,'2015-08-30 19:16:32',NULL),
	(115,151,145,NULL,7,NULL,NULL,'6/20/15','6/20/15',NULL,'Done',0000000000000000000360,0000000000000000000000,NULL,NULL,'USED OF BASSKETBALL COURT 4/1/2015',1,'2015-08-30 19:16:33',NULL),
	(116,153,147,NULL,13,NULL,NULL,'6/20/15','6/20/15',NULL,'Done',0000000000000000000150,0000000000000000000000,NULL,NULL,'USED OF TABLE 5/17/2015',1,'2015-08-30 19:16:34',NULL),
	(117,165,157,NULL,7,NULL,NULL,'6/20/15','6/20/15',NULL,'Done',0000000000000000000360,0000000000000000000000,NULL,NULL,'USED OF BASKETBALL COURT 6/12/2015',1,'2015-08-30 19:16:39',NULL),
	(118,182,176,NULL,7,NULL,NULL,'12/20/14','12/20/14',NULL,'Done',0000000000000000000180,0000000000000000000000,NULL,NULL,'USE OF BASKETBALL COURT',1,'2015-08-30 19:16:44',NULL),
	(119,182,176,NULL,7,NULL,NULL,'12/20/14','12/20/14',NULL,'Done',0000000000000000000540,0000000000000000000000,NULL,NULL,'USE OF BASKETBALL COURT',1,'2015-08-30 19:16:44',NULL),
	(120,182,176,NULL,7,NULL,NULL,'12/20/14','12/20/14',NULL,'Done',0000000000000000000720,0000000000000000000000,NULL,NULL,'USE OF BASKETBALL COURT',1,'2015-08-30 19:16:45',NULL),
	(121,182,176,NULL,7,NULL,NULL,'12/20/14','12/20/14',NULL,'Done',0000000000000000000180,0000000000000000000000,NULL,NULL,'USE OF BASKETBALL COURT',1,'2015-08-30 19:16:45',NULL),
	(122,182,176,NULL,9,NULL,NULL,'12/20/14','12/20/14',NULL,'Done',0000000000000000000300,0000000000000000000000,NULL,NULL,'USE OF SWIMMING POOL',1,'2015-08-30 19:16:45',NULL),
	(123,182,176,NULL,9,NULL,NULL,'12/20/14','12/20/14',NULL,'Done',0000000000000000000300,0000000000000000000000,NULL,NULL,'USED OF SWIMMING POOL 11/15/2014',1,'2015-08-30 19:16:45',NULL),
	(124,182,176,NULL,9,NULL,NULL,'8/20/14','8/20/14',NULL,'Done',0000000000000000000150,0000000000000000000000,NULL,NULL,'USED OF SWIMMING POOL 8/16/2014',1,'2015-08-30 19:16:45',NULL),
	(125,182,176,NULL,7,NULL,NULL,'12/20/14','12/20/14',NULL,'Done',0000000000000000000150,0000000000000000000000,NULL,NULL,'USED OF BASSKETBALL COURT 12/18/2014',1,'2015-08-30 19:16:45',NULL),
	(126,182,176,NULL,7,NULL,NULL,'12/20/14','12/20/14',NULL,'Done',0000000000000000000300,0000000000000000000000,NULL,NULL,'USED OF BASSKETBALL COURT 10/8/2014',1,'2015-08-30 19:16:45',NULL),
	(127,182,176,NULL,7,NULL,NULL,'3/20/15','3/20/15',NULL,'Done',0000000000000000000120,0000000000000000000000,NULL,NULL,'USED OF BASKETBALL COURT 12/1/2014',1,'2015-08-30 19:16:48',NULL),
	(128,182,176,NULL,7,NULL,NULL,'3/20/15','3/20/15',NULL,'Done',0000000000000000000300,0000000000000000000000,NULL,NULL,'USED OF BASKETBALL COURT 12/28/2014',1,'2015-08-30 19:16:48',NULL),
	(129,182,176,NULL,7,NULL,NULL,'3/20/15','3/20/15',NULL,'Done',0000000000000000000120,0000000000000000000000,NULL,NULL,'USED OF BASKETBALL COURT 12/27/2014',1,'2015-08-30 19:16:49',NULL),
	(130,182,176,NULL,7,NULL,NULL,'3/20/15','3/20/15',NULL,'Done',0000000000000000000240,0000000000000000000000,NULL,NULL,'USED OF BASKETBALL COURT 12/28/2014',1,'2015-08-30 19:16:49',NULL),
	(131,182,176,NULL,7,NULL,NULL,'3/20/15','3/20/15',NULL,'Done',0000000000000000000240,0000000000000000000000,NULL,NULL,'USED OF BASKETBALL COURT 12/30/2014',1,'2015-08-30 19:16:49',NULL),
	(132,182,176,NULL,7,NULL,NULL,'3/20/15','3/20/15',NULL,'Done',0000000000000000000120,0000000000000000000000,NULL,NULL,'USED OF BASKETBALL COURT 1/25/2015',1,'2015-08-30 19:16:50',NULL),
	(133,182,176,NULL,7,NULL,NULL,'3/20/15','3/20/15',NULL,'Done',0000000000000000000120,0000000000000000000000,NULL,NULL,'USED OF BASKETBALL COURT 2/17/2015',1,'2015-08-30 19:16:51',NULL),
	(134,182,176,NULL,7,NULL,NULL,'3/20/15','3/20/15',NULL,'Done',0000000000000000000240,0000000000000000000000,NULL,NULL,'USED OF BASKETBALL COURT 3/14/2015',1,'2015-08-30 19:16:51',NULL),
	(135,182,176,NULL,7,NULL,NULL,'3/20/15','3/20/15',NULL,'Done',0000000000000000000240,0000000000000000000000,NULL,NULL,'USED OF BASKETBALL COURT 3/17/2015',1,'2015-08-30 19:16:51',NULL),
	(136,182,176,NULL,7,NULL,NULL,'6/20/15','6/20/15',NULL,'Done',0000000000000000000360,0000000000000000000000,NULL,NULL,'USED OF BASSKETBALL COURT 4/29/2015',1,'2015-08-30 19:16:52',NULL),
	(137,182,176,NULL,7,NULL,NULL,'6/20/15','6/20/15',NULL,'Done',0000000000000000000120,0000000000000000000000,NULL,NULL,'USED OF BASSKETBALL COURT 4/7/2015',1,'2015-08-30 19:16:53',NULL),
	(138,182,176,NULL,7,NULL,NULL,'6/20/15','6/20/15',NULL,'Done',0000000000000000000120,0000000000000000000000,NULL,NULL,'USED OF BASSKETBALL COURT 3/30/2015',1,'2015-08-30 19:16:53',NULL),
	(139,182,176,NULL,7,NULL,NULL,'6/20/15','6/20/15',NULL,'Done',0000000000000000000300,0000000000000000000000,NULL,NULL,'USED OF BASKTEBALL COURT 5/8/2015',1,'2015-08-30 19:16:53',NULL),
	(140,182,176,NULL,9,NULL,NULL,'6/20/15','6/20/15',NULL,'Done',0000000000000000000150,0000000000000000000000,NULL,NULL,'USED OF SWIMMING POOL 5/13/2015',1,'2015-08-30 19:16:54',NULL),
	(141,187,180,NULL,6,NULL,NULL,'3/20/15','3/20/15',NULL,'Done',0000000000000000000060,0000000000000000000000,NULL,NULL,'USED OF TENNIS COURT 2/7/2015',1,'2015-08-30 19:16:55',NULL),
	(142,187,180,NULL,6,NULL,NULL,'6/20/15','6/20/15',NULL,'Done',0000000000000000000060,0000000000000000000000,NULL,NULL,'USED OF TENNIS COURT 6/2/2015',1,'2015-08-30 19:16:56',NULL),
	(143,42,39,NULL,9,NULL,NULL,'12/20/14','12/20/14',NULL,'Done',0000000000000000000400,0000000000000000000000,NULL,NULL,'USE OF SWIMMING POOL',1,'2015-08-30 19:16:56',NULL),
	(144,42,39,NULL,9,NULL,NULL,'6/20/15','6/20/15',NULL,'Done',0000000000000000000600,0000000000000000000000,NULL,NULL,'USED OF SWIMMING POOL 5/5/2015',1,'2015-08-30 19:16:57',NULL),
	(145,191,184,NULL,7,NULL,NULL,'3/20/15','3/20/15',NULL,'Done',0000000000000000000120,0000000000000000000000,NULL,NULL,'USED OF BASKETBALL COURT 1/14/2015',1,'2015-08-30 19:16:58',NULL),
	(146,191,184,NULL,7,NULL,NULL,'3/20/15','3/20/15',NULL,'Done',0000000000000000000120,0000000000000000000000,NULL,NULL,'USED OF BASKETBALL COURT 1/17/2015',1,'2015-08-30 19:16:58',NULL),
	(147,191,184,NULL,9,NULL,NULL,'6/20/15','6/20/15',NULL,'Done',0000000000000000000300,0000000000000000000000,NULL,NULL,'USED OF SWIMMING POOL 5/3/2015',1,'2015-08-30 19:16:58',NULL),
	(148,191,184,NULL,7,NULL,NULL,'6/20/15','6/20/15',NULL,'Done',0000000000000000000375,0000000000000000000000,NULL,NULL,'USED OF BASKTEBALL COURT 4/14/2015',1,'2015-08-30 19:16:58',NULL),
	(149,201,194,NULL,10,NULL,NULL,'6/20/15','6/20/15',NULL,'Done',0000000000000000000250,0000000000000000000000,NULL,NULL,'USED OF SWIMMING POOL 4/9/2015',1,'2015-08-30 19:17:02',NULL),
	(150,216,211,NULL,5,NULL,NULL,'6/20/15','6/20/15',NULL,'Done',0000000000000000000090,0000000000000000000000,NULL,NULL,'USED OF TENNIS COURT 4/7/2015',1,'2015-08-30 19:17:04',NULL),
	(151,216,211,NULL,5,NULL,NULL,'6/20/15','6/20/15',NULL,'Done',0000000000000000000300,0000000000000000000000,NULL,NULL,'USED OF TENNIS COURT 5/12/2015',1,'2015-08-30 19:17:04',NULL),
	(152,216,211,NULL,5,NULL,NULL,'6/20/15','6/20/15',NULL,'Done',0000000000000000000300,0000000000000000000000,NULL,NULL,'USED OF TENNIS COURT 5/5/2015',1,'2015-08-30 19:17:04',NULL),
	(153,216,211,NULL,5,NULL,NULL,'6/20/15','6/20/15',NULL,'Done',0000000000000000000300,0000000000000000000000,NULL,NULL,'USED OF TENNIS COURT 5/7/2015',1,'2015-08-30 19:17:04',NULL),
	(154,216,211,NULL,5,NULL,NULL,'6/20/15','6/20/15',NULL,'Done',0000000000000000000300,0000000000000000000000,NULL,NULL,'USED OF TENNIS COURT 5/11/2015',1,'2015-08-30 19:17:04',NULL),
	(155,216,211,NULL,6,NULL,NULL,'6/20/15','6/20/15',NULL,'Done',0000000000000000000120,0000000000000000000000,NULL,NULL,'USED OF TENNIS COURT 5/10/2015',1,'2015-08-30 19:17:04',NULL),
	(156,216,211,NULL,9,NULL,NULL,'6/20/15','6/20/15',NULL,'Done',0000000000000000000100,0000000000000000000000,NULL,NULL,'USED OF SWIMMING POOL 5/8/2015',1,'2015-08-30 19:17:04',NULL),
	(157,220,216,NULL,9,NULL,NULL,'6/20/15','6/20/15',NULL,'Done',0000000000000000000400,0000000000000000000000,NULL,NULL,'USED OF SWIMMING POOL 4/28/2015',1,'2015-08-30 19:17:06',NULL),
	(158,220,216,NULL,12,NULL,NULL,'6/20/15','6/20/15',NULL,'Done',0000000000000000000130,0000000000000000000000,NULL,NULL,'USED OF TABLE & CHAIRS 4/3/2015',1,'2015-08-30 19:17:06',NULL),
	(159,220,216,NULL,10,NULL,NULL,'6/20/15','6/20/15',NULL,'Done',0000000000000000000150,0000000000000000000000,NULL,NULL,'USED OF SWIMMING POOL 5/1/2015',1,'2015-08-30 19:17:06',NULL),
	(160,220,216,NULL,9,NULL,NULL,'6/20/15','6/20/15',NULL,'Done',0000000000000000000300,0000000000000000000000,NULL,NULL,'USED OF SWIMING POOL 6/20/2015',1,'2015-08-30 19:17:06',NULL),
	(161,220,216,NULL,9,NULL,NULL,'3/20/15','3/20/15',NULL,'Done',0000000000000000000080,0000000000000000000000,NULL,NULL,'USED OF SWIMMING POOL 1/18/2015',1,'2015-08-30 19:17:06',NULL),
	(162,222,219,NULL,9,NULL,NULL,'4/21/14','4/21/14',NULL,'Done',0000000000000000000300,0000000000000000000000,NULL,NULL,'USED OF SWIMMING POOL 4/1/2014',1,'2015-08-30 19:17:07',NULL),
	(163,222,219,NULL,5,NULL,NULL,'6/21/14','6/21/14',NULL,'Done',0000000000000000000300,0000000000000000000000,NULL,NULL,'USED OF TENNIS COURT 6/03/2014',1,'2015-08-30 19:17:07',NULL),
	(164,222,219,NULL,7,NULL,NULL,'3/20/15','3/20/15',NULL,'Done',0000000000000000000120,0000000000000000000000,NULL,NULL,'USED OF BASKETBALL COURT 2/3/2015',1,'2015-08-30 19:17:08',NULL),
	(165,222,219,NULL,7,NULL,NULL,'6/20/15','6/20/15',NULL,'Done',0000000000000000000120,0000000000000000000000,NULL,NULL,'USED OF BASSKETBALL COURT 4/22/2015',1,'2015-08-30 19:17:08',NULL),
	(166,222,219,NULL,6,NULL,NULL,'6/20/15','6/20/15',NULL,'Done',0000000000000000000100,0000000000000000000000,NULL,NULL,'USED OF TENNIS COURT 4/17/2015',1,'2015-08-30 19:17:08',NULL),
	(167,222,219,NULL,9,NULL,NULL,'6/20/15','6/20/15',NULL,'Done',0000000000000000000200,0000000000000000000000,NULL,NULL,'USED OF SWIMMING POOL 4/22/2015',1,'2015-08-30 19:17:09',NULL),
	(168,226,223,NULL,9,NULL,NULL,'6/20/15','6/20/15',NULL,'Done',0000000000000000000500,0000000000000000000000,NULL,NULL,'USED OF SWIMMING POOL 5/25/2015',1,'2015-08-30 19:17:12',NULL),
	(169,232,238,NULL,10,NULL,NULL,'6/20/15','6/20/15',NULL,'Done',0000000000000000000050,0000000000000000000000,NULL,NULL,'USED OF SWIMMING POOL 5/8/2015',1,'2015-08-30 19:17:15',NULL),
	(170,232,238,NULL,9,NULL,NULL,'6/20/15','6/20/15',NULL,'Done',0000000000000000000500,0000000000000000000000,NULL,NULL,'USED OF SWIMING POOL 6/17/2015',1,'2015-08-30 19:17:16',NULL),
	(171,242,241,NULL,9,NULL,NULL,'6/20/15','6/20/15',NULL,'Done',0000000000000000000400,0000000000000000000000,NULL,NULL,'USED OF SWIMMING POOL 4/19/2015',1,'2015-08-30 19:17:16',NULL),
	(172,248,247,NULL,10,NULL,NULL,'6/20/15','6/20/15',NULL,'Done',0000000000000000000150,0000000000000000000000,NULL,NULL,'USED OF SWIMMING POOL 5/15/2015',1,'2015-08-30 19:17:17',NULL),
	(173,254,254,NULL,9,NULL,NULL,'5/21/14','5/21/14',NULL,'Done',0000000000000000000550,0000000000000000000000,NULL,NULL,'USED OF SWIMMING POOL 4/10/2014',1,'2015-08-30 19:17:27',NULL),
	(174,254,254,NULL,9,NULL,NULL,'4/21/14','4/21/14',NULL,'Done',0000000000000000000350,0000000000000000000000,NULL,NULL,'USED OF SWIMMING POOL 4/21/2014',1,'2015-08-30 19:17:27',NULL),
	(175,258,262,NULL,9,NULL,NULL,'6/20/15','6/20/15',NULL,'Done',0000000000000000001250,0000000000000000000000,NULL,NULL,'USED OF SWIMMING POOL 4/12/2015',1,'2015-08-30 19:17:29',NULL),
	(176,264,270,NULL,9,NULL,NULL,'6/20/15','6/20/15',NULL,'Done',0000000000000000000300,0000000000000000000000,NULL,NULL,'USED OF SWIMMING POOL 4/3/2015',1,'2015-08-30 19:17:30',NULL),
	(177,297,306,NULL,10,NULL,NULL,'3/20/15','3/20/15',NULL,'Done',0000000000000000000150,0000000000000000000000,NULL,NULL,'USED OF SWIMMING POOL 3/14/2015',1,'2015-08-30 19:17:36',NULL),
	(178,314,324,NULL,10,NULL,NULL,'6/20/15','6/20/15',NULL,'Done',0000000000000000000350,0000000000000000000000,NULL,NULL,'USED OF SWIMMING POOL 4/9/2015',1,'2015-08-30 19:17:40',NULL),
	(179,314,324,NULL,10,NULL,NULL,'6/20/15','6/20/15',NULL,'Done',0000000000000000000250,0000000000000000000000,NULL,NULL,'USED OF SWIMMING POOL 5/3/2015',1,'2015-08-30 19:17:40',NULL),
	(180,314,324,NULL,9,NULL,NULL,'6/20/15','6/20/15',NULL,'Done',0000000000000000000900,0000000000000000000000,NULL,NULL,'USED OF SWIMMING POOL 5/10/2015',1,'2015-08-30 19:17:40',NULL),
	(181,314,324,NULL,9,NULL,NULL,'6/20/15','6/20/15',NULL,'Done',0000000000000000000300,0000000000000000000000,NULL,NULL,'USED OF SWIMING POOL 6/7/2015',1,'2015-08-30 19:17:40',NULL),
	(182,320,333,NULL,9,NULL,NULL,'6/20/15','6/20/15',NULL,'Done',0000000000000000000100,0000000000000000000000,NULL,NULL,'USED OF SWIMMING POOL 5/1/2015',1,'2015-08-30 19:17:41',NULL),
	(183,322,335,NULL,9,NULL,NULL,'12/20/14','12/20/14',NULL,'Done',0000000000000000000100,0000000000000000000000,NULL,NULL,'USED OF SWIMMING POOL 12/26/2014',1,'2015-08-30 19:17:42',NULL),
	(184,328,343,NULL,7,NULL,NULL,'3/20/15','3/20/15',NULL,'Done',0000000000000000000240,0000000000000000000000,NULL,NULL,'USED OF BASKETBALL COURT 1/31/2015',1,'2015-08-30 19:17:43',NULL),
	(185,328,343,NULL,7,NULL,NULL,'6/20/15','6/20/15',NULL,'Done',0000000000000000000120,0000000000000000000000,NULL,NULL,'USED OF BASKETBALL COURT 6/16/2015',1,'2015-08-30 19:17:43',NULL),
	(186,331,346,NULL,5,NULL,NULL,'5/18/15','5/18/15',NULL,'Done',0000000000000000000030,0000000000000000000000,NULL,NULL,'BAL USED OF TENNIS COURT 18824 OR#33980',1,'2015-08-30 19:17:44',NULL),
	(187,331,346,NULL,5,NULL,NULL,'3/20/15','3/20/15',NULL,'Done',0000000000000000000060,0000000000000000000000,NULL,NULL,'USED OF TENNIS COURT 3/14/2015',1,'2015-08-30 19:17:44',NULL),
	(188,331,346,NULL,5,NULL,NULL,'3/20/15','3/20/15',NULL,'Done',0000000000000000000150,0000000000000000000000,NULL,NULL,'USED OF TENNIS COURT 3/15/2015',1,'2015-08-30 19:17:45',NULL),
	(189,331,346,NULL,5,NULL,NULL,'3/20/15','3/20/15',NULL,'Done',0000000000000000000150,0000000000000000000000,NULL,NULL,'USED OF TENNIS COURT 3/20/2015',1,'2015-08-30 19:17:45',NULL),
	(190,331,346,NULL,5,NULL,NULL,'3/20/15','3/20/15',NULL,'Done',0000000000000000000150,0000000000000000000000,NULL,NULL,'USED OF TENNIS COURT 1/19/2015',1,'2015-08-30 19:17:45',NULL),
	(191,331,346,NULL,5,NULL,NULL,'3/20/15','3/20/15',NULL,'Done',0000000000000000000300,0000000000000000000000,NULL,NULL,'USED OF TENNIS COURT 2/8/2015',1,'2015-08-30 19:17:45',NULL),
	(192,331,346,NULL,5,NULL,NULL,'3/20/15','3/20/15',NULL,'Done',0000000000000000000300,0000000000000000000000,NULL,NULL,'USED OF TENNIS COURT 3/13/2015',1,'2015-08-30 19:17:45',NULL),
	(193,331,346,NULL,5,NULL,NULL,'3/20/15','3/20/15',NULL,'Done',0000000000000000000300,0000000000000000000000,NULL,NULL,'USED OF TENNIS COURT 3/8//2015',1,'2015-08-30 19:17:45',NULL),
	(194,331,346,NULL,5,NULL,NULL,'6/20/15','6/20/15',NULL,'Done',0000000000000000000150,0000000000000000000000,NULL,NULL,'USED OF TENNIS COURT 4/19/2015',1,'2015-08-30 19:17:46',NULL),
	(195,331,346,NULL,5,NULL,NULL,'6/20/15','6/20/15',NULL,'Done',0000000000000000000150,0000000000000000000000,NULL,NULL,'USED OF TENNIS COURT 4/13/2015',1,'2015-08-30 19:17:46',NULL),
	(196,331,346,NULL,5,NULL,NULL,'6/20/15','6/20/15',NULL,'Done',0000000000000000000075,0000000000000000000000,NULL,NULL,'USED OF TENNIS COURT 4/2/2015',1,'2015-08-30 19:17:46',NULL),
	(197,331,346,NULL,5,NULL,NULL,'6/20/15','6/20/15',NULL,'Done',0000000000000000000150,0000000000000000000000,NULL,NULL,'USED OF TENNIS COURT 4/5/2015',1,'2015-08-30 19:17:46',NULL),
	(198,331,346,NULL,5,NULL,NULL,'6/20/15','6/20/15',NULL,'Done',0000000000000000000225,0000000000000000000000,NULL,NULL,'USED OF TENNIS COURT 6/7/2015',1,'2015-08-30 19:17:46',NULL),
	(199,331,346,NULL,5,NULL,NULL,'6/20/15','6/20/15',NULL,'Done',0000000000000000000300,0000000000000000000000,NULL,NULL,'USED OF TENNIS COURT 6/13/2015',1,'2015-08-30 19:17:46',NULL),
	(200,331,346,NULL,5,NULL,NULL,'6/20/15','6/20/15',NULL,'Done',0000000000000000000225,0000000000000000000000,NULL,NULL,'USED OF TENNIS COURT 6/12/2015',1,'2015-08-30 19:17:46',NULL),
	(201,341,357,NULL,7,NULL,NULL,'12/20/14','12/20/14',NULL,'Done',0000000000000000000180,0000000000000000000000,NULL,NULL,'USE OF BASKETBALL COURT',1,'2015-08-30 19:17:48',NULL),
	(202,341,357,NULL,7,NULL,NULL,'12/20/14','12/20/14',NULL,'Done',0000000000000000000150,0000000000000000000000,NULL,NULL,'USED OF BASSKETBALL COURT 12/18/2014',1,'2015-08-30 19:17:49',NULL),
	(203,341,357,NULL,7,NULL,NULL,'3/20/15','3/20/15',NULL,'Done',0000000000000000000120,0000000000000000000000,NULL,NULL,'USED OF BASKETBALL COURT 12/12/2014',1,'2015-08-30 19:17:50',NULL),
	(204,341,357,NULL,7,NULL,NULL,'3/20/15','3/20/15',NULL,'Done',0000000000000000000240,0000000000000000000000,NULL,NULL,'USED OF BASKETBALL COURT 1/23/2015',1,'2015-08-30 19:17:50',NULL),
	(205,341,357,NULL,7,NULL,NULL,'3/20/15','3/20/15',NULL,'Done',0000000000000000000120,0000000000000000000000,NULL,NULL,'USED OF BASKETBALL COURT 2/9/2015',1,'2015-08-30 19:17:50',NULL),
	(206,341,357,NULL,7,NULL,NULL,'6/20/15','6/20/15',NULL,'Done',0000000000000000000240,0000000000000000000000,NULL,NULL,'USED OF BASSKETBALL COURT 4/24/2015',1,'2015-08-30 19:17:50',NULL),
	(207,341,357,NULL,7,NULL,NULL,'6/20/15','6/20/15',NULL,'Done',0000000000000000000240,0000000000000000000000,NULL,NULL,'USED OF BASSKETBALL COURT 4/11/2015',1,'2015-08-30 19:17:51',NULL),
	(208,342,358,NULL,5,NULL,NULL,'6/20/15','6/20/15',NULL,'Done',0000000000000000000300,0000000000000000000000,NULL,NULL,'USED OF TENNIS COURT 5/15/2015',1,'2015-08-30 19:17:51',NULL),
	(209,342,358,NULL,5,NULL,NULL,'6/20/15','6/20/15',NULL,'Done',0000000000000000000225,0000000000000000000000,NULL,NULL,'USED OF TENNIS COURT 5/31/2015',1,'2015-08-30 19:17:51',NULL),
	(210,345,361,NULL,7,NULL,NULL,'4/22/13','4/22/13',NULL,'Done',0000000000000000000120,0000000000000000000000,NULL,NULL,'Used of Basketball Court  03-04-2013',1,'2015-08-30 19:17:54',NULL),
	(211,345,361,NULL,7,NULL,NULL,'4/22/13','4/22/13',NULL,'Done',0000000000000000000120,0000000000000000000000,NULL,NULL,'Used of Basketball Court  03-18-2013',1,'2015-08-30 19:17:54',NULL),
	(212,345,361,NULL,7,NULL,NULL,'4/22/13','4/22/13',NULL,'Done',0000000000000000000240,0000000000000000000000,NULL,NULL,'Used of Basketball Court  04-02-2013',1,'2015-08-30 19:17:54',NULL),
	(213,345,361,NULL,7,NULL,NULL,'4/22/13','4/22/13',NULL,'Done',0000000000000000000240,0000000000000000000000,NULL,NULL,'Used of Basketball Court  04-09-2013',1,'2015-08-30 19:17:54',NULL),
	(214,345,361,NULL,7,NULL,NULL,'4/22/13','4/22/13',NULL,'Done',0000000000000000000120,0000000000000000000000,NULL,NULL,'Used of Basketball Court  04-12-2013',1,'2015-08-30 19:17:54',NULL),
	(215,345,361,NULL,7,NULL,NULL,'4/22/13','4/22/13',NULL,'Done',0000000000000000000120,0000000000000000000000,NULL,NULL,'Used of Basketball Court  04-20-2013',1,'2015-08-30 19:17:54',NULL),
	(216,345,361,NULL,7,NULL,NULL,'4/22/13','4/22/13',NULL,'Done',0000000000000000000240,0000000000000000000000,NULL,NULL,'Used of Basketball Court  04-25-2013',1,'2015-08-30 19:17:54',NULL),
	(217,357,377,NULL,10,NULL,NULL,'6/20/15','6/20/15',NULL,'Done',0000000000000000000250,0000000000000000000000,NULL,NULL,'USED OF SWIMMING POOL 4/27/2015',1,'2015-08-30 19:17:59',NULL),
	(218,359,379,NULL,5,NULL,NULL,'6/20/15','6/20/15',NULL,'Done',0000000000000000000100,0000000000000000000000,NULL,NULL,'USED OF TENNIS COURT 4/17/2015',1,'2015-08-30 19:18:00',NULL),
	(219,359,379,NULL,9,NULL,NULL,'6/20/15','6/20/15',NULL,'Done',0000000000000000000400,0000000000000000000000,NULL,NULL,'USED OF SWIMMING POOL 5/5/2015',1,'2015-08-30 19:18:00',NULL),
	(220,369,389,NULL,9,NULL,NULL,'6/20/15','6/20/15',NULL,'Done',0000000000000000000300,0000000000000000000000,NULL,NULL,'USED OF SWIMMING POOL 4/4/2015',1,'2015-08-30 19:18:05',NULL),
	(221,369,389,NULL,9,NULL,NULL,'4/21/14','4/21/14',NULL,'Done',0000000000000000000400,0000000000000000000000,NULL,NULL,'USED OF SWIMMING POOL 3/28/2014',1,'2015-08-30 19:18:05',NULL);

/*!40000 ALTER TABLE `amenities_request` ENABLE KEYS */;
UNLOCK TABLES;

DELIMITER ;;
/*!50003 SET SESSION SQL_MODE="" */;;
/*!50003 CREATE */ /*!50017 DEFINER=`cbotor`@`%` */ /*!50003 TRIGGER `amenities_request_update` AFTER UPDATE ON `amenities_request` FOR EACH ROW begin

declare typeid integer;
declare computed double;
declare check_count integer;
declare job_order_id integer;
declare userid integer;

if (new.status = 'Done') and (new.paid_amount = 0) then
   
   set typeid = (select job_order_type.id from job_order_type where lower(description) = 'amenity');
   
   set check_count = (select count(1) from job_orders where request_id = new.id and order_type_id = typeid);
   if (check_count = 0) then  
      insert into job_orders (order_type_id,request_id,created_at,user_id,status,house_id,price) values (typeid,new.id,now(),new.user_id,0,new.house_id,new.total_cost) ;
   end if;
   
elseif (new.status = 'Cancel') and (new.paid_amount = 0) then 
	  set typeid = (select job_order_type.id from job_order_type where lower(description) = 'amenity');
   
      set check_count = (select count(1) from job_orders where request_id = new.id and order_type_id = typeid);
	  if (check_count > 0) then
	     -- insert into temp (field,field_value) values ('request_id',new.id); 
	     -- insert into temp (field,field_value) values ('order_type_id', typeid);
	     -- insert into temp (field,field_value) values ('check_count',check_count);
	     select id into job_order_id from job_orders where request_id = new.id and order_type_id = typeid;
	     -- insert into temp (field,field_value) values ('job_order_id',job_order_id);
	     delete from ledger where ref_id = job_order_id; 
		 delete from job_orders where request_id = new.id and order_type_id = typeid;
	  end if;
	
     
else 

   set computed = new.total_cost - new.paid_amount;
   if (computed = 0) then
      update job_orders set status = 2 where request_id = new.id and order_type_id = 1;
   end if; 
	
	
end if;

end */;;
DELIMITER ;
/*!50003 SET SESSION SQL_MODE=@OLD_SQL_MODE */;


# Dump of table amenity
# ------------------------------------------------------------

DROP TABLE IF EXISTS `amenity`;

CREATE TABLE `amenity` (
  `id` int(11) NOT NULL AUTO_INCREMENT,
  `code` varchar(45) DEFAULT NULL,
  `status` varchar(1) DEFAULT 't',
  `show_list` varchar(1) DEFAULT 't',
  `description` varchar(45) DEFAULT NULL,
  `reg_value` double DEFAULT NULL,
  `uom` varchar(45) DEFAULT NULL,
  `max_regular` int(11) DEFAULT NULL,
  `excess_value` double DEFAULT NULL,
  `created_at` timestamp NULL DEFAULT NULL,
  `updated_at` timestamp NULL DEFAULT NULL,
  PRIMARY KEY (`id`),
  UNIQUE KEY `id_UNIQUE` (`id`),
  UNIQUE KEY `code_UNIQUE` (`code`)
) ENGINE=InnoDB DEFAULT CHARSET=latin1;

LOCK TABLES `amenity` WRITE;
/*!40000 ALTER TABLE `amenity` DISABLE KEYS */;

INSERT INTO `amenity` (`id`, `code`, `status`, `show_list`, `description`, `reg_value`, `uom`, `max_regular`, `excess_value`, `created_at`, `updated_at`)
VALUES
	(1,'mphac','t','t','Multi-Purpose Hall with AC',6000,'hr',5,360,'2013-07-25 14:02:10','2013-07-25 14:02:10'),
	(2,'mph','t','t','Multi-Purpose Hall without AC',4000,'hr',5,260,'2013-07-25 14:02:10','2013-07-25 14:02:10'),
	(3,'gbo','t','t','Gazebo',1800,'hr',5,260,'2013-07-25 14:02:10','2013-07-25 14:02:10'),
	(4,'chs','t','t','Club House',1800,'hr',5,260,'2013-07-25 14:02:10','2013-07-25 14:02:10'),
	(5,'tncl','t','t','Tennis Court with Light',150,'hr',1,0,'2014-03-11 15:20:32','2014-03-11 15:20:32'),
	(6,'tnc','t','t','Tennis Court without Light',60,'hr',1,0,'2013-07-25 14:02:10','2013-07-25 14:02:10'),
	(7,'bkcl','t','t','Basketball Court with Light',120,'hr',1,0,'2013-07-25 14:02:10','2013-07-25 14:02:10'),
	(8,'bkc','t','t','Basketball Court without Light',60,'hr',1,0,'2013-07-25 14:02:10','2013-07-25 14:02:10'),
	(9,'swpa','t','t','Swimming Pool - Adult',100,'pc',1,0,'2013-07-25 14:02:10','2013-07-25 14:02:10'),
	(10,'swpk','t','t','Swimming Pool - kids',50,'pc',1,0,'2014-03-11 19:18:26','2014-03-11 19:18:26'),
	(11,'sqt','t','t','Square Table',25,'pc',1,0,'2013-07-25 14:02:10','2013-07-25 14:02:10'),
	(12,'chr','t','t','Chairs',10,'pc',1,0,'2013-07-25 14:02:10','2013-07-25 14:02:10'),
	(13,'rdt8','t','t','Round Table - 8 Sitter',50,'pc',1,0,'2013-07-25 14:02:10','2013-07-25 14:02:10'),
	(14,'rdt10','t','t','Round Table - 10 Sitter',80,'pc',1,0,'2013-07-25 14:02:10','2013-07-25 14:02:10'),
	(15,'cthr','t','t','Cloth Red',25,'pc',1,0,'2013-07-25 14:02:10','2013-07-25 14:02:10'),
	(16,'cthw','t','t','Cloth White',50,'pc',1,0,'2013-07-25 14:02:10','2013-07-25 14:02:10');

/*!40000 ALTER TABLE `amenity` ENABLE KEYS */;
UNLOCK TABLES;


# Dump of table association_due
# ------------------------------------------------------------

DROP TABLE IF EXISTS `association_due`;

CREATE TABLE `association_due` (
  `id` int(11) NOT NULL AUTO_INCREMENT,
  `user_id` int(11) DEFAULT NULL,
  `house_id` int(11) DEFAULT NULL,
  `billing_month` varchar(45) DEFAULT NULL,
  `posted_date` varchar(45) DEFAULT NULL,
  `status` varchar(45) DEFAULT '''New''',
  `rate` double DEFAULT NULL,
  `remarks` varchar(255) DEFAULT NULL,
  `lot_area` double DEFAULT NULL,
  `amount` double DEFAULT '0',
  `paid_amount` double DEFAULT '0',
  `billed` int(11) DEFAULT '0',
  `created_at` timestamp NULL DEFAULT NULL,
  `updated_at` timestamp NULL DEFAULT NULL,
  PRIMARY KEY (`id`),
  KEY `house_id_idx` (`house_id`)
) ENGINE=InnoDB DEFAULT CHARSET=latin1;

LOCK TABLES `association_due` WRITE;
/*!40000 ALTER TABLE `association_due` DISABLE KEYS */;

INSERT INTO `association_due` (`id`, `user_id`, `house_id`, `billing_month`, `posted_date`, `status`, `rate`, `remarks`, `lot_area`, `amount`, `paid_amount`, `billed`, `created_at`, `updated_at`)
VALUES
	(1,2,1,'FromOldSystem','3/20/15','Done',NULL,'2ND QUARTER DUES 2015',NULL,29400,0,1,'2015-08-30 19:15:17',NULL),
	(2,2,1,'FromOldSystem','6/20/15','Done',NULL,'3RD QUARTER DUES 2015',NULL,29400,0,1,'2015-08-30 19:15:17',NULL),
	(3,6,3,'FromOldSystem','6/20/15','Done',NULL,'3RD QUARTER DUES 2015',NULL,19380,0,1,'2015-08-30 19:15:17',NULL),
	(4,10,8,'FromOldSystem','4/22/15','Done',NULL,'1ST QUARTER DUES 2015 BALANCE',NULL,10190.5,0,1,'2015-08-30 19:15:18',NULL),
	(5,10,8,'FromOldSystem','3/20/15','Done',NULL,'2ND QUARTER DUES 2015',NULL,14940,0,1,'2015-08-30 19:15:18',NULL),
	(6,10,8,'FromOldSystem','6/20/15','Done',NULL,'3RD QUARTER DUES 2015',NULL,14940,0,1,'2015-08-30 19:15:18',NULL),
	(7,12,10,'FromOldSystem','6/20/15','Done',NULL,'3RD QUARTER DUES 2015',NULL,15720,0,1,'2015-08-30 19:15:19',NULL),
	(8,14,12,'FromOldSystem','6/20/15','Done',NULL,'3RD QUARTER DUES 2015',NULL,24780,0,1,'2015-08-30 19:15:19',NULL),
	(9,15,13,'FromOldSystem','6/20/15','Done',NULL,'3RD QUARTER DUES 2015',NULL,17760,0,1,'2015-08-30 19:15:19',NULL),
	(10,16,14,'FromOldSystem','6/20/15','Done',NULL,'3RD QUARTER DUES 2015',NULL,17820,0,1,'2015-08-30 19:15:20',NULL),
	(11,19,17,'FromOldSystem','6/20/15','Done',NULL,'3RD QUARTER DUES 2015',NULL,16920,0,1,'2015-08-30 19:15:20',NULL),
	(12,21,19,'FromOldSystem','2/12/15','Done',NULL,'3RD QUARTER DUES 2014 BALANCE',NULL,35,0,1,'2015-08-30 19:15:20',NULL),
	(13,21,19,'FromOldSystem','10/1/14','Done',NULL,'4TH QUARTER DUES 2014',NULL,18900,0,1,'2015-08-30 19:15:21',NULL),
	(14,21,19,'FromOldSystem','12/20/14','Done',NULL,'1ST QUARTER DUES 2015',NULL,18900,0,1,'2015-08-30 19:15:21',NULL),
	(15,21,19,'FromOldSystem','3/20/15','Done',NULL,'2ND QUARTER DUES 2015',NULL,18900,0,1,'2015-08-30 19:15:21',NULL),
	(16,21,19,'FromOldSystem','6/20/15','Done',NULL,'3RD QUARTER DUES 2015',NULL,18900,0,1,'2015-08-30 19:15:21',NULL),
	(17,22,20,'FromOldSystem','6/20/15','Done',NULL,'3RD QUARTER DUES 2015',NULL,18900,0,1,'2015-08-30 19:15:21',NULL),
	(18,23,21,'FromOldSystem','5/26/15','Done',NULL,'1ST QUARTER DUES 2015',NULL,2920,0,1,'2015-08-30 19:15:22',NULL),
	(19,23,21,'FromOldSystem','6/20/15','Done',NULL,'3RD QUARTER DUES 2015',NULL,17520,0,1,'2015-08-30 19:15:22',NULL),
	(20,25,22,'FromOldSystem','11/15/13','Done',NULL,'2ND QUARTER DUES 2012 BALANCE',NULL,3231.58,0,1,'2015-08-30 19:15:23',NULL),
	(21,25,22,'FromOldSystem','11/18/13','Done',NULL,'3RD QUARTER DUES 2012 BALANCE',NULL,3666,0,1,'2015-08-30 19:15:23',NULL),
	(22,27,24,'FromOldSystem','5/16/15','Done',NULL,'1ST QUARTER DUES 2015 BALANCE',NULL,716,0,1,'2015-08-30 19:15:23',NULL),
	(23,27,24,'FromOldSystem','3/20/15','Done',NULL,'2ND QUARTER DUES 2015',NULL,18720,0,1,'2015-08-30 19:15:23',NULL),
	(24,27,24,'FromOldSystem','6/20/15','Done',NULL,'3RD QUARTER DUES 2015',NULL,18720,0,1,'2015-08-30 19:15:23',NULL),
	(25,29,26,'FromOldSystem','6/20/15','Done',NULL,'3RD QUARTER DUES 2015 BALANCE',NULL,13321.12,0,1,'2015-08-30 19:15:25',NULL),
	(26,36,33,'FromOldSystem','3/20/15','Done',NULL,'2ND QUARTER DUES 2015',NULL,16800,0,1,'2015-08-30 19:15:25',NULL),
	(27,36,33,'FromOldSystem','6/20/15','Done',NULL,'3RD QUARTER DUES 2015',NULL,16800,0,1,'2015-08-30 19:15:25',NULL),
	(28,38,34,'FromOldSystem','6/20/15','Done',NULL,'3RD QUARTER DUES 2015',NULL,18300,0,1,'2015-08-30 19:15:26',NULL),
	(29,39,35,'FromOldSystem','6/20/15','Done',NULL,'3RD QUARTER DUES 2015',NULL,19620,0,1,'2015-08-30 19:15:26',NULL),
	(30,40,36,'FromOldSystem','6/20/15','Done',NULL,'3RD QUARTER DUES 2015',NULL,18060,0,1,'2015-08-30 19:15:27',NULL),
	(31,42,38,'FromOldSystem','1/1/14','Done',NULL,'1ST QUARTER DUES 2014',NULL,15196.5,0,1,'2015-08-30 19:15:27',NULL),
	(32,42,38,'FromOldSystem','4/1/14','Done',NULL,'2ND QUARTER DUES 2014',NULL,15196.5,0,1,'2015-08-30 19:15:27',NULL),
	(33,42,38,'FromOldSystem','7/1/14','Done',NULL,'3RD QUARTER DUES 2014',NULL,15196.5,0,1,'2015-08-30 19:15:27',NULL),
	(34,42,38,'FromOldSystem','10/1/14','Done',NULL,'3RD QUARTER DUES 2014',NULL,3223.5,0,1,'2015-08-30 19:15:27',NULL),
	(35,42,38,'FromOldSystem','10/1/14','Done',NULL,'4TH QUARTER DUES 2014',NULL,18420,0,1,'2015-08-30 19:15:27',NULL),
	(36,42,38,'FromOldSystem','1/1/15','Done',NULL,'1ST QUARTER DUES 2015',NULL,18420,0,1,'2015-08-30 19:15:27',NULL),
	(37,42,38,'FromOldSystem','3/20/15','Done',NULL,'2ND QUARTER DUES 2015',NULL,18420,0,1,'2015-08-30 19:15:27',NULL),
	(38,42,38,'FromOldSystem','6/20/15','Done',NULL,'3RD QUARTER DUES 2015',NULL,18420,0,1,'2015-08-30 19:15:27',NULL),
	(39,44,41,'FromOldSystem','6/20/15','Done',NULL,'3RD QUARTER DUES 2015',NULL,21780,0,1,'2015-08-30 19:15:29',NULL),
	(40,46,43,'FromOldSystem','6/20/15','Done',NULL,'3RD QUARTER DUES 2015',NULL,24600,0,1,'2015-08-30 19:15:29',NULL),
	(41,49,46,'FromOldSystem','6/20/15','Done',NULL,'3RD QUARTER DUES 2015',NULL,17100,0,1,'2015-08-30 19:15:29',NULL),
	(42,51,48,'FromOldSystem','6/20/15','Done',NULL,'3RD QUARTER DUES 2015',NULL,16980,0,1,'2015-08-30 19:15:30',NULL),
	(43,53,49,'FromOldSystem','12/20/14','Done',NULL,'1ST QUARTER DUES 2015',NULL,3283.73,0,1,'2015-08-30 19:15:30',NULL),
	(44,53,49,'FromOldSystem','3/20/15','Done',NULL,'2ND QUARTER DUES 2015',NULL,18780,0,1,'2015-08-30 19:15:30',NULL),
	(45,53,49,'FromOldSystem','6/20/15','Done',NULL,'3RD QUARTER DUES 2015',NULL,18780,0,1,'2015-08-30 19:15:30',NULL),
	(46,57,53,'FromOldSystem','4/1/13','Done',NULL,'2ND QUARTER DUES 2013',NULL,14196,0,1,'2015-08-30 19:15:35',NULL),
	(47,57,53,'FromOldSystem','7/1/13','Done',NULL,'3rd QUARTER DUES 2013',NULL,14196,0,1,'2015-08-30 19:15:35',NULL),
	(48,57,53,'FromOldSystem','10/1/13','Done',NULL,'4th QUARTER DUES 2013',NULL,14196,0,1,'2015-08-30 19:15:35',NULL),
	(49,57,53,'FromOldSystem','1/1/14','Done',NULL,'1ST QUARTER DUES 2014',NULL,18018,0,1,'2015-08-30 19:15:35',NULL),
	(50,57,53,'FromOldSystem','4/1/14','Done',NULL,'2ND QUARTER DUES 2014',NULL,18018,0,1,'2015-08-30 19:15:35',NULL),
	(51,57,53,'FromOldSystem','7/1/14','Done',NULL,'3RD QUARTER DUES 2014',NULL,18018,0,1,'2015-08-30 19:15:35',NULL),
	(52,57,53,'FromOldSystem','10/1/14','Done',NULL,'3RD QUARTER DUES 2014',NULL,3822,0,1,'2015-08-30 19:15:35',NULL),
	(53,57,53,'FromOldSystem','10/1/14','Done',NULL,'4TH QUARTER DUES 2014',NULL,21840,0,1,'2015-08-30 19:15:36',NULL),
	(54,57,53,'FromOldSystem','1/1/15','Done',NULL,'1ST QUARTER DUES 2015',NULL,21840,0,1,'2015-08-30 19:15:36',NULL),
	(55,57,53,'FromOldSystem','3/20/15','Done',NULL,'2ND QUARTER DUES 2015',NULL,21840,0,1,'2015-08-30 19:15:36',NULL),
	(56,57,53,'FromOldSystem','6/20/15','Done',NULL,'3RD QUARTER DUES 2015',NULL,21840,0,1,'2015-08-30 19:15:36',NULL),
	(57,61,56,'FromOldSystem','6/20/15','Done',NULL,'3RD QUARTER DUES 2015',NULL,19140,0,1,'2015-08-30 19:15:36',NULL),
	(58,62,57,'FromOldSystem','1/1/15','Done',NULL,'2ND QUARTER DUES 2015',NULL,22740,0,1,'2015-08-30 19:15:36',NULL),
	(59,62,57,'FromOldSystem','3/20/15','Done',NULL,'3RD QUARTER DUES 2015',NULL,22740,0,1,'2015-08-30 19:15:36',NULL),
	(60,64,59,'FromOldSystem','6/20/15','Done',NULL,'3RD QUARTER DUES 2015',NULL,22920,0,1,'2015-08-30 19:15:37',NULL),
	(61,67,61,'FromOldSystem','6/20/15','Done',NULL,'3RD QUARTER DUES 2015',NULL,16860,0,1,'2015-08-30 19:15:40',NULL),
	(62,68,62,'FromOldSystem','6/20/15','Done',NULL,'3RD QUARTER DUES 2015',NULL,16860,0,1,'2015-08-30 19:15:40',NULL),
	(63,70,64,'FromOldSystem','6/20/15','Done',NULL,'3RD QUARTER DUES 2015',NULL,15960,0,1,'2015-08-30 19:15:40',NULL),
	(64,71,65,'FromOldSystem','3/4/15','Done',NULL,'4TH QUARTER DUES 2014 BALANCE',NULL,14471.69,0,1,'2015-08-30 19:15:40',NULL),
	(65,71,65,'FromOldSystem','1/1/15','Done',NULL,'1ST QUARTER DUES 2015',NULL,17820,0,1,'2015-08-30 19:15:40',NULL),
	(66,71,65,'FromOldSystem','3/20/15','Done',NULL,'2ND QUARTER DUES 2015',NULL,17820,0,1,'2015-08-30 19:15:40',NULL),
	(67,71,65,'FromOldSystem','6/20/15','Done',NULL,'3RD QUARTER DUES 2015',NULL,17820,0,1,'2015-08-30 19:15:40',NULL),
	(68,75,69,'FromOldSystem','6/20/15','Done',NULL,'3RD QUARTER DUES 2015',NULL,17520,0,1,'2015-08-30 19:15:42',NULL),
	(69,77,70,'FromOldSystem','6/20/15','Done',NULL,'3RD QUARTER DUES 2015',NULL,17473.5,0,1,'2015-08-30 19:15:43',NULL),
	(70,78,71,'FromOldSystem','3/20/15','Done',NULL,'2ND QUARTER DUES 2015',NULL,14580,0,1,'2015-08-30 19:15:45',NULL),
	(71,78,71,'FromOldSystem','6/20/15','Done',NULL,'3RD QUARTER DUES 2015',NULL,14580,0,1,'2015-08-30 19:15:45',NULL),
	(72,79,72,'FromOldSystem','1/1/14','Done',NULL,'Quarterly Assessment Dues 01/01/14-03/31/14',NULL,10741.5,0,1,'2015-08-30 19:15:46',NULL),
	(73,79,72,'FromOldSystem','4/1/14','Done',NULL,'Quarterly Assessment Dues 04/01/14-06/30/14',NULL,10741.5,0,1,'2015-08-30 19:15:46',NULL),
	(74,79,72,'FromOldSystem','7/1/14','Done',NULL,'Quarterly Assessment Dues 07/01/14-09/30/14',NULL,10741.5,0,1,'2015-08-30 19:15:46',NULL),
	(75,79,72,'FromOldSystem','10/1/14','Done',NULL,'Quarterly Assessment Dues 07/01/14-09/30/14  retro',NULL,2278.5,0,1,'2015-08-30 19:15:46',NULL),
	(76,79,72,'FromOldSystem','10/1/14','Done',NULL,'Quarterly Assessment Dues 10/01/14-12/31/14',NULL,13020,0,1,'2015-08-30 19:15:47',NULL),
	(77,79,72,'FromOldSystem','1/1/15','Done',NULL,'Quarterly Assessment Dues 1/01/15-3/31/15',NULL,13020,0,1,'2015-08-30 19:15:47',NULL),
	(78,79,72,'FromOldSystem','3/20/15','Done',NULL,'Quarterly Assessment Dues 4/01/14-6/30/15',NULL,13020,0,1,'2015-08-30 19:15:47',NULL),
	(79,79,72,'FromOldSystem','6/20/15','Done',NULL,'Quarterly Assessment Dues 7/01/15-9/30/15',NULL,13020,0,1,'2015-08-30 19:15:47',NULL),
	(80,80,73,'FromOldSystem','2/1/13','Done',NULL,'4TH QUARTER DUES 2012',NULL,1367.49,0,1,'2015-08-30 19:15:48',NULL),
	(81,80,73,'FromOldSystem','1/1/13','Done',NULL,'1ST QUARTER DUES 2013',NULL,11700,0,1,'2015-08-30 19:15:48',NULL),
	(82,80,73,'FromOldSystem','4/1/13','Done',NULL,'2ND QUARTER DUES 2013',NULL,7800,0,1,'2015-08-30 19:15:49',NULL),
	(83,80,73,'FromOldSystem','7/1/14','Done',NULL,'3RD QUARTER DUES 2014',NULL,2850,0,1,'2015-08-30 19:15:49',NULL),
	(84,80,73,'FromOldSystem','10/1/14','Done',NULL,'3RD QUARTER DUES 2014',NULL,3150,0,1,'2015-08-30 19:15:49',NULL),
	(85,80,73,'FromOldSystem','10/1/14','Done',NULL,'4TH QUARTER DUES 2014',NULL,18000,0,1,'2015-08-30 19:15:49',NULL),
	(86,80,73,'FromOldSystem','1/1/15','Done',NULL,'1ST QUARTER DUES 2015',NULL,18000,0,1,'2015-08-30 19:15:49',NULL),
	(87,80,73,'FromOldSystem','3/20/15','Done',NULL,'2ND QUARTER DUES 2015',NULL,18000,0,1,'2015-08-30 19:15:49',NULL),
	(88,80,73,'FromOldSystem','6/20/15','Done',NULL,'3RD QUARTER DUES 2015',NULL,18000,0,1,'2015-08-30 19:15:49',NULL),
	(89,85,77,'FromOldSystem','1/1/14','Done',NULL,'1ST QUARTER DUES 2014',NULL,9652.5,0,1,'2015-08-30 19:15:51',NULL),
	(90,85,77,'FromOldSystem','4/1/14','Done',NULL,'2ND QUARTER DUES 2014',NULL,9652.5,0,1,'2015-08-30 19:15:51',NULL),
	(91,85,77,'FromOldSystem','7/1/14','Done',NULL,'3RD QUARTER DUES 2014',NULL,9652.5,0,1,'2015-08-30 19:15:51',NULL),
	(92,85,77,'FromOldSystem','10/1/14','Done',NULL,'3RD QUARTER DUES 2014',NULL,2047.5,0,1,'2015-08-30 19:15:51',NULL),
	(93,85,77,'FromOldSystem','10/1/14','Done',NULL,'4TH QUARTER DUES 2014',NULL,11700,0,1,'2015-08-30 19:15:51',NULL),
	(94,85,77,'FromOldSystem','1/1/15','Done',NULL,'1ST QUARTER DUES 2015',NULL,11700,0,1,'2015-08-30 19:15:51',NULL),
	(95,85,77,'FromOldSystem','3/20/15','Done',NULL,'2ND QUARTER DUES 2015',NULL,11700,0,1,'2015-08-30 19:15:52',NULL),
	(96,85,77,'FromOldSystem','6/20/15','Done',NULL,'3RD QUARTER DUES 2015',NULL,11700,0,1,'2015-08-30 19:15:52',NULL),
	(97,82,74,'FromOldSystem','4/1/14','Done',NULL,'1ST QUARTER DUES 2014 BALANCE',NULL,7291.68,0,1,'2015-08-30 19:15:53',NULL),
	(98,82,74,'FromOldSystem','4/1/14','Done',NULL,'2ND QUARTER DUES 2014',NULL,10840.5,0,1,'2015-08-30 19:15:53',NULL),
	(99,82,74,'FromOldSystem','7/1/14','Done',NULL,'3RD QUARTER DUES 2014',NULL,10840.5,0,1,'2015-08-30 19:15:53',NULL),
	(100,82,74,'FromOldSystem','10/1/14','Done',NULL,'3RD QUARTER DUES 2014',NULL,2299.5,0,1,'2015-08-30 19:15:53',NULL),
	(101,82,74,'FromOldSystem','10/1/14','Done',NULL,'4TH QUARTER DUES 2014',NULL,13140,0,1,'2015-08-30 19:15:53',NULL),
	(102,82,74,'FromOldSystem','1/1/15','Done',NULL,'1ST QUARTER DUES 2015',NULL,13140,0,1,'2015-08-30 19:15:53',NULL),
	(103,82,74,'FromOldSystem','3/20/15','Done',NULL,'2ND QUARTER DUES 2015',NULL,13140,0,1,'2015-08-30 19:15:54',NULL),
	(104,82,74,'FromOldSystem','6/20/15','Done',NULL,'3RD QUARTER DUES 2015',NULL,13140,0,1,'2015-08-30 19:15:54',NULL),
	(105,83,75,'FromOldSystem','10/1/14','Done',NULL,'3RD QUARTER DUES 2014',NULL,3706.5,0,1,'2015-08-30 19:15:57',NULL),
	(106,83,75,'FromOldSystem','10/1/14','Done',NULL,'4TH QUARTER DUES 2014',NULL,3706.5,0,1,'2015-08-30 19:15:57',NULL),
	(107,83,75,'FromOldSystem','1/1/15','Done',NULL,'1ST QUARTER DUES 2015',NULL,21180,0,1,'2015-08-30 19:15:57',NULL),
	(108,83,75,'FromOldSystem','3/20/15','Done',NULL,'2ND QUARTER DUES 2015',NULL,21180,0,1,'2015-08-30 19:15:57',NULL),
	(109,83,75,'FromOldSystem','6/20/15','Done',NULL,'3RD QUARTER DUES 2015',NULL,21180,0,1,'2015-08-30 19:15:57',NULL),
	(110,89,81,'FromOldSystem','3/20/15','Done',NULL,'2ND QUARTER DUES 2015',NULL,20760,0,1,'2015-08-30 19:16:05',NULL),
	(111,89,81,'FromOldSystem','6/20/15','Done',NULL,'3RD QUARTER DUES 2015',NULL,20760,0,1,'2015-08-30 19:16:05',NULL),
	(112,90,82,'FromOldSystem','3/20/15','Done',NULL,'2ND QUARTER DUES 2015',NULL,22740,0,1,'2015-08-30 19:16:06',NULL),
	(113,90,82,'FromOldSystem','6/20/15','Done',NULL,'3RD QUARTER DUES 2015',NULL,22740,0,1,'2015-08-30 19:16:06',NULL),
	(114,94,85,'FromOldSystem','1/20/12','Done',NULL,'1ST QTR. 2012 DU',NULL,11388,0,1,'2015-08-30 19:16:06',NULL),
	(115,94,85,'FromOldSystem','4/1/12','Done',NULL,'2ND QTR. 2012 DUES',NULL,11388,0,1,'2015-08-30 19:16:06',NULL),
	(116,94,85,'FromOldSystem','7/1/12','Done',NULL,'3RD QTR. 2012 DU',NULL,11388,0,1,'2015-08-30 19:16:06',NULL),
	(117,94,85,'FromOldSystem','10/1/12','Done',NULL,'4TH QTR. 2012 DU',NULL,11388,0,1,'2015-08-30 19:16:06',NULL),
	(118,94,85,'FromOldSystem','1/1/13','Done',NULL,'1ST QTR. 2013 DU',NULL,11388,0,1,'2015-08-30 19:16:06',NULL),
	(119,94,85,'FromOldSystem','4/1/13','Done',NULL,'2ND QTR. 2013 DU',NULL,11388,0,1,'2015-08-30 19:16:06',NULL),
	(120,94,85,'FromOldSystem','7/1/13','Done',NULL,'3RD QUARTER DUES',NULL,11388,0,1,'2015-08-30 19:16:06',NULL),
	(121,94,85,'FromOldSystem','10/1/13','Done',NULL,'4TH QUARTER DUES',NULL,11388,0,1,'2015-08-30 19:16:07',NULL),
	(122,94,85,'FromOldSystem','1/1/15','Done',NULL,'1ST QUARTER DUES 2015',NULL,17520,0,1,'2015-08-30 19:16:07',NULL),
	(123,94,85,'FromOldSystem','3/20/15','Done',NULL,'2ND QUARTER DUES 2015',NULL,17520,0,1,'2015-08-30 19:16:07',NULL),
	(124,94,85,'FromOldSystem','6/20/15','Done',NULL,'3RD QUARTER DUES 2015',NULL,17520,0,1,'2015-08-30 19:16:07',NULL),
	(125,96,87,'FromOldSystem','3/20/15','Done',NULL,'2ND QUARTER DUES 2015',NULL,17039.96,0,1,'2015-08-30 19:16:09',NULL),
	(126,96,87,'FromOldSystem','6/20/15','Done',NULL,'3RD QUARTER DUES 2015',NULL,17040,0,1,'2015-08-30 19:16:09',NULL),
	(127,100,91,'FromOldSystem','12/2/13','Done',NULL,'4TH QUARTER DUES 2012 BALANCE',NULL,3159,0,1,'2015-08-30 19:16:10',NULL),
	(128,100,91,'FromOldSystem','4/1/14','Done',NULL,'1ST QUARTER DUES 2014',NULL,12028.5,0,1,'2015-08-30 19:16:10',NULL),
	(129,100,91,'FromOldSystem','1/1/14','Done',NULL,'2ND QUARTER DUES 2014',NULL,12028.5,0,1,'2015-08-30 19:16:10',NULL),
	(130,100,91,'FromOldSystem','7/1/14','Done',NULL,'3RD QUARTER DUES 2014',NULL,12028.5,0,1,'2015-08-30 19:16:10',NULL),
	(131,100,91,'FromOldSystem','10/1/14','Done',NULL,'3RD QUARTER DUES 2014',NULL,2551.5,0,1,'2015-08-30 19:16:10',NULL),
	(132,100,91,'FromOldSystem','10/1/14','Done',NULL,'4TH QUARTER DUES 2014',NULL,14580,0,1,'2015-08-30 19:16:10',NULL),
	(133,100,91,'FromOldSystem','1/1/15','Done',NULL,'1ST QUARTER DUES 2015',NULL,14580,0,1,'2015-08-30 19:16:10',NULL),
	(134,100,91,'FromOldSystem','3/20/15','Done',NULL,'2ND QUARTER DUES 2015',NULL,14580,0,1,'2015-08-30 19:16:10',NULL),
	(135,100,91,'FromOldSystem','6/20/15','Done',NULL,'3RD QUARTER DUES 2015',NULL,14580,0,1,'2015-08-30 19:16:10',NULL),
	(136,106,97,'FromOldSystem','6/20/15','Done',NULL,'3RD QUARTER DUES 2015',NULL,13920,0,1,'2015-08-30 19:16:12',NULL),
	(137,111,102,'FromOldSystem','4/24/15','Done',NULL,'1ST QUARTER DUES 2015 BALANCE',NULL,7975.5,0,1,'2015-08-30 19:16:13',NULL),
	(138,111,102,'FromOldSystem','3/20/15','Done',NULL,'2ND QUARTER DUES 2015',NULL,17460,0,1,'2015-08-30 19:16:13',NULL),
	(139,111,102,'FromOldSystem','6/20/15','Done',NULL,'3RD QUARTER DUES 2015',NULL,17460,0,1,'2015-08-30 19:16:13',NULL),
	(140,115,107,'FromOldSystem','6/20/15','Done',NULL,'3RD QUARTER DUES 2015',NULL,15960,0,1,'2015-08-30 19:16:13',NULL),
	(141,117,108,'FromOldSystem','6/20/15','Done',NULL,'3RD QUARTER DUES 2015',NULL,17520,0,1,'2015-08-30 19:16:14',NULL),
	(142,118,109,'FromOldSystem','6/20/15','Done',NULL,'3RD QUARTER DUES 2015',NULL,21060,0,1,'2015-08-30 19:16:14',NULL),
	(143,123,117,'FromOldSystem','1/1/14','Done',NULL,'1ST QUARTER DUES 2014',NULL,9652.5,0,1,'2015-08-30 19:16:14',NULL),
	(144,123,117,'FromOldSystem','4/1/14','Done',NULL,'2ND QUARTER DUES 2014',NULL,9652.5,0,1,'2015-08-30 19:16:14',NULL),
	(145,123,117,'FromOldSystem','7/1/14','Done',NULL,'3RD QUARTER DUES 2014',NULL,9652.5,0,1,'2015-08-30 19:16:14',NULL),
	(146,123,117,'FromOldSystem','10/1/14','Done',NULL,'3RD QUARTER DUES 2014',NULL,2047.5,0,1,'2015-08-30 19:16:14',NULL),
	(147,123,117,'FromOldSystem','10/1/14','Done',NULL,'4TH QUARTER DUES 2014',NULL,11700,0,1,'2015-08-30 19:16:14',NULL),
	(148,123,117,'FromOldSystem','1/1/15','Done',NULL,'1ST QUARTER DUES 2015',NULL,11700,0,1,'2015-08-30 19:16:14',NULL),
	(149,123,117,'FromOldSystem','3/20/15','Done',NULL,'2ND QUARTER DUES 2015',NULL,11700,0,1,'2015-08-30 19:16:14',NULL),
	(150,123,117,'FromOldSystem','6/20/15','Done',NULL,'3RD QUARTER DUES 2015',NULL,11700,0,1,'2015-08-30 19:16:14',NULL),
	(151,124,118,'FromOldSystem','6/20/15','Done',NULL,'3RD QUARTER DUES 2015 BALANCE',NULL,7799.92,0,1,'2015-08-30 19:16:17',NULL),
	(152,125,119,'FromOldSystem','6/20/15','Done',NULL,'3RD QUARTER DUES 2015',NULL,19260,0,1,'2015-08-30 19:16:17',NULL),
	(153,126,120,'FromOldSystem','6/20/15','Done',NULL,'3RD QUARTER DUES 2015 BALANCE',NULL,8840,0,1,'2015-08-30 19:16:18',NULL),
	(154,128,122,'FromOldSystem','6/20/15','Done',NULL,'3RD QUARTER DUES 2015 BALANCE',NULL,14580,0,1,'2015-08-30 19:16:18',NULL),
	(155,129,124,'FromOldSystem','6/20/15','Done',NULL,'3RD QUARTER DUES 2015 BALANCE',NULL,21600,0,1,'2015-08-30 19:16:18',NULL),
	(156,131,125,'FromOldSystem','6/20/15','Done',NULL,'3RD QUARTER DUES 2015 BALANCE',NULL,13560,0,1,'2015-08-30 19:16:19',NULL),
	(157,132,126,'FromOldSystem','6/20/15','Done',NULL,'3RD QUARTER DUES 2015 BALANCE',NULL,13500,0,1,'2015-08-30 19:16:20',NULL),
	(158,134,128,'FromOldSystem','2/3/15','Done',NULL,'1ST QUARTER DUES 2015 BALANCE',NULL,8179,0,1,'2015-08-30 19:16:28',NULL),
	(159,134,128,'FromOldSystem','6/20/15','Done',NULL,'3RD QUARTER DUES 2015 BALANCE',NULL,12760,0,1,'2015-08-30 19:16:28',NULL),
	(160,135,129,'FromOldSystem','6/20/15','Done',NULL,'3RD QUARTER DUES 2015',NULL,26580,0,1,'2015-08-30 19:16:28',NULL),
	(161,136,130,'FromOldSystem','6/20/15','Done',NULL,'3RD QUARTER DUES 2015',NULL,22740,0,1,'2015-08-30 19:16:29',NULL),
	(162,138,131,'FromOldSystem','6/20/15','Done',NULL,'3RD QUARTER DUES 2015',NULL,21540,0,1,'2015-08-30 19:16:29',NULL),
	(163,139,132,'FromOldSystem','6/20/15','Done',NULL,'3RD QUARTER DUES 2015',NULL,21600,0,1,'2015-08-30 19:16:29',NULL),
	(164,140,133,'FromOldSystem','3/20/15','Done',NULL,'2ND QUARTER DUES 2015 BALANCE',NULL,16340,0,1,'2015-08-30 19:16:29',NULL),
	(165,140,133,'FromOldSystem','6/20/15','Done',NULL,'3RD QUARTER DUES 2015',NULL,16740,0,1,'2015-08-30 19:16:29',NULL),
	(166,141,134,'FromOldSystem','3/20/15','Done',NULL,'2ND QUARTER DUES 2015',NULL,18840,0,1,'2015-08-30 19:16:30',NULL),
	(167,141,134,'FromOldSystem','6/20/15','Done',NULL,'3RD QUARTER DUES 2015',NULL,18840,0,1,'2015-08-30 19:16:30',NULL),
	(168,143,136,'FromOldSystem','6/20/15','Done',NULL,'3RD QUARTER DUES 2015',NULL,17280,0,1,'2015-08-30 19:16:31',NULL),
	(169,145,138,'FromOldSystem','6/20/15','Done',NULL,'3RD QUARTER DUES 2015',NULL,20280,0,1,'2015-08-30 19:16:31',NULL),
	(170,146,139,'FromOldSystem','6/20/15','Done',NULL,'3RD QUARTER DUES 2015',NULL,19380,0,1,'2015-08-30 19:16:31',NULL),
	(171,149,142,'FromOldSystem','6/20/15','Done',NULL,'3RD QUARTER DUES 2015 BALANCE',NULL,9440,0,1,'2015-08-30 19:16:32',NULL),
	(172,151,145,'FromOldSystem','6/20/15','Done',NULL,'3RD QUARTER DUES 2015 BALANCE',NULL,14220,0,1,'2015-08-30 19:16:33',NULL),
	(173,153,147,'FromOldSystem','1/1/15','Done',NULL,'2ND QUARTER DUES 2015',NULL,20160,0,1,'2015-08-30 19:16:33',NULL),
	(174,153,147,'FromOldSystem','6/20/15','Done',NULL,'3RD QUARTER DUES 2015',NULL,20160,0,1,'2015-08-30 19:16:33',NULL),
	(175,154,148,'FromOldSystem','10/19/11','Done',NULL,'Annual Maintenance Fund 4th Quarter',NULL,2500,0,1,'2015-08-30 19:16:34',NULL),
	(176,154,148,'FromOldSystem','1/1/11','Done',NULL,'Annual Maintenance Fund - 1st Quarter',NULL,2500,0,1,'2015-08-30 19:16:34',NULL),
	(177,154,148,'FromOldSystem','1/1/11','Done',NULL,'Annual Maintenance Fund - 2nd Quarter',NULL,2500,0,1,'2015-08-30 19:16:35',NULL),
	(178,154,148,'FromOldSystem','6/20/15','Done',NULL,'3RD QUARTER DUES 2015',NULL,19140,0,1,'2015-08-30 19:16:35',NULL),
	(179,156,150,'FromOldSystem','6/20/15','Done',NULL,'3RD QUARTER DUES 2015 BALANCE',NULL,10500,0,1,'2015-08-30 19:16:35',NULL),
	(180,162,154,'FromOldSystem','3/20/15','Done',NULL,'2ND QUARTER DUES 2015',NULL,24120,0,1,'2015-08-30 19:16:38',NULL),
	(181,162,154,'FromOldSystem','6/20/15','Done',NULL,'3RD QUARTER DUES 2015',NULL,24120,0,1,'2015-08-30 19:16:38',NULL),
	(182,165,157,'FromOldSystem','6/20/15','Done',NULL,'3RD QUARTER DUES 2015',NULL,19140,0,1,'2015-08-30 19:16:38',NULL),
	(183,166,158,'FromOldSystem','6/20/15','Done',NULL,'3RD QUARTER DUES 2015',NULL,19680,0,1,'2015-08-30 19:16:39',NULL),
	(184,167,159,'FromOldSystem','4/17/15','Done',NULL,'2ND QUARTER DUES 2015 BALANCE',NULL,11500,0,1,'2015-08-30 19:16:39',NULL),
	(185,167,159,'FromOldSystem','6/20/15','Done',NULL,'3RD QUARTER DUES 2015',NULL,17880,0,1,'2015-08-30 19:16:39',NULL),
	(186,170,163,'FromOldSystem','1/1/13','Done',NULL,'1ST QUARTER DUES 2013',NULL,14040,0,1,'2015-08-30 19:16:39',NULL),
	(187,170,163,'FromOldSystem','4/1/13','Done',NULL,'2ND QUARTER DUES 2013',NULL,14040,0,1,'2015-08-30 19:16:39',NULL),
	(188,170,163,'FromOldSystem','7/1/13','Done',NULL,'3RD QUARTER DUES 2013',NULL,14040,0,1,'2015-08-30 19:16:39',NULL),
	(189,170,163,'FromOldSystem','10/1/13','Done',NULL,'4TH QUARTER DUES 2013',NULL,14040,0,1,'2015-08-30 19:16:39',NULL),
	(190,170,163,'FromOldSystem','1/1/14','Done',NULL,'1ST QUARTER DUES 2014',NULL,17820,0,1,'2015-08-30 19:16:40',NULL),
	(191,170,163,'FromOldSystem','4/1/14','Done',NULL,'2ND QUARTER DUES 2014',NULL,17820,0,1,'2015-08-30 19:16:40',NULL),
	(192,170,163,'FromOldSystem','7/1/14','Done',NULL,'3RD QUARTER DUES 2014',NULL,17820,0,1,'2015-08-30 19:16:40',NULL),
	(193,170,163,'FromOldSystem','10/1/14','Done',NULL,'3RD QUARTER DUES 2014',NULL,3780,0,1,'2015-08-30 19:16:40',NULL),
	(194,170,163,'FromOldSystem','10/1/14','Done',NULL,'4TH QUARTER DUES 2014',NULL,21600,0,1,'2015-08-30 19:16:40',NULL),
	(195,170,163,'FromOldSystem','1/1/15','Done',NULL,'1ST QUARTER DUES 2015',NULL,21600,0,1,'2015-08-30 19:16:40',NULL),
	(196,170,163,'FromOldSystem','3/20/15','Done',NULL,'2ND QUARTER DUES 2015',NULL,21600,0,1,'2015-08-30 19:16:40',NULL),
	(197,170,163,'FromOldSystem','6/20/15','Done',NULL,'3RD QUARTER DUES 2015',NULL,21600,0,1,'2015-08-30 19:16:40',NULL),
	(198,171,164,'FromOldSystem','6/20/15','Done',NULL,'3RD QUARTER DUES 2015',NULL,14820,0,1,'2015-08-30 19:16:40',NULL),
	(199,172,165,'FromOldSystem','6/20/15','Done',NULL,'3RD QUARTER DUES 2015',NULL,20460,0,1,'2015-08-30 19:16:41',NULL),
	(200,174,167,'FromOldSystem','5/15/15','Done',NULL,'1ST QUARTER DUES 2015 BALANCE',NULL,14122.46,0,1,'2015-08-30 19:16:41',NULL),
	(201,174,167,'FromOldSystem','3/20/15','Done',NULL,'2ND QUARTER DUES 2015',NULL,14760,0,1,'2015-08-30 19:16:41',NULL),
	(202,174,167,'FromOldSystem','6/20/15','Done',NULL,'3RD QUARTER DUES 2015',NULL,14760,0,1,'2015-08-30 19:16:41',NULL),
	(203,175,168,'FromOldSystem','6/20/15','Done',NULL,'3RD QUARTER DUES 2015',NULL,20880,0,1,'2015-08-30 19:16:41',NULL),
	(204,176,169,'FromOldSystem','3/20/15','Done',NULL,'2ND QUARTER DUES 2015',NULL,25200,0,1,'2015-08-30 19:16:41',NULL),
	(205,176,169,'FromOldSystem','6/20/15','Done',NULL,'3RD QUARTER DUES 2015',NULL,25200,0,1,'2015-08-30 19:16:41',NULL),
	(206,177,172,'FromOldSystem','10/1/14','Done',NULL,'4TH QUARTER DUES 2014',NULL,373.6,0,1,'2015-08-30 19:16:41',NULL),
	(207,177,172,'FromOldSystem','1/1/15','Done',NULL,'1ST QUARTER DUES 2015',NULL,18660,0,1,'2015-08-30 19:16:41',NULL),
	(208,177,172,'FromOldSystem','3/20/15','Done',NULL,'2ND QUARTER DUES 2015',NULL,18660,0,1,'2015-08-30 19:16:42',NULL),
	(209,177,172,'FromOldSystem','6/20/15','Done',NULL,'3RD QUARTER DUES 2015',NULL,18660,0,1,'2015-08-30 19:16:42',NULL),
	(210,179,173,'FromOldSystem','6/20/15','Done',NULL,'3RD QUARTER DUES 2015',NULL,21240,0,1,'2015-08-30 19:16:42',NULL),
	(211,181,175,'FromOldSystem','7/1/14','Done',NULL,'3RD QUARTER DUES 2014',NULL,11284.15,0,1,'2015-08-30 19:16:43',NULL),
	(212,181,175,'FromOldSystem','10/1/14','Done',NULL,'3RD QUARTER DUES 2014',NULL,3769.5,0,1,'2015-08-30 19:16:43',NULL),
	(213,181,175,'FromOldSystem','10/1/14','Done',NULL,'4TH QUARTER DUES 2014',NULL,21540,0,1,'2015-08-30 19:16:43',NULL),
	(214,181,175,'FromOldSystem','1/1/15','Done',NULL,'1ST QUARTER DUES 2015',NULL,21540,0,1,'2015-08-30 19:16:43',NULL),
	(215,181,175,'FromOldSystem','3/20/15','Done',NULL,'2ND QUARTER DUES 2015',NULL,21540,0,1,'2015-08-30 19:16:43',NULL),
	(216,181,175,'FromOldSystem','6/20/15','Done',NULL,'3RD QUARTER DUES 2015',NULL,21540,0,1,'2015-08-30 19:16:43',NULL),
	(217,182,176,'FromOldSystem','10/1/14','Done',NULL,'4TH QUARTER DUES 2014 BALANCE',NULL,5082,0,1,'2015-08-30 19:16:44',NULL),
	(218,182,176,'FromOldSystem','1/1/15','Done',NULL,'1ST QUARTER DUES 2015',NULL,14520,0,1,'2015-08-30 19:16:44',NULL),
	(219,182,176,'FromOldSystem','6/20/15','Done',NULL,'3RD QUARTER DUES 2015',NULL,14520,0,1,'2015-08-30 19:16:44',NULL),
	(220,183,177,'FromOldSystem','3/20/15','Done',NULL,'2ND QUARTER DUES 2015',NULL,13560,0,1,'2015-08-30 19:16:54',NULL),
	(221,183,177,'FromOldSystem','6/20/15','Done',NULL,'3RD QUARTER DUES 2015',NULL,13560,0,1,'2015-08-30 19:16:54',NULL),
	(222,184,178,'FromOldSystem','1/1/15','Done',NULL,'1ST QUARTER DUES 2015',NULL,13920,0,1,'2015-08-30 19:16:54',NULL),
	(223,184,178,'FromOldSystem','3/20/15','Done',NULL,'2ND QUARTER DUES 2015',NULL,13920,0,1,'2015-08-30 19:16:54',NULL),
	(224,184,178,'FromOldSystem','6/20/15','Done',NULL,'3RD QUARTER DUES 2015',NULL,13920,0,1,'2015-08-30 19:16:55',NULL),
	(225,189,182,'FromOldSystem','6/20/15','Done',NULL,'3RD QUARTER DUES 2015 BALANCE',NULL,13960,0,1,'2015-08-30 19:16:56',NULL),
	(226,42,39,'FromOldSystem','7/1/14','Done',NULL,'3RD QUARTER DUES 2014 BALANCE',NULL,11975,0,1,'2015-08-30 19:16:56',NULL),
	(227,42,39,'FromOldSystem','10/1/14','Done',NULL,'3RD QUARTER DUES 2014',NULL,3675,0,1,'2015-08-30 19:16:56',NULL),
	(228,42,39,'FromOldSystem','10/1/14','Done',NULL,'4TH QUARTER DUES 2014',NULL,21000,0,1,'2015-08-30 19:16:56',NULL),
	(229,42,39,'FromOldSystem','1/1/15','Done',NULL,'1ST QUARTER DUES 2015',NULL,21000,0,1,'2015-08-30 19:16:56',NULL),
	(230,42,39,'FromOldSystem','3/20/15','Done',NULL,'2ND QUARTER DUES 2015',NULL,21000,0,1,'2015-08-30 19:16:56',NULL),
	(231,42,39,'FromOldSystem','6/20/15','Done',NULL,'3RD QUARTER DUES 2015',NULL,21000,0,1,'2015-08-30 19:16:56',NULL),
	(232,191,184,'FromOldSystem','1/1/15','Done',NULL,'1ST QUARTER DUES 2015',NULL,14340,0,1,'2015-08-30 19:16:57',NULL),
	(233,191,184,'FromOldSystem','3/20/15','Done',NULL,'2ND QUARTER DUES 2015',NULL,14340,0,1,'2015-08-30 19:16:57',NULL),
	(234,191,184,'FromOldSystem','6/20/15','Done',NULL,'3RD QUARTER DUES 2015',NULL,14340,0,1,'2015-08-30 19:16:57',NULL),
	(235,194,187,'FromOldSystem','6/20/15','Done',NULL,'3RD QUARTER DUES 2015',NULL,14640,0,1,'2015-08-30 19:16:58',NULL),
	(236,196,188,'FromOldSystem','1/1/11','Done',NULL,'Annual Maintenance Fund - 2nd Quarter',NULL,2500,0,1,'2015-08-30 19:16:59',NULL),
	(237,196,188,'FromOldSystem','4/1/11','Done',NULL,'Quarterly Assessment Dues 04/01/2011-06/30/2011',NULL,11193,0,1,'2015-08-30 19:16:59',NULL),
	(238,196,188,'FromOldSystem','10/1/14','Done',NULL,'4TH QUARTER DUES 2014 BALANCE',NULL,4145.77,0,1,'2015-08-30 19:16:59',NULL),
	(239,196,188,'FromOldSystem','1/1/15','Done',NULL,'1ST QUARTER DUES 2015',NULL,17220,0,1,'2015-08-30 19:16:59',NULL),
	(240,196,188,'FromOldSystem','3/20/15','Done',NULL,'2ND QUARTER DUES 2015',NULL,17220,0,1,'2015-08-30 19:17:00',NULL),
	(241,196,188,'FromOldSystem','6/20/15','Done',NULL,'3RD QUARTER DUES 2015',NULL,17220,0,1,'2015-08-30 19:17:00',NULL),
	(242,198,191,'FromOldSystem','1/1/15','Done',NULL,'1ST QUARTER DUES 2015',NULL,13560,0,1,'2015-08-30 19:17:00',NULL),
	(243,198,191,'FromOldSystem','3/20/15','Done',NULL,'2ND QUARTER DUES 2015',NULL,13560,0,1,'2015-08-30 19:17:00',NULL),
	(244,198,191,'FromOldSystem','6/20/15','Done',NULL,'3RD QUARTER DUES 2015',NULL,13560,0,1,'2015-08-30 19:17:00',NULL),
	(245,201,194,'FromOldSystem','10/1/14','Done',NULL,'3RD QUARTER DUES 2014 BALANCE',NULL,1055.93,0,1,'2015-08-30 19:17:01',NULL),
	(246,201,194,'FromOldSystem','10/1/14','Done',NULL,'4TH QUARTER DUES 2014',NULL,14100,0,1,'2015-08-30 19:17:01',NULL),
	(247,201,194,'FromOldSystem','1/1/15','Done',NULL,'1ST QUARTER DUES 2015',NULL,14100,0,1,'2015-08-30 19:17:01',NULL),
	(248,201,194,'FromOldSystem','3/20/15','Done',NULL,'2ND QUARTER DUES 2015',NULL,14100,0,1,'2015-08-30 19:17:01',NULL),
	(249,201,194,'FromOldSystem','6/20/15','Done',NULL,'3RD QUARTER DUES 2015',NULL,14100,0,1,'2015-08-30 19:17:02',NULL),
	(250,202,195,'FromOldSystem','6/20/15','Done',NULL,'3RD QUARTER DUES 2015',NULL,13200,0,1,'2015-08-30 19:17:02',NULL),
	(251,210,205,'FromOldSystem','1/1/15','Done',NULL,'1ST QUARTER DUES 2015',NULL,13320,0,1,'2015-08-30 19:17:02',NULL),
	(252,210,205,'FromOldSystem','3/20/15','Done',NULL,'2ND QUARTER DUES 2015',NULL,13320,0,1,'2015-08-30 19:17:02',NULL),
	(253,210,205,'FromOldSystem','6/20/15','Done',NULL,'3RD QUARTER DUES 2015',NULL,13320,0,1,'2015-08-30 19:17:02',NULL),
	(254,211,206,'FromOldSystem','1/1/15','Done',NULL,'1ST QUARTER DUES 2015',NULL,13500,0,1,'2015-08-30 19:17:02',NULL),
	(255,211,206,'FromOldSystem','3/20/15','Done',NULL,'2ND QUARTER DUES 2015',NULL,13560,0,1,'2015-08-30 19:17:02',NULL),
	(256,211,206,'FromOldSystem','6/20/15','Done',NULL,'3RD QUARTER DUES 2015',NULL,13560,0,1,'2015-08-30 19:17:02',NULL),
	(257,216,211,'FromOldSystem','6/20/15','Done',NULL,'3RD QUARTER DUES 2015',NULL,14280,0,1,'2015-08-30 19:17:03',NULL),
	(258,218,213,'FromOldSystem','1/1/15','Done',NULL,'1ST QUARTER DUES 2015',NULL,13920,0,1,'2015-08-30 19:17:04',NULL),
	(259,218,213,'FromOldSystem','3/20/15','Done',NULL,'2ND QUARTER DUES 2015',NULL,13920,0,1,'2015-08-30 19:17:05',NULL),
	(260,218,213,'FromOldSystem','6/20/15','Done',NULL,'3RD QUARTER DUES 2015',NULL,13920,0,1,'2015-08-30 19:17:05',NULL),
	(261,218,214,'FromOldSystem','1/1/15','Done',NULL,'1ST QUARTER DUES 2015',NULL,13500,0,1,'2015-08-30 19:17:05',NULL),
	(262,218,214,'FromOldSystem','3/20/15','Done',NULL,'2ND QUARTER DUES 2015',NULL,13500,0,1,'2015-08-30 19:17:05',NULL),
	(263,218,214,'FromOldSystem','6/20/15','Done',NULL,'3RD QUARTER DUES 2015',NULL,13500,0,1,'2015-08-30 19:17:05',NULL),
	(264,220,216,'FromOldSystem','6/20/15','Done',NULL,'3RD QUARTER DUES 2015',NULL,13740,0,1,'2015-08-30 19:17:05',NULL),
	(265,222,219,'FromOldSystem','3/20/15','Done',NULL,'2ND QUARTER DUES 2015 BALANCE',NULL,5070,0,1,'2015-08-30 19:17:06',NULL),
	(266,222,219,'FromOldSystem','6/20/15','Done',NULL,'3RD QUARTER DUES 2015',NULL,14520,0,1,'2015-08-30 19:17:06',NULL),
	(267,223,220,'FromOldSystem','6/20/15','Done',NULL,'3RD QUARTER DUES 2015',NULL,17820,0,1,'2015-08-30 19:17:09',NULL),
	(268,224,221,'FromOldSystem','6/20/15','Done',NULL,'3RD QUARTER DUES 2015',NULL,17748,0,1,'2015-08-30 19:17:09',NULL),
	(269,226,223,'FromOldSystem','11/3/14','Done',NULL,'4TH QUARTER DUES 2014 BALANCE',NULL,8319,0,1,'2015-08-30 19:17:09',NULL),
	(270,226,223,'FromOldSystem','10/1/14','Done',NULL,'3RD QUARTER DUES 2014',NULL,2961,0,1,'2015-08-30 19:17:10',NULL),
	(271,226,223,'FromOldSystem','3/20/15','Done',NULL,'2ND QUARTER DUES 2015',NULL,16920,0,1,'2015-08-30 19:17:10',NULL),
	(272,226,223,'FromOldSystem','6/20/15','Done',NULL,'3RD QUARTER DUES 2015',NULL,16920,0,1,'2015-08-30 19:17:10',NULL),
	(273,231,228,'FromOldSystem','7/30/14','Done',NULL,'2ND QUARTER DUES 2014 BALANCE',NULL,1441.27,0,1,'2015-08-30 19:17:12',NULL),
	(274,231,228,'FromOldSystem','12/20/14','Done',NULL,'4TH QUARTER DUES 2014 BALANCE',NULL,1597.5,0,1,'2015-08-30 19:17:12',NULL),
	(275,231,228,'FromOldSystem','1/1/15','Done',NULL,'1ST QUARTER DUES 2015',NULL,16500,0,1,'2015-08-30 19:17:12',NULL),
	(276,231,228,'FromOldSystem','3/20/15','Done',NULL,'2ND QUARTER DUES 2015',NULL,16500,0,1,'2015-08-30 19:17:12',NULL),
	(277,231,228,'FromOldSystem','6/20/15','Done',NULL,'3RD QUARTER DUES 2015',NULL,16500,0,1,'2015-08-30 19:17:12',NULL),
	(278,232,229,'FromOldSystem','1/24/14','Done',NULL,'1ST QUARTER DUES 2014 BALANCE',NULL,12292.5,0,1,'2015-08-30 19:17:14',NULL),
	(279,232,229,'FromOldSystem','4/1/14','Done',NULL,'2ND QUARTER DUES 2014',NULL,12622.5,0,1,'2015-08-30 19:17:14',NULL),
	(280,232,229,'FromOldSystem','7/1/14','Done',NULL,'3RD QUARTER DUES 2014',NULL,12622.5,0,1,'2015-08-30 19:17:14',NULL),
	(281,232,229,'FromOldSystem','10/1/14','Done',NULL,'3RD QUARTER DUES 2014',NULL,2677.5,0,1,'2015-08-30 19:17:14',NULL),
	(282,232,229,'FromOldSystem','10/1/14','Done',NULL,'4TH QUARTER DUES 2014',NULL,15300,0,1,'2015-08-30 19:17:15',NULL),
	(283,232,229,'FromOldSystem','1/1/15','Done',NULL,'1ST QUARTER DUES 2015',NULL,15300,0,1,'2015-08-30 19:17:15',NULL),
	(284,232,229,'FromOldSystem','3/20/15','Done',NULL,'2ND QUARTER DUES 2015',NULL,15300,0,1,'2015-08-30 19:17:15',NULL),
	(285,232,229,'FromOldSystem','6/20/15','Done',NULL,'3RD QUARTER DUES 2015',NULL,15300,0,1,'2015-08-30 19:17:15',NULL),
	(286,235,232,'FromOldSystem','6/20/15','Done',NULL,'3RD QUARTER DUES 2015',NULL,12900,0,1,'2015-08-30 19:17:15',NULL),
	(287,235,233,'FromOldSystem','6/20/15','Done',NULL,'3RD QUARTER DUES 2015',NULL,12900,0,1,'2015-08-30 19:17:15',NULL),
	(288,237,235,'FromOldSystem','6/20/15','Done',NULL,'3RD QUARTER DUES 2015',NULL,12900,0,1,'2015-08-30 19:17:15',NULL),
	(289,232,238,'FromOldSystem','6/20/15','Done',NULL,'3RD QUARTER DUES 2015 BALANCE',NULL,820,0,1,'2015-08-30 19:17:15',NULL),
	(290,242,241,'FromOldSystem','6/20/15','Done',NULL,'3RD QUARTER DUES 2015',NULL,12900,0,1,'2015-08-30 19:17:16',NULL),
	(291,243,242,'FromOldSystem','3/20/15','Done',NULL,'2ND QUARTER DUES 2015',NULL,15180,0,1,'2015-08-30 19:17:16',NULL),
	(292,243,242,'FromOldSystem','6/20/15','Done',NULL,'3RD QUARTER DUES 2015',NULL,15180,0,1,'2015-08-30 19:17:16',NULL),
	(293,248,247,'FromOldSystem','10/1/14','Done',NULL,'3RD QUARTER DUES 2014',NULL,13312.62,0,1,'2015-08-30 19:17:16',NULL),
	(294,248,247,'FromOldSystem','10/1/14','Done',NULL,'4TH QUARTER DUES 2014',NULL,14280,0,1,'2015-08-30 19:17:16',NULL),
	(295,248,247,'FromOldSystem','1/1/15','Done',NULL,'1ST QUARTER DUES 2015',NULL,14280,0,1,'2015-08-30 19:17:16',NULL),
	(296,248,247,'FromOldSystem','3/20/15','Done',NULL,'2ND QUARTER DUES 2015',NULL,14280,0,1,'2015-08-30 19:17:17',NULL),
	(297,248,247,'FromOldSystem','6/20/15','Done',NULL,'3RD QUARTER DUES 2015',NULL,14280,0,1,'2015-08-30 19:17:17',NULL),
	(298,248,248,'FromOldSystem','3/20/15','Done',NULL,'2ND QUARTER DUES 2015 BALANCE',NULL,967.37,0,1,'2015-08-30 19:17:17',NULL),
	(299,248,248,'FromOldSystem','6/20/15','Done',NULL,'3RD QUARTER DUES 2015',NULL,14280,0,1,'2015-08-30 19:17:17',NULL),
	(300,249,249,'FromOldSystem','6/20/15','Done',NULL,'3RD QUARTER DUES 2015',NULL,16440,0,1,'2015-08-30 19:17:17',NULL),
	(301,251,251,'FromOldSystem','1/1/11','Done',NULL,'Annual Maintenance Fund - 1st Quarter',NULL,2500,0,1,'2015-08-30 19:17:17',NULL),
	(302,251,251,'FromOldSystem','1/1/11','Done',NULL,'Annual Maintenance Fund - 2nd Quarter',NULL,2500,0,1,'2015-08-30 19:17:17',NULL),
	(303,251,251,'FromOldSystem','7/1/11','Done',NULL,'Annual Maintenance Fund - 3rd Quarter',NULL,2500,0,1,'2015-08-30 19:17:17',NULL),
	(304,251,251,'FromOldSystem','10/19/11','Done',NULL,'Annual Maintenance Fund 4th Quarter',NULL,2500,0,1,'2015-08-30 19:17:18',NULL),
	(305,251,251,'FromOldSystem','1/1/11','Done',NULL,'1ST QUARTER DUES 2011',NULL,9165,0,1,'2015-08-30 19:17:18',NULL),
	(306,251,251,'FromOldSystem','4/1/11','Done',NULL,'2ND QUARTER DUES 2011',NULL,9165,0,1,'2015-08-30 19:17:18',NULL),
	(307,251,251,'FromOldSystem','7/1/11','Done',NULL,'3RD QUARTER DUES 2011',NULL,9165,0,1,'2015-08-30 19:17:18',NULL),
	(308,251,251,'FromOldSystem','10/19/11','Done',NULL,'4TH QUARTER DUES 2011',NULL,9165,0,1,'2015-08-30 19:17:18',NULL),
	(309,251,251,'FromOldSystem','1/20/12','Done',NULL,'1ST QUARTER DUES 2012',NULL,9165,0,1,'2015-08-30 19:17:18',NULL),
	(310,251,251,'FromOldSystem','4/1/12','Done',NULL,'2ND QUARTER DUES 2012',NULL,9165,0,1,'2015-08-30 19:17:18',NULL),
	(311,251,251,'FromOldSystem','7/1/12','Done',NULL,'3RD QUARTER DUES 2012',NULL,9165,0,1,'2015-08-30 19:17:18',NULL),
	(312,251,251,'FromOldSystem','10/1/12','Done',NULL,'4TH QUARTER DUES 2012',NULL,9165,0,1,'2015-08-30 19:17:18',NULL),
	(313,251,251,'FromOldSystem','1/1/13','Done',NULL,'1ST QUARTER DUES 2013',NULL,9165,0,1,'2015-08-30 19:17:18',NULL),
	(314,251,251,'FromOldSystem','4/1/13','Done',NULL,'2ND QUARTER DUES 2013',NULL,9165,0,1,'2015-08-30 19:17:19',NULL),
	(315,251,251,'FromOldSystem','7/1/13','Done',NULL,'3RD QUARTER DUES 2013',NULL,9165,0,1,'2015-08-30 19:17:19',NULL),
	(316,251,251,'FromOldSystem','10/1/13','Done',NULL,'4TH QUARTER DUES 2013',NULL,9165,0,1,'2015-08-30 19:17:19',NULL),
	(317,251,251,'FromOldSystem','1/1/14','Done',NULL,'1ST QUARTER DUES 2014',NULL,11632.5,0,1,'2015-08-30 19:17:19',NULL),
	(318,251,251,'FromOldSystem','4/1/14','Done',NULL,'2ND QUARTER DUES 2014',NULL,11632.5,0,1,'2015-08-30 19:17:19',NULL),
	(319,251,251,'FromOldSystem','7/1/14','Done',NULL,'3RD QUARTER DUES 2014',NULL,11632.5,0,1,'2015-08-30 19:17:19',NULL),
	(320,251,251,'FromOldSystem','10/1/14','Done',NULL,'3RD QUARTER DUES 2014',NULL,2467.5,0,1,'2015-08-30 19:17:19',NULL),
	(321,251,251,'FromOldSystem','10/1/14','Done',NULL,'4TH QUARTER DUES 2014',NULL,14100,0,1,'2015-08-30 19:17:19',NULL),
	(322,251,251,'FromOldSystem','1/1/15','Done',NULL,'1ST QUARTER DUES 2015',NULL,14100,0,1,'2015-08-30 19:17:19',NULL),
	(323,251,251,'FromOldSystem','3/20/15','Done',NULL,'2ND QUARTER DUES 2015',NULL,14100,0,1,'2015-08-30 19:17:19',NULL),
	(324,251,251,'FromOldSystem','6/20/15','Done',NULL,'3RD QUARTER DUES 2015',NULL,14100,0,1,'2015-08-30 19:17:19',NULL),
	(325,254,254,'FromOldSystem','11/18/13','Done',NULL,'3RD QUARTER DUES 2013',NULL,2902,0,1,'2015-08-30 19:17:19',NULL),
	(326,254,254,'FromOldSystem','10/1/13','Done',NULL,'4TH QUARTER DUES 2013',NULL,8853,0,1,'2015-08-30 19:17:19',NULL),
	(327,254,254,'FromOldSystem','1/1/14','Done',NULL,'1ST QUARTER DUES 2014',NULL,11236.5,0,1,'2015-08-30 19:17:20',NULL),
	(328,254,254,'FromOldSystem','4/1/14','Done',NULL,'2ND QUARTER DUES 2014',NULL,11236.5,0,1,'2015-08-30 19:17:20',NULL),
	(329,254,254,'FromOldSystem','7/1/14','Done',NULL,'3RD QUARTER DUES 2014',NULL,11236.5,0,1,'2015-08-30 19:17:20',NULL),
	(330,254,254,'FromOldSystem','10/1/14','Done',NULL,'3RD QUARTER DUES 2014',NULL,2383.5,0,1,'2015-08-30 19:17:20',NULL),
	(331,254,254,'FromOldSystem','10/1/14','Done',NULL,'4TH QUARTER DUES 2014',NULL,13620,0,1,'2015-08-30 19:17:20',NULL),
	(332,254,254,'FromOldSystem','1/1/15','Done',NULL,'1ST QUARTER DUES 2015',NULL,13620,0,1,'2015-08-30 19:17:20',NULL),
	(333,254,254,'FromOldSystem','3/20/15','Done',NULL,'2ND QUARTER DUES 2015',NULL,13620,0,1,'2015-08-30 19:17:20',NULL),
	(334,254,254,'FromOldSystem','6/20/15','Done',NULL,'3RD QUARTER DUES 2015',NULL,13620,0,1,'2015-08-30 19:17:20',NULL),
	(335,255,255,'FromOldSystem','3/20/15','Done',NULL,'2ND QUARTER DUES 2015',NULL,13500,0,1,'2015-08-30 19:17:29',NULL),
	(336,255,255,'FromOldSystem','6/20/15','Done',NULL,'3RD QUARTER DUES 2015',NULL,13500,0,1,'2015-08-30 19:17:29',NULL),
	(337,261,266,'FromOldSystem','6/20/15','Done',NULL,'3RD QUARTER DUES 2015',NULL,12360,0,1,'2015-08-30 19:17:29',NULL),
	(338,264,270,'FromOldSystem','6/20/15','Done',NULL,'3RD QUARTER DUES 2015',NULL,12300,0,1,'2015-08-30 19:17:29',NULL),
	(339,264,271,'FromOldSystem','6/20/15','Done',NULL,'3RD QUARTER DUES 2015',NULL,12300,0,1,'2015-08-30 19:17:30',NULL),
	(340,265,272,'FromOldSystem','6/20/15','Done',NULL,'3RD QUARTER DUES 2015',NULL,19320,0,1,'2015-08-30 19:17:30',NULL),
	(341,266,273,'FromOldSystem','6/20/15','Done',NULL,'3RD QUARTER DUES 2015',NULL,12540,0,1,'2015-08-30 19:17:30',NULL),
	(342,267,274,'FromOldSystem','6/20/15','Done',NULL,'3RD QUARTER DUES 2015',NULL,12240,0,1,'2015-08-30 19:17:30',NULL),
	(343,271,278,'FromOldSystem','1/1/15','Done',NULL,'1ST QUARTER DUES 2015',NULL,18300,0,1,'2015-08-30 19:17:30',NULL),
	(344,271,278,'FromOldSystem','3/20/15','Done',NULL,'2ND QUARTER DUES 2015',NULL,18300,0,1,'2015-08-30 19:17:30',NULL),
	(345,271,278,'FromOldSystem','6/20/15','Done',NULL,'3RD QUARTER DUES 2015',NULL,18300,0,1,'2015-08-30 19:17:30',NULL),
	(346,272,279,'FromOldSystem','11/19/14','Done',NULL,'4TH QUARTER DUES 2014 BALANCE',NULL,4787,0,1,'2015-08-30 19:17:30',NULL),
	(347,272,279,'FromOldSystem','10/1/13','Done',NULL,'4TH QUARTER DUES 2013',NULL,10647,0,1,'2015-08-30 19:17:30',NULL),
	(348,272,279,'FromOldSystem','1/1/15','Done',NULL,'1ST QUARTER DUES 2015',NULL,16380,0,1,'2015-08-30 19:17:30',NULL),
	(349,272,279,'FromOldSystem','3/20/15','Done',NULL,'2ND QUARTER DUES 2015',NULL,16380,0,1,'2015-08-30 19:17:31',NULL),
	(350,272,279,'FromOldSystem','6/20/15','Done',NULL,'3RD QUARTER DUES 2015',NULL,16380,0,1,'2015-08-30 19:17:31',NULL),
	(351,274,281,'FromOldSystem','4/27/15','Done',NULL,'4TH QUARTER DUES 2014 BALANCE',NULL,14025.67,0,1,'2015-08-30 19:17:31',NULL),
	(352,274,281,'FromOldSystem','1/1/15','Done',NULL,'1ST QUARTER DUES 2015',NULL,15000,0,1,'2015-08-30 19:17:31',NULL),
	(353,274,281,'FromOldSystem','3/20/15','Done',NULL,'2ND QUARTER DUES 2015',NULL,15000,0,1,'2015-08-30 19:17:31',NULL),
	(354,274,281,'FromOldSystem','6/20/15','Done',NULL,'3RD QUARTER DUES 2015',NULL,15000,0,1,'2015-08-30 19:17:31',NULL),
	(355,275,282,'FromOldSystem','6/20/15','Done',NULL,'3RD QUARTER DUES 2015',NULL,15840,0,1,'2015-08-30 19:17:32',NULL),
	(356,277,284,'FromOldSystem','3/20/15','Done',NULL,'2ND QUARTER DUES 2015 BALANCE',NULL,1041.86,0,1,'2015-08-30 19:17:32',NULL),
	(357,277,284,'FromOldSystem','6/20/15','Done',NULL,'3RD QUARTER DUES 2015',NULL,14700,0,1,'2015-08-30 19:17:32',NULL),
	(358,278,285,'FromOldSystem','1/1/11','Done',NULL,'Annual Maintenance Fund - 1st Quarter',NULL,2500,0,1,'2015-08-30 19:17:32',NULL),
	(359,278,285,'FromOldSystem','1/1/11','Done',NULL,'Annual Maintenance Fund - 2nd Quarter',NULL,2500,0,1,'2015-08-30 19:17:32',NULL),
	(360,278,285,'FromOldSystem','7/1/11','Done',NULL,'Annual Maintenance Fund - 3rd Quarter',NULL,2500,0,1,'2015-08-30 19:17:32',NULL),
	(361,278,285,'FromOldSystem','10/19/11','Done',NULL,'Annual Maintenance Fund 4th Quarter',NULL,2500,0,1,'2015-08-30 19:17:32',NULL),
	(362,278,285,'FromOldSystem','4/11/11','Done',NULL,'2ND QUARTER DUES 2010',NULL,676.32,0,1,'2015-08-30 19:17:32',NULL),
	(363,278,285,'FromOldSystem','7/1/10','Done',NULL,'3RD QUARTER DUES 2010',NULL,9555,0,1,'2015-08-30 19:17:32',NULL),
	(364,278,285,'FromOldSystem','9/15/10','Done',NULL,'4TH QUARTER DUES 2010',NULL,9555,0,1,'2015-08-30 19:17:33',NULL),
	(365,278,285,'FromOldSystem','1/1/11','Done',NULL,'1ST QUARTER DUES 2011',NULL,9555,0,1,'2015-08-30 19:17:33',NULL),
	(366,278,285,'FromOldSystem','4/1/11','Done',NULL,'2ND QUARTER DUES 2011',NULL,9555,0,1,'2015-08-30 19:17:33',NULL),
	(367,278,285,'FromOldSystem','7/1/11','Done',NULL,'3RD QUARTER DUES 2011',NULL,9555,0,1,'2015-08-30 19:17:33',NULL),
	(368,278,285,'FromOldSystem','10/19/11','Done',NULL,'4TH QUARTER DUES 2011',NULL,9555,0,1,'2015-08-30 19:17:33',NULL),
	(369,278,285,'FromOldSystem','1/20/12','Done',NULL,'1ST QUARTER DUES 2012',NULL,9555,0,1,'2015-08-30 19:17:33',NULL),
	(370,278,285,'FromOldSystem','4/1/12','Done',NULL,'2ND QUARTER DUES 2012',NULL,9555,0,1,'2015-08-30 19:17:33',NULL),
	(371,278,285,'FromOldSystem','7/1/12','Done',NULL,'3RD QUARTER DUES 2012',NULL,9555,0,1,'2015-08-30 19:17:33',NULL),
	(372,278,285,'FromOldSystem','10/1/12','Done',NULL,'4TH QUARTER DUES 2012',NULL,9555,0,1,'2015-08-30 19:17:33',NULL),
	(373,278,285,'FromOldSystem','1/1/13','Done',NULL,'1ST QUARTER DUES 2013',NULL,9555,0,1,'2015-08-30 19:17:33',NULL),
	(374,278,285,'FromOldSystem','4/1/13','Done',NULL,'2ND QUARTER DUES 2013',NULL,9555,0,1,'2015-08-30 19:17:33',NULL),
	(375,278,285,'FromOldSystem','7/1/13','Done',NULL,'3RD QUARTER DUES 2013',NULL,9555,0,1,'2015-08-30 19:17:33',NULL),
	(376,278,285,'FromOldSystem','10/1/13','Done',NULL,'4TH QUARTER DUES 2013',NULL,9555,0,1,'2015-08-30 19:17:33',NULL),
	(377,278,285,'FromOldSystem','1/1/14','Done',NULL,'1ST QUARTER DUES 2014',NULL,12127.5,0,1,'2015-08-30 19:17:34',NULL),
	(378,278,285,'FromOldSystem','4/1/14','Done',NULL,'2ND QUARTER DUES 2014',NULL,12127.5,0,1,'2015-08-30 19:17:34',NULL),
	(379,278,285,'FromOldSystem','7/1/14','Done',NULL,'3RD QUARTER DUES 2014',NULL,12127.5,0,1,'2015-08-30 19:17:34',NULL),
	(380,278,285,'FromOldSystem','10/1/14','Done',NULL,'3RD QUARTER DUES 2014',NULL,2572.5,0,1,'2015-08-30 19:17:34',NULL),
	(381,278,285,'FromOldSystem','10/1/14','Done',NULL,'4TH QUARTER DUES 2014',NULL,14700,0,1,'2015-08-30 19:17:34',NULL),
	(382,278,285,'FromOldSystem','1/1/15','Done',NULL,'1ST QUARTER DUES 2015',NULL,14700,0,1,'2015-08-30 19:17:34',NULL),
	(383,278,285,'FromOldSystem','3/20/15','Done',NULL,'2ND QUARTER DUES 2015',NULL,14700,0,1,'2015-08-30 19:17:34',NULL),
	(384,278,285,'FromOldSystem','6/20/15','Done',NULL,'3RD QUARTER DUES 2015',NULL,14700,0,1,'2015-08-30 19:17:34',NULL),
	(385,279,286,'FromOldSystem','6/20/15','Done',NULL,'3RD QUARTER DUES 2015',NULL,14640,0,1,'2015-08-30 19:17:34',NULL),
	(386,281,288,'FromOldSystem','6/20/15','Done',NULL,'3RD QUARTER DUES 2015',NULL,14040,0,1,'2015-08-30 19:17:35',NULL),
	(387,281,289,'FromOldSystem','6/20/15','Done',NULL,'3RD QUARTER DUES 2015',NULL,13440,0,1,'2015-08-30 19:17:35',NULL),
	(388,282,290,'FromOldSystem','6/20/15','Done',NULL,'3RD QUARTER DUES 2015',NULL,14040,0,1,'2015-08-30 19:17:35',NULL),
	(389,284,292,'FromOldSystem','3/20/15','Done',NULL,'2ND QUARTER DUES 2015 BALANCE',NULL,12240,0,1,'2015-08-30 19:17:35',NULL),
	(390,284,292,'FromOldSystem','6/20/15','Done',NULL,'3RD QUARTER DUES 2015',NULL,12240,0,1,'2015-08-30 19:17:35',NULL),
	(391,290,298,'FromOldSystem','6/20/15','Done',NULL,'3RD QUARTER DUES 2015',NULL,15420,0,1,'2015-08-30 19:17:35',NULL),
	(392,292,300,'FromOldSystem','1/1/15','Done',NULL,'1ST QUARTER DUES 2015',NULL,14520,0,1,'2015-08-30 19:17:35',NULL),
	(393,292,300,'FromOldSystem','3/20/15','Done',NULL,'2ND QUARTER DUES 2015',NULL,14520,0,1,'2015-08-30 19:17:35',NULL),
	(394,292,300,'FromOldSystem','6/20/15','Done',NULL,'3RD QUARTER DUES 2015',NULL,14520,0,1,'2015-08-30 19:17:36',NULL),
	(395,292,301,'FromOldSystem','1/1/15','Done',NULL,'1ST QUARTER DUES 2015',NULL,13380,0,1,'2015-08-30 19:17:36',NULL),
	(396,292,301,'FromOldSystem','3/20/15','Done',NULL,'2ND QUARTER DUES 2015',NULL,13380,0,1,'2015-08-30 19:17:36',NULL),
	(397,292,301,'FromOldSystem','6/20/15','Done',NULL,'3RD QUARTER DUES 2015',NULL,13380,0,1,'2015-08-30 19:17:36',NULL),
	(398,293,302,'FromOldSystem','6/20/15','Done',NULL,'3RD QUARTER DUES 2015',NULL,13860,0,1,'2015-08-30 19:17:36',NULL),
	(399,295,304,'FromOldSystem','6/20/15','Done',NULL,'3RD QUARTER DUES 2015',NULL,14640,0,1,'2015-08-30 19:17:36',NULL),
	(400,297,306,'FromOldSystem','3/20/15','Done',NULL,'2ND QUARTER DUES 2015',NULL,14340,0,1,'2015-08-30 19:17:36',NULL),
	(401,297,306,'FromOldSystem','6/20/15','Done',NULL,'3RD QUARTER DUES 2015',NULL,14340,0,1,'2015-08-30 19:17:36',NULL),
	(402,299,309,'FromOldSystem','6/20/15','Done',NULL,'3RD QUARTER DUES 2015',NULL,19080,0,1,'2015-08-30 19:17:37',NULL),
	(403,299,310,'FromOldSystem','6/20/15','Done',NULL,'3RD QUARTER DUES 2015',NULL,16140,0,1,'2015-08-30 19:17:37',NULL),
	(404,300,311,'FromOldSystem','6/20/15','Done',NULL,'3RD QUARTER DUES 2015',NULL,15780,0,1,'2015-08-30 19:17:37',NULL),
	(405,255,256,'FromOldSystem','3/20/15','Done',NULL,'2ND QUARTER DUES 2015',NULL,15840,0,1,'2015-08-30 19:17:37',NULL),
	(406,255,256,'FromOldSystem','6/20/15','Done',NULL,'3RD QUARTER DUES 2015',NULL,15840,0,1,'2015-08-30 19:17:37',NULL),
	(407,302,313,'FromOldSystem','6/19/15','Done',NULL,'4TH QUARTER DUES 2014 BALANCE',NULL,13341.12,0,1,'2015-08-30 19:17:37',NULL),
	(408,302,313,'FromOldSystem','1/1/15','Done',NULL,'1ST QUARTER DUES 2015',NULL,16080,0,1,'2015-08-30 19:17:37',NULL),
	(409,302,313,'FromOldSystem','3/20/15','Done',NULL,'2ND QUARTER DUES 2015',NULL,16080,0,1,'2015-08-30 19:17:37',NULL),
	(410,302,313,'FromOldSystem','6/20/15','Done',NULL,'3RD QUARTER DUES 2015',NULL,16080,0,1,'2015-08-30 19:17:37',NULL),
	(411,255,258,'FromOldSystem','10/20/14','Done',NULL,'4TH QUARTER DUES 2014 BALANCE',NULL,2226,0,1,'2015-08-30 19:17:38',NULL),
	(412,255,258,'FromOldSystem','10/1/14','Done',NULL,'3RD QUARTER DUES 2014',NULL,2226,0,1,'2015-08-30 19:17:38',NULL),
	(413,255,258,'FromOldSystem','1/1/15','Done',NULL,'1ST QUARTER DUES 2015',NULL,12720,0,1,'2015-08-30 19:17:38',NULL),
	(414,255,258,'FromOldSystem','3/20/15','Done',NULL,'2ND QUARTER DUES 2015',NULL,12720,0,1,'2015-08-30 19:17:38',NULL),
	(415,255,258,'FromOldSystem','6/20/15','Done',NULL,'3RD QUARTER DUES 2015',NULL,12720,0,1,'2015-08-30 19:17:38',NULL),
	(416,304,314,'FromOldSystem','6/20/15','Done',NULL,'3RD QUARTER DUES 2015',NULL,12120,0,1,'2015-08-30 19:17:38',NULL),
	(417,305,315,'FromOldSystem','6/20/15','Done',NULL,'3RD QUARTER DUES 2015',NULL,13080,0,1,'2015-08-30 19:17:38',NULL),
	(418,306,316,'FromOldSystem','1/1/15','Done',NULL,'1ST QUARTER DUES 2015',NULL,12420,0,1,'2015-08-30 19:17:38',NULL),
	(419,306,316,'FromOldSystem','3/20/15','Done',NULL,'2ND QUARTER DUES 2015',NULL,12420,0,1,'2015-08-30 19:17:38',NULL),
	(420,306,316,'FromOldSystem','6/20/15','Done',NULL,'3RD QUARTER DUES 2015',NULL,12420,0,1,'2015-08-30 19:17:38',NULL),
	(421,307,317,'FromOldSystem','3/20/15','Done',NULL,'2ND QUARTER DUES 2015',NULL,15000,0,1,'2015-08-30 19:17:39',NULL),
	(422,307,317,'FromOldSystem','6/20/15','Done',NULL,'3RD QUARTER DUES 2015',NULL,15000,0,1,'2015-08-30 19:17:39',NULL),
	(423,308,318,'FromOldSystem','6/20/15','Done',NULL,'3RD QUARTER DUES 2015',NULL,10000,0,1,'2015-08-30 19:17:39',NULL),
	(424,309,319,'FromOldSystem','6/20/15','Done',NULL,'3RD QUARTER DUES 2015',NULL,12660,0,1,'2015-08-30 19:17:39',NULL),
	(425,311,321,'FromOldSystem','6/20/15','Done',NULL,'3RD QUARTER DUES 2015',NULL,8160,0,1,'2015-08-30 19:17:39',NULL),
	(426,312,322,'FromOldSystem','6/20/15','Done',NULL,'3RD QUARTER DUES 2015',NULL,12240,0,1,'2015-08-30 19:17:39',NULL),
	(427,314,324,'FromOldSystem','3/20/15','Done',NULL,'2ND QUARTER DUES 2015 BALANCE',NULL,3573.09,0,1,'2015-08-30 19:17:40',NULL),
	(428,314,324,'FromOldSystem','6/20/15','Done',NULL,'3RD QUARTER DUES 2015',NULL,12240,0,1,'2015-08-30 19:17:40',NULL),
	(429,255,257,'FromOldSystem','3/20/15','Done',NULL,'2ND QUARTER DUES 2015',NULL,13380,0,1,'2015-08-30 19:17:40',NULL),
	(430,255,257,'FromOldSystem','6/20/15','Done',NULL,'3RD QUARTER DUES 2015',NULL,13380,0,1,'2015-08-30 19:17:40',NULL),
	(431,318,330,'FromOldSystem','10/18/13','Done',NULL,'4TH QUARTER DUES 2010',NULL,9316.58,0,1,'2015-08-30 19:17:41',NULL),
	(432,318,331,'FromOldSystem','9/18/13','Done',NULL,'4Q assoc dues balance',NULL,7386.35,0,1,'2015-08-30 19:17:41',NULL),
	(433,319,332,'FromOldSystem','6/20/15','Done',NULL,'3RD QUARTER DUES 2015',NULL,12180,0,1,'2015-08-30 19:17:41',NULL),
	(434,320,333,'FromOldSystem','10/1/12','Done',NULL,'4TH QUARTER DUES 2012 BALANCE',NULL,7490.89,0,1,'2015-08-30 19:17:41',NULL),
	(435,320,333,'FromOldSystem','5/21/13','Done',NULL,'1ST QUARTER DUES 2013 BALANCE',NULL,5382,0,1,'2015-08-30 19:17:41',NULL),
	(436,320,333,'FromOldSystem','6/5/13','Done',NULL,'2ND QUARTER DUES 2013 BALANCE',NULL,5382,0,1,'2015-08-30 19:17:41',NULL),
	(437,320,333,'FromOldSystem','10/10/13','Done',NULL,'3RD QUARTER DUES 2013 BALANCE',NULL,2691,0,1,'2015-08-30 19:17:41',NULL),
	(438,320,333,'FromOldSystem','10/1/13','Done',NULL,'4TH QUARTER DUES 2013 BALANCE',NULL,8073,0,1,'2015-08-30 19:17:42',NULL),
	(439,320,333,'FromOldSystem','1/1/15','Done',NULL,'1ST QUARTER DUES 2015',NULL,12420,0,1,'2015-08-30 19:17:42',NULL),
	(440,320,333,'FromOldSystem','3/20/15','Done',NULL,'2ND QUARTER DUES 2015',NULL,12420,0,1,'2015-08-30 19:17:42',NULL),
	(441,320,333,'FromOldSystem','6/20/15','Done',NULL,'3RD QUARTER DUES 2015',NULL,12420,0,1,'2015-08-30 19:17:42',NULL),
	(442,322,335,'FromOldSystem','3/20/15','Done',NULL,'2ND QUARTER DUES 2015',NULL,12240,0,1,'2015-08-30 19:17:42',NULL),
	(443,322,335,'FromOldSystem','6/20/15','Done',NULL,'3RD QUARTER DUES 2015',NULL,12240,0,1,'2015-08-30 19:17:42',NULL),
	(444,325,340,'FromOldSystem','4/27/15','Done',NULL,'1ST QUARTER DUES 2015 BALANCE',NULL,8931.23,0,1,'2015-08-30 19:17:42',NULL),
	(445,325,340,'FromOldSystem','3/20/15','Done',NULL,'2ND QUARTER DUES 2015',NULL,13740,0,1,'2015-08-30 19:17:42',NULL),
	(446,325,340,'FromOldSystem','6/20/15','Done',NULL,'3RD QUARTER DUES 2015',NULL,13740,0,1,'2015-08-30 19:17:42',NULL),
	(447,326,341,'FromOldSystem','3/20/15','Done',NULL,'2ND QUARTER DUES 2015',NULL,13740,0,1,'2015-08-30 19:17:42',NULL),
	(448,326,341,'FromOldSystem','6/20/15','Done',NULL,'3RD QUARTER DUES 2015',NULL,13740,0,1,'2015-08-30 19:17:42',NULL),
	(449,327,342,'FromOldSystem','10/1/14','Done',NULL,'3RD QUARTER DUES 2014',NULL,2656.5,0,1,'2015-08-30 19:17:43',NULL),
	(450,327,342,'FromOldSystem','10/1/14','Done',NULL,'4TH QUARTER DUES 2014',NULL,15180,0,1,'2015-08-30 19:17:43',NULL),
	(451,327,342,'FromOldSystem','1/1/15','Done',NULL,'1ST QUARTER DUES 2015',NULL,15180,0,1,'2015-08-30 19:17:43',NULL),
	(452,327,342,'FromOldSystem','3/20/15','Done',NULL,'2ND QUARTER DUES 2015',NULL,15180,0,1,'2015-08-30 19:17:43',NULL),
	(453,327,342,'FromOldSystem','6/20/15','Done',NULL,'3RD QUARTER DUES 2015',NULL,15180,0,1,'2015-08-30 19:17:43',NULL),
	(454,328,343,'FromOldSystem','3/20/15','Done',NULL,'2ND QUARTER DUES 2015',NULL,16920,0,1,'2015-08-30 19:17:43',NULL),
	(455,328,343,'FromOldSystem','6/20/15','Done',NULL,'3RD QUARTER DUES 2015',NULL,16920,0,1,'2015-08-30 19:17:43',NULL),
	(456,331,346,'FromOldSystem','6/20/15','Done',NULL,'3RD QUARTER DUES 2015',NULL,14520,0,1,'2015-08-30 19:17:44',NULL),
	(457,333,348,'FromOldSystem','6/20/15','Done',NULL,'3RD QUARTER DUES 2015',NULL,14100,0,1,'2015-08-30 19:17:46',NULL),
	(458,334,349,'FromOldSystem','6/20/15','Done',NULL,'3RD QUARTER DUES 2015',NULL,15180,0,1,'2015-08-30 19:17:47',NULL),
	(459,335,350,'FromOldSystem','3/20/15','Done',NULL,'2ND QUARTER DUES 2015',NULL,12060,0,1,'2015-08-30 19:17:47',NULL),
	(460,335,350,'FromOldSystem','6/20/15','Done',NULL,'3RD QUARTER DUES 2015',NULL,12060,0,1,'2015-08-30 19:17:47',NULL),
	(461,335,351,'FromOldSystem','3/20/15','Done',NULL,'2ND QUARTER DUES 2015',NULL,14160,0,1,'2015-08-30 19:17:47',NULL),
	(462,335,351,'FromOldSystem','6/20/15','Done',NULL,'3RD QUARTER DUES 2015',NULL,14160,0,1,'2015-08-30 19:17:47',NULL),
	(463,330,352,'FromOldSystem','3/20/15','Done',NULL,'2ND QUARTER DUES 2015',NULL,15960,0,1,'2015-08-30 19:17:48',NULL),
	(464,337,353,'FromOldSystem','6/20/15','Done',NULL,'3RD QUARTER DUES 2015',NULL,15960,0,1,'2015-08-30 19:17:48',NULL),
	(465,338,354,'FromOldSystem','1/1/15','Done',NULL,'1ST QUARTER DUES 2015',NULL,14280,0,1,'2015-08-30 19:17:48',NULL),
	(466,338,354,'FromOldSystem','3/20/15','Done',NULL,'2ND QUARTER DUES 2015',NULL,14280,0,1,'2015-08-30 19:17:48',NULL),
	(467,338,354,'FromOldSystem','6/20/15','Done',NULL,'3RD QUARTER DUES 2015',NULL,14280,0,1,'2015-08-30 19:17:48',NULL),
	(468,339,355,'FromOldSystem','6/20/15','Done',NULL,'3RD QUARTER DUES 2015',NULL,15480,0,1,'2015-08-30 19:17:48',NULL),
	(469,340,356,'FromOldSystem','6/20/15','Done',NULL,'3RD QUARTER DUES 2015',NULL,17700,0,1,'2015-08-30 19:17:48',NULL),
	(470,341,357,'FromOldSystem','3/20/15','Done',NULL,'2ND QUARTER DUES 2015 BALANCE',NULL,2090.5,0,1,'2015-08-30 19:17:48',NULL),
	(471,341,357,'FromOldSystem','6/20/15','Done',NULL,'3RD QUARTER DUES 2015',NULL,16020,0,1,'2015-08-30 19:17:48',NULL),
	(472,342,358,'FromOldSystem','3/20/15','Done',NULL,'2ND QUARTER DUES 2015 BALANCE',NULL,10077.33,0,1,'2015-08-30 19:17:51',NULL),
	(473,342,358,'FromOldSystem','6/20/15','Done',NULL,'3RD QUARTER DUES 2015',NULL,17880,0,1,'2015-08-30 19:17:51',NULL),
	(474,343,359,'FromOldSystem','3/9/15','Done',NULL,'2ND QUARTER DUES 2013 BALANCE',NULL,2371.32,0,1,'2015-08-30 19:17:51',NULL),
	(475,343,359,'FromOldSystem','7/1/13','Done',NULL,'3RD QUARTER DUES 2013',NULL,10842,0,1,'2015-08-30 19:17:52',NULL),
	(476,343,359,'FromOldSystem','10/1/13','Done',NULL,'4TH QUARTER DUES 2013',NULL,10842,0,1,'2015-08-30 19:17:52',NULL),
	(477,343,359,'FromOldSystem','1/1/14','Done',NULL,'1ST QUARTER DUES 2014',NULL,13761,0,1,'2015-08-30 19:17:52',NULL),
	(478,343,359,'FromOldSystem','4/1/14','Done',NULL,'2ND QUARTER DUES 2014',NULL,13761,0,1,'2015-08-30 19:17:52',NULL),
	(479,343,359,'FromOldSystem','7/1/14','Done',NULL,'3RD QUARTER DUES 2014',NULL,13761,0,1,'2015-08-30 19:17:52',NULL),
	(480,343,359,'FromOldSystem','10/1/14','Done',NULL,'3RD QUARTER DUES 2014',NULL,2919,0,1,'2015-08-30 19:17:52',NULL),
	(481,343,359,'FromOldSystem','10/1/14','Done',NULL,'4TH QUARTER DUES 2014',NULL,16680,0,1,'2015-08-30 19:17:52',NULL),
	(482,343,359,'FromOldSystem','1/1/15','Done',NULL,'1ST QUARTER DUES 2015',NULL,16680,0,1,'2015-08-30 19:17:52',NULL),
	(483,343,359,'FromOldSystem','3/20/15','Done',NULL,'2ND QUARTER DUES 2015',NULL,16680,0,1,'2015-08-30 19:17:52',NULL),
	(484,343,359,'FromOldSystem','6/20/15','Done',NULL,'3RD QUARTER DUES 2015',NULL,16680,0,1,'2015-08-30 19:17:52',NULL),
	(485,345,361,'FromOldSystem','7/1/12','Done',NULL,'3RD QUARTER DUES 2012',NULL,10413,0,1,'2015-08-30 19:17:52',NULL),
	(486,345,361,'FromOldSystem','10/1/12','Done',NULL,'4TH QUARTER DUES 2012',NULL,10413,0,1,'2015-08-30 19:17:52',NULL),
	(487,345,361,'FromOldSystem','1/1/13','Done',NULL,'1ST QUARTER DUES 2013',NULL,10413,0,1,'2015-08-30 19:17:52',NULL),
	(488,345,361,'FromOldSystem','4/1/13','Done',NULL,'2ND QUARTER DUES 2013',NULL,10413,0,1,'2015-08-30 19:17:52',NULL),
	(489,345,361,'FromOldSystem','7/1/13','Done',NULL,'3RD QUARTER DUES 2013',NULL,10413,0,1,'2015-08-30 19:17:53',NULL),
	(490,345,361,'FromOldSystem','10/1/13','Done',NULL,'4TH QUARTER DUES 2013',NULL,10413,0,1,'2015-08-30 19:17:53',NULL),
	(491,345,361,'FromOldSystem','1/1/14','Done',NULL,'1ST QUARTER DUES 2014',NULL,13216.5,0,1,'2015-08-30 19:17:53',NULL),
	(492,345,361,'FromOldSystem','4/1/14','Done',NULL,'2ND QUARTER DUES 2014',NULL,13216.5,0,1,'2015-08-30 19:17:53',NULL),
	(493,345,361,'FromOldSystem','7/1/14','Done',NULL,'3RD QUARTER DUES 2014',NULL,13216.5,0,1,'2015-08-30 19:17:53',NULL),
	(494,345,361,'FromOldSystem','10/1/14','Done',NULL,'3RD QUARTER DUES 2014',NULL,2803.5,0,1,'2015-08-30 19:17:53',NULL),
	(495,345,361,'FromOldSystem','10/1/14','Done',NULL,'4TH QUARTER DUES 2014',NULL,16020,0,1,'2015-08-30 19:17:53',NULL),
	(496,345,361,'FromOldSystem','1/1/15','Done',NULL,'1ST QUARTER DUES 2015',NULL,16020,0,1,'2015-08-30 19:17:53',NULL),
	(497,345,361,'FromOldSystem','3/20/15','Done',NULL,'2ND QUARTER DUES 2015',NULL,16020,0,1,'2015-08-30 19:17:53',NULL),
	(498,345,361,'FromOldSystem','9/21/13','Done',NULL,'3RD QUARTER DUES 2015',NULL,16020,0,1,'2015-08-30 19:17:53',NULL),
	(499,347,363,'FromOldSystem','9/21/13','Done',NULL,'3RD QUARTER DUES 2015',NULL,16080,0,1,'2015-08-30 19:17:55',NULL),
	(500,352,368,'FromOldSystem','6/20/15','Done',NULL,'3RD QUARTER DUES 2015',NULL,12540,0,1,'2015-08-30 19:17:55',NULL),
	(501,352,369,'FromOldSystem','6/20/15','Done',NULL,'3RD QUARTER DUES 2015',NULL,12120,0,1,'2015-08-30 19:17:55',NULL),
	(502,352,370,'FromOldSystem','6/20/15','Done',NULL,'3RD QUARTER DUES 2015',NULL,12900,0,1,'2015-08-30 19:17:55',NULL),
	(503,354,372,'FromOldSystem','1/1/15','Done',NULL,'1ST QUARTER DUES 2015',NULL,12900,0,1,'2015-08-30 19:17:55',NULL),
	(504,354,372,'FromOldSystem','3/20/15','Done',NULL,'2ND QUARTER DUES 2015',NULL,12900,0,1,'2015-08-30 19:17:55',NULL),
	(505,354,372,'FromOldSystem','6/20/15','Done',NULL,'3RD QUARTER DUES 2015',NULL,12900,0,1,'2015-08-30 19:17:55',NULL),
	(506,352,373,'FromOldSystem','1/1/14','Done',NULL,'1ST QUARTER DUES 2014',NULL,10098,0,1,'2015-08-30 19:17:56',NULL),
	(507,352,373,'FromOldSystem','4/1/14','Done',NULL,'2ND QUARTER DUES 2014',NULL,10098,0,1,'2015-08-30 19:17:56',NULL),
	(508,352,373,'FromOldSystem','7/1/14','Done',NULL,'3RD QUARTER DUES 2014',NULL,10098,0,1,'2015-08-30 19:17:56',NULL),
	(509,352,373,'FromOldSystem','10/1/14','Done',NULL,'3RD QUARTER DUES 2014',NULL,2142,0,1,'2015-08-30 19:17:56',NULL),
	(510,352,373,'FromOldSystem','10/1/14','Done',NULL,'4TH QUARTER DUES 2014',NULL,12240,0,1,'2015-08-30 19:17:56',NULL),
	(511,352,373,'FromOldSystem','1/1/15','Done',NULL,'1ST QUARTER DUES 2015',NULL,12240,0,1,'2015-08-30 19:17:56',NULL),
	(512,352,373,'FromOldSystem','3/20/15','Done',NULL,'2ND QUARTER DUES 2015',NULL,12240,0,1,'2015-08-30 19:17:56',NULL),
	(513,352,373,'FromOldSystem','6/20/15','Done',NULL,'3RD QUARTER DUES 2015',NULL,12240,0,1,'2015-08-30 19:17:57',NULL),
	(514,355,374,'FromOldSystem','1/1/15','Done',NULL,'1ST QUARTER DUES 2015',NULL,13500,0,1,'2015-08-30 19:17:57',NULL),
	(515,355,374,'FromOldSystem','3/20/15','Done',NULL,'2ND QUARTER DUES 2015',NULL,13500,0,1,'2015-08-30 19:17:57',NULL),
	(516,355,374,'FromOldSystem','6/20/15','Done',NULL,'3RD QUARTER DUES 2015',NULL,13500,0,1,'2015-08-30 19:17:57',NULL),
	(517,350,374,'FromOldSystem','1/1/13','Done',NULL,'1ST QUARTER DUES 2013',NULL,7956,0,1,'2015-08-30 19:17:57',NULL),
	(518,350,374,'FromOldSystem','4/1/13','Done',NULL,'2ND QUARTER DUES 2013',NULL,7956,0,1,'2015-08-30 19:17:57',NULL),
	(519,350,374,'FromOldSystem','7/1/13','Done',NULL,'3RD QUARTER DUES 2013',NULL,7956,0,1,'2015-08-30 19:17:57',NULL),
	(520,350,374,'FromOldSystem','10/1/13','Done',NULL,'4TH QUARTER DUES 2013',NULL,7956,0,1,'2015-08-30 19:17:57',NULL),
	(521,350,374,'FromOldSystem','1/1/14','Done',NULL,'1ST QUARTER DUES 2014',NULL,10098,0,1,'2015-08-30 19:17:57',NULL),
	(522,350,374,'FromOldSystem','4/1/14','Done',NULL,'2ND QUARTER DUES 2014',NULL,10098,0,1,'2015-08-30 19:17:57',NULL),
	(523,350,374,'FromOldSystem','7/1/14','Done',NULL,'3RD QUARTER DUES 2014',NULL,10098,0,1,'2015-08-30 19:17:57',NULL),
	(524,350,374,'FromOldSystem','10/1/14','Done',NULL,'3RD QUARTER DUES 2014',NULL,2142,0,1,'2015-08-30 19:17:57',NULL),
	(525,350,374,'FromOldSystem','10/1/14','Done',NULL,'4TH QUARTER DUES 2014',NULL,12240,0,1,'2015-08-30 19:17:57',NULL),
	(526,350,374,'FromOldSystem','1/1/15','Done',NULL,'1ST QUARTER DUES 2015',NULL,12240,0,1,'2015-08-30 19:17:57',NULL),
	(527,350,374,'FromOldSystem','3/20/15','Done',NULL,'2ND QUARTER DUES 2015',NULL,12240,0,1,'2015-08-30 19:17:58',NULL),
	(528,350,374,'FromOldSystem','6/20/15','Done',NULL,'3RD QUARTER DUES 2015',NULL,12240,0,1,'2015-08-30 19:17:58',NULL),
	(529,352,375,'FromOldSystem','1/1/13','Done',NULL,'1ST QUARTER DUES 2013',NULL,7956,0,1,'2015-08-30 19:17:58',NULL),
	(530,352,375,'FromOldSystem','4/1/13','Done',NULL,'2ND QUARTER DUES 2013',NULL,7956,0,1,'2015-08-30 19:17:58',NULL),
	(531,352,375,'FromOldSystem','7/1/13','Done',NULL,'3RD QUARTER DUES 2013',NULL,7956,0,1,'2015-08-30 19:17:58',NULL),
	(532,352,375,'FromOldSystem','10/1/13','Done',NULL,'4TH QUARTER DUES 2013',NULL,7956,0,1,'2015-08-30 19:17:58',NULL),
	(533,352,375,'FromOldSystem','1/1/14','Done',NULL,'1ST QUARTER DUES 2014',NULL,10098,0,1,'2015-08-30 19:17:58',NULL),
	(534,352,375,'FromOldSystem','4/1/14','Done',NULL,'2ND QUARTER DUES 2014',NULL,10098,0,1,'2015-08-30 19:17:58',NULL),
	(535,352,375,'FromOldSystem','7/1/14','Done',NULL,'3RD QUARTER DUES 2014',NULL,10098,0,1,'2015-08-30 19:17:58',NULL),
	(536,352,375,'FromOldSystem','10/1/14','Done',NULL,'3RD QUARTER DUES 2014',NULL,2142,0,1,'2015-08-30 19:17:58',NULL),
	(537,352,375,'FromOldSystem','10/1/14','Done',NULL,'4TH QUARTER DUES 2014',NULL,12240,0,1,'2015-08-30 19:17:58',NULL),
	(538,352,375,'FromOldSystem','1/1/15','Done',NULL,'1ST QUARTER DUES 2015',NULL,12240,0,1,'2015-08-30 19:17:58',NULL),
	(539,352,375,'FromOldSystem','3/20/15','Done',NULL,'2ND QUARTER DUES 2015',NULL,12240,0,1,'2015-08-30 19:17:58',NULL),
	(540,352,375,'FromOldSystem','6/20/15','Done',NULL,'3RD QUARTER DUES 2015',NULL,12240,0,1,'2015-08-30 19:17:59',NULL),
	(541,356,376,'FromOldSystem','6/20/15','Done',NULL,'3RD QUARTER DUES 2015',NULL,13140,0,1,'2015-08-30 19:17:59',NULL),
	(542,357,377,'FromOldSystem','6/20/15','Done',NULL,'3RD QUARTER DUES 2015',NULL,12240,0,1,'2015-08-30 19:17:59',NULL),
	(543,359,379,'FromOldSystem','3/20/15','Done',NULL,'2ND QUARTER DUES 2015',NULL,13860,0,1,'2015-08-30 19:17:59',NULL),
	(544,359,379,'FromOldSystem','6/20/15','Done',NULL,'3RD QUARTER DUES 2015',NULL,13860,0,1,'2015-08-30 19:17:59',NULL),
	(545,360,380,'FromOldSystem','10/1/14','Done',NULL,'3RD QUARTER DUES 2014',NULL,561.69,0,1,'2015-08-30 19:18:00',NULL),
	(546,360,380,'FromOldSystem','10/1/14','Done',NULL,'4TH QUARTER DUES 2014',NULL,14220,0,1,'2015-08-30 19:18:00',NULL),
	(547,360,380,'FromOldSystem','1/1/15','Done',NULL,'1ST QUARTER DUES 2015',NULL,14220,0,1,'2015-08-30 19:18:00',NULL),
	(548,360,380,'FromOldSystem','3/20/15','Done',NULL,'2ND QUARTER DUES 2015',NULL,14220,0,1,'2015-08-30 19:18:00',NULL),
	(549,360,380,'FromOldSystem','6/20/15','Done',NULL,'3RD QUARTER DUES 2015',NULL,14220,0,1,'2015-08-30 19:18:00',NULL),
	(550,362,382,'FromOldSystem','12/1/03','Done',NULL,'4TH QUARTER DUES 2003',NULL,4006.53,0,1,'2015-08-30 19:18:00',NULL),
	(551,362,382,'FromOldSystem','1/1/04','Done',NULL,'1ST QUARTER DUES 2004',NULL,4274.91,0,1,'2015-08-30 19:18:00',NULL),
	(552,362,382,'FromOldSystem','4/1/04','Done',NULL,'2ND QUARTER DUES 2004',NULL,4274.91,0,1,'2015-08-30 19:18:00',NULL),
	(553,362,382,'FromOldSystem','7/1/04','Done',NULL,'3RD QUARTER DUES 2004',NULL,4274.91,0,1,'2015-08-30 19:18:00',NULL),
	(554,362,382,'FromOldSystem','10/1/04','Done',NULL,'4TH QUARTER DUES 2004',NULL,4274.91,0,1,'2015-08-30 19:18:00',NULL),
	(555,362,382,'FromOldSystem','1/1/05','Done',NULL,'1ST QUARTER DUES 2005',NULL,4402.71,0,1,'2015-08-30 19:18:01',NULL),
	(556,362,382,'FromOldSystem','4/1/05','Done',NULL,'2ND QUARTER DUES 2005',NULL,4402.71,0,1,'2015-08-30 19:18:01',NULL),
	(557,362,382,'FromOldSystem','7/1/05','Done',NULL,'3RD QUARTER DUES 2005',NULL,4402.71,0,1,'2015-08-30 19:18:01',NULL),
	(558,362,382,'FromOldSystem','10/1/05','Done',NULL,'4TH QUARTER DUES 2005',NULL,4402.71,0,1,'2015-08-30 19:18:01',NULL),
	(559,362,382,'FromOldSystem','1/1/06','Done',NULL,'1ST QUARTER DUES 2006',NULL,4734.99,0,1,'2015-08-30 19:18:01',NULL),
	(560,362,382,'FromOldSystem','4/1/06','Done',NULL,'2ND QUARTER DUES 2006',NULL,4734.99,0,1,'2015-08-30 19:18:01',NULL),
	(561,362,382,'FromOldSystem','7/1/06','Done',NULL,'3RD QUARTER DUES 2006',NULL,4734.99,0,1,'2015-08-30 19:18:01',NULL),
	(562,362,382,'FromOldSystem','10/1/06','Done',NULL,'4TH QUARTER DUES 2006',NULL,4734.99,0,1,'2015-08-30 19:18:01',NULL),
	(563,362,382,'FromOldSystem','1/1/07','Done',NULL,'1ST QUARTER DUES 2007',NULL,4734.99,0,1,'2015-08-30 19:18:01',NULL),
	(564,362,382,'FromOldSystem','4/1/07','Done',NULL,'2ND QUARTER DUES 2007',NULL,4734.99,0,1,'2015-08-30 19:18:01',NULL),
	(565,362,382,'FromOldSystem','7/1/07','Done',NULL,'3RD QUARTER DUES 2007',NULL,4734.99,0,1,'2015-08-30 19:18:01',NULL),
	(566,362,382,'FromOldSystem','10/1/07','Done',NULL,'4TH QUARTER DUES 2007',NULL,4734.99,0,1,'2015-08-30 19:18:01',NULL),
	(567,362,382,'FromOldSystem','1/1/08','Done',NULL,'1ST QUARTER DUES 2008',NULL,4734.99,0,1,'2015-08-30 19:18:01',NULL),
	(568,362,382,'FromOldSystem','4/1/08','Done',NULL,'2ND QUARTER DUES 2008',NULL,4734.99,0,1,'2015-08-30 19:18:01',NULL),
	(569,362,382,'FromOldSystem','7/1/08','Done',NULL,'3RD QUARTER DUES 2008',NULL,4734.99,0,1,'2015-08-30 19:18:02',NULL),
	(570,362,382,'FromOldSystem','10/1/08','Done',NULL,'4TH QUARTER DUES 2008',NULL,4734.99,0,1,'2015-08-30 19:18:02',NULL),
	(571,362,382,'FromOldSystem','1/1/09','Done',NULL,'1ST QUARTER DUES 2009',NULL,4734.99,0,1,'2015-08-30 19:18:02',NULL),
	(572,362,382,'FromOldSystem','4/1/09','Done',NULL,'2ND QUARTER DUES 2009',NULL,4734.99,0,1,'2015-08-30 19:18:02',NULL),
	(573,362,382,'FromOldSystem','7/1/09','Done',NULL,'3RD QUARTER DUES 2009',NULL,4734.99,0,1,'2015-08-30 19:18:02',NULL),
	(574,362,382,'FromOldSystem','10/1/09','Done',NULL,'4TH QUARTER DUES 2009',NULL,4734.99,0,1,'2015-08-30 19:18:02',NULL),
	(575,362,382,'FromOldSystem','1/1/10','Done',NULL,'1ST QUARTER DUES 2010',NULL,4734.99,0,1,'2015-08-30 19:18:02',NULL),
	(576,362,382,'FromOldSystem','4/1/10','Done',NULL,'2ND QUARTER DUES 2010',NULL,4734.99,0,1,'2015-08-30 19:18:02',NULL),
	(577,362,382,'FromOldSystem','7/1/10','Done',NULL,'3RD QUARTER DUES 2010',NULL,8307,0,1,'2015-08-30 19:18:02',NULL),
	(578,362,382,'FromOldSystem','9/15/10','Done',NULL,'4TH QUARTER DUES 2010',NULL,8307,0,1,'2015-08-30 19:18:02',NULL),
	(579,362,382,'FromOldSystem','1/1/11','Done',NULL,'1ST QUARTER DUES 2011',NULL,8307,0,1,'2015-08-30 19:18:02',NULL),
	(580,362,382,'FromOldSystem','4/1/11','Done',NULL,'2ND QUARTER DUES 2011',NULL,8307,0,1,'2015-08-30 19:18:02',NULL),
	(581,362,382,'FromOldSystem','7/1/11','Done',NULL,'3RD QUARTER DUES 2011',NULL,8307,0,1,'2015-08-30 19:18:02',NULL),
	(582,362,382,'FromOldSystem','10/19/11','Done',NULL,'4TH QUARTER DUES 2011',NULL,8307,0,1,'2015-08-30 19:18:02',NULL),
	(583,362,382,'FromOldSystem','1/20/12','Done',NULL,'1ST QUARTER DUES 2012',NULL,8307,0,1,'2015-08-30 19:18:03',NULL),
	(584,362,382,'FromOldSystem','4/1/12','Done',NULL,'2ND QUARTER DUES 2012',NULL,8307,0,1,'2015-08-30 19:18:03',NULL),
	(585,362,382,'FromOldSystem','7/1/12','Done',NULL,'3RD QUARTER DUES 2012',NULL,8307,0,1,'2015-08-30 19:18:03',NULL),
	(586,362,382,'FromOldSystem','10/1/12','Done',NULL,'4TH QUARTER DUES 2012',NULL,8307,0,1,'2015-08-30 19:18:03',NULL),
	(587,362,382,'FromOldSystem','1/1/13','Done',NULL,'1ST QUARTER DUES 2013',NULL,8307,0,1,'2015-08-30 19:18:03',NULL),
	(588,362,382,'FromOldSystem','4/1/13','Done',NULL,'2ND QUARTER DUES 2013',NULL,8307,0,1,'2015-08-30 19:18:03',NULL),
	(589,362,382,'FromOldSystem','7/1/13','Done',NULL,'3RD QUARTER DUES 2013',NULL,8307,0,1,'2015-08-30 19:18:03',NULL),
	(590,362,382,'FromOldSystem','10/1/13','Done',NULL,'4TH QUARTER DUES 2013',NULL,8307,0,1,'2015-08-30 19:18:03',NULL),
	(591,362,382,'FromOldSystem','1/1/14','Done',NULL,'1ST QUARTER DUES 2014',NULL,10543.5,0,1,'2015-08-30 19:18:03',NULL),
	(592,362,382,'FromOldSystem','4/1/14','Done',NULL,'2ND QUARTER DUES 2014',NULL,10543.5,0,1,'2015-08-30 19:18:03',NULL),
	(593,362,382,'FromOldSystem','7/1/14','Done',NULL,'3RD QUARTER DUES 2014',NULL,10543.5,0,1,'2015-08-30 19:18:03',NULL),
	(594,362,382,'FromOldSystem','10/1/14','Done',NULL,'3RD QUARTER DUES 2014',NULL,2236.5,0,1,'2015-08-30 19:18:03',NULL),
	(595,362,382,'FromOldSystem','10/1/14','Done',NULL,'4TH QUARTER DUES 2014',NULL,12780,0,1,'2015-08-30 19:18:03',NULL),
	(596,362,382,'FromOldSystem','1/1/15','Done',NULL,'1ST QUARTER DUES 2015',NULL,12780,0,1,'2015-08-30 19:18:04',NULL),
	(597,362,382,'FromOldSystem','3/20/15','Done',NULL,'2ND QUARTER DUES 2015',NULL,12780,0,1,'2015-08-30 19:18:04',NULL),
	(598,362,382,'FromOldSystem','6/20/15','Done',NULL,'3RD QUARTER DUES 2015',NULL,12780,0,1,'2015-08-30 19:18:04',NULL),
	(599,362,382,'FromOldSystem','1/1/11','Done',NULL,'Annual Maintenance Fund - 1st Quarter',NULL,2500,0,1,'2015-08-30 19:18:04',NULL),
	(600,362,382,'FromOldSystem','1/1/11','Done',NULL,'Annual Maintenance Fund - 2nd Quarter',NULL,2500,0,1,'2015-08-30 19:18:04',NULL),
	(601,362,382,'FromOldSystem','7/1/11','Done',NULL,'Annual Maintenance Fund - 3rd Quarter',NULL,2500,0,1,'2015-08-30 19:18:04',NULL),
	(602,362,382,'FromOldSystem','10/19/11','Done',NULL,'Annual Maintenance Fund 4th Quarter',NULL,2500,0,1,'2015-08-30 19:18:04',NULL),
	(603,365,385,'FromOldSystem','6/20/15','Done',NULL,'3RD QUARTER DUES 2015',NULL,12780,0,1,'2015-08-30 19:18:04',NULL),
	(604,366,386,'FromOldSystem','6/20/15','Done',NULL,'3RD QUARTER DUES 2015',NULL,13140,0,1,'2015-08-30 19:18:04',NULL),
	(605,367,387,'FromOldSystem','6/20/15','Done',NULL,'3RD QUARTER DUES 2015',NULL,12120,0,1,'2015-08-30 19:18:04',NULL),
	(606,369,389,'FromOldSystem','4/1/14','Done',NULL,'2ND QUARTER DUES 2014',NULL,10147.5,0,1,'2015-08-30 19:18:05',NULL),
	(607,369,389,'FromOldSystem','7/1/14','Done',NULL,'3RD QUARTER DUES 2014',NULL,10147.5,0,1,'2015-08-30 19:18:05',NULL),
	(608,369,389,'FromOldSystem','10/1/14','Done',NULL,'3RD QUARTER DUES 2014',NULL,2152.5,0,1,'2015-08-30 19:18:05',NULL),
	(609,369,389,'FromOldSystem','10/1/14','Done',NULL,'4TH QUARTER DUES 2014',NULL,12300,0,1,'2015-08-30 19:18:05',NULL),
	(610,369,389,'FromOldSystem','1/1/15','Done',NULL,'1ST QUARTER DUES 2015',NULL,12300,0,1,'2015-08-30 19:18:05',NULL),
	(611,369,389,'FromOldSystem','3/20/15','Done',NULL,'2ND QUARTER DUES 2015',NULL,12300,0,1,'2015-08-30 19:18:05',NULL),
	(612,369,389,'FromOldSystem','6/20/15','Done',NULL,'3RD QUARTER DUES 2015',NULL,12300,0,1,'2015-08-30 19:18:05',NULL),
	(613,364,390,'FromOldSystem','4/1/14','Done',NULL,'2ND QUARTER DUES 2014',NULL,13018.5,0,1,'2015-08-30 19:18:05',NULL),
	(614,364,390,'FromOldSystem','7/1/14','Done',NULL,'3RD QUARTER DUES 2014',NULL,13018.5,0,1,'2015-08-30 19:18:05',NULL),
	(615,364,390,'FromOldSystem','10/1/14','Done',NULL,'3RD QUARTER DUES 2014',NULL,2761.5,0,1,'2015-08-30 19:18:06',NULL),
	(616,364,390,'FromOldSystem','10/1/14','Done',NULL,'4TH QUARTER DUES 2014',NULL,15780,0,1,'2015-08-30 19:18:06',NULL),
	(617,364,390,'FromOldSystem','1/1/15','Done',NULL,'1ST QUARTER DUES 2015',NULL,15780,0,1,'2015-08-30 19:18:06',NULL),
	(618,364,390,'FromOldSystem','3/20/15','Done',NULL,'2ND QUARTER DUES 2015',NULL,15780,0,1,'2015-08-30 19:18:06',NULL),
	(619,364,390,'FromOldSystem','6/20/15','Done',NULL,'3RD QUARTER DUES 2015',NULL,15780,0,1,'2015-08-30 19:18:06',NULL),
	(620,370,391,'FromOldSystem','6/20/15','Done',NULL,'3RD QUARTER DUES 2015',NULL,13140,0,1,'2015-08-30 19:18:06',NULL),
	(621,371,392,'FromOldSystem','1/20/12','Done',NULL,'1ST QUARTER DUES 2012',NULL,8190,0,1,'2015-08-30 19:18:06',NULL),
	(622,371,392,'FromOldSystem','4/1/12','Done',NULL,'2ND QUARTER DUES 2012',NULL,8190,0,1,'2015-08-30 19:18:06',NULL),
	(623,371,392,'FromOldSystem','7/1/12','Done',NULL,'3RD QUARTER DUES 2012',NULL,8190,0,1,'2015-08-30 19:18:06',NULL),
	(624,371,392,'FromOldSystem','10/1/12','Done',NULL,'4TH QUARTER DUES 2012',NULL,8190,0,1,'2015-08-30 19:18:06',NULL),
	(625,371,392,'FromOldSystem','1/1/13','Done',NULL,'1ST QUARTER DUES 2013',NULL,8190,0,1,'2015-08-30 19:18:06',NULL),
	(626,371,392,'FromOldSystem','4/1/13','Done',NULL,'2ND QUARTER DUES 2013',NULL,8190,0,1,'2015-08-30 19:18:06',NULL),
	(627,371,392,'FromOldSystem','7/1/13','Done',NULL,'3RD QUARTER DUES 2013',NULL,8190,0,1,'2015-08-30 19:18:06',NULL),
	(628,371,392,'FromOldSystem','10/1/13','Done',NULL,'4TH QUARTER DUES 2013',NULL,8190,0,1,'2015-08-30 19:18:06',NULL),
	(629,371,392,'FromOldSystem','1/1/14','Done',NULL,'1ST QUARTER DUES 2014',NULL,10395,0,1,'2015-08-30 19:18:07',NULL),
	(630,371,392,'FromOldSystem','4/1/14','Done',NULL,'2ND QUARTER DUES 2014',NULL,10395,0,1,'2015-08-30 19:18:07',NULL),
	(631,371,392,'FromOldSystem','7/1/14','Done',NULL,'3RD QUARTER DUES 2014',NULL,10395,0,1,'2015-08-30 19:18:07',NULL),
	(632,371,392,'FromOldSystem','10/1/14','Done',NULL,'3RD QUARTER DUES 2014',NULL,2205,0,1,'2015-08-30 19:18:07',NULL),
	(633,371,392,'FromOldSystem','10/1/14','Done',NULL,'4TH QUARTER DUES 2014',NULL,12600,0,1,'2015-08-30 19:18:07',NULL),
	(634,371,392,'FromOldSystem','1/1/15','Done',NULL,'1ST QUARTER DUES 2015',NULL,12600,0,1,'2015-08-30 19:18:07',NULL),
	(635,371,392,'FromOldSystem','3/20/15','Done',NULL,'2ND QUARTER DUES 2015',NULL,12600,0,1,'2015-08-30 19:18:08',NULL),
	(636,371,392,'FromOldSystem','6/20/15','Done',NULL,'3RD QUARTER DUES 2015',NULL,12600,0,1,'2015-08-30 19:18:08',NULL),
	(637,373,394,'FromOldSystem','6/20/15','Done',NULL,'3RD QUARTER DUES 2015',NULL,12120,0,1,'2015-08-30 19:18:08',NULL),
	(638,374,395,'FromOldSystem','7/1/14','Done',NULL,'3RD QUARTER DUES 2014',NULL,10642.5,0,1,'2015-08-30 19:18:08',NULL),
	(639,374,395,'FromOldSystem','3/20/15','Done',NULL,'2ND QUARTER DUES 2015',NULL,12900,0,1,'2015-08-30 19:18:08',NULL),
	(640,374,395,'FromOldSystem','6/20/15','Done',NULL,'3RD QUARTER DUES 2015',NULL,12900,0,1,'2015-08-30 19:18:08',NULL),
	(641,374,396,'FromOldSystem','1/1/11','Done',NULL,'Annual Maintenance Fund - 2nd Quarter',NULL,2500,0,1,'2015-08-30 19:18:08',NULL),
	(642,374,396,'FromOldSystem','7/1/11','Done',NULL,'Annual Maintenance Fund - 3rd Quarter',NULL,2500,0,1,'2015-08-30 19:18:08',NULL),
	(643,374,396,'FromOldSystem','4/1/11','Done',NULL,'1ST QUARTER DUES 2011',NULL,11037,0,1,'2015-08-30 19:18:08',NULL),
	(644,374,396,'FromOldSystem','7/1/11','Done',NULL,'2ND QUARTER DUES 2011',NULL,11037,0,1,'2015-08-30 19:18:08',NULL),
	(645,374,396,'FromOldSystem','7/1/14','Done',NULL,'3RD QUARTER DUES 2014',NULL,14008.5,0,1,'2015-08-30 19:18:09',NULL),
	(646,374,396,'FromOldSystem','3/20/15','Done',NULL,'2ND QUARTER DUES 2015',NULL,16980,0,1,'2015-08-30 19:18:09',NULL),
	(647,374,396,'FromOldSystem','6/20/15','Done',NULL,'3RD QUARTER DUES 2015',NULL,16980,0,1,'2015-08-30 19:18:09',NULL),
	(648,374,400,'FromOldSystem','6/20/15','Done',NULL,'3RD QUARTER DUES 2015',NULL,17160,0,1,'2015-08-30 19:18:09',NULL),
	(649,379,401,'FromOldSystem','3/20/15','Done',NULL,'2ND QUARTER DUES 2015',NULL,12600,0,1,'2015-08-30 19:18:09',NULL),
	(650,379,401,'FromOldSystem','6/20/15','Done',NULL,'3RD QUARTER DUES 2015',NULL,12600,0,1,'2015-08-30 19:18:09',NULL),
	(651,379,402,'FromOldSystem','3/20/15','Done',NULL,'2ND QUARTER DUES 2015',NULL,15840,0,1,'2015-08-30 19:18:09',NULL),
	(652,379,402,'FromOldSystem','6/20/15','Done',NULL,'3RD QUARTER DUES 2015',NULL,15840,0,1,'2015-08-30 19:18:09',NULL),
	(653,380,403,'FromOldSystem','6/20/15','Done',NULL,'3RD QUARTER DUES 2015',NULL,13440,0,1,'2015-08-30 19:18:09',NULL),
	(654,381,404,'FromOldSystem','6/20/15','Done',NULL,'3RD QUARTER DUES 2015',NULL,15840,0,1,'2015-08-30 19:18:09',NULL);

/*!40000 ALTER TABLE `association_due` ENABLE KEYS */;
UNLOCK TABLES;

DELIMITER ;;
/*!50003 SET SESSION SQL_MODE="" */;;
/*!50003 CREATE */ /*!50017 DEFINER=`cbotor`@`%` */ /*!50003 TRIGGER `insert_into_jo_from_assoc_due` AFTER UPDATE ON `association_due` FOR EACH ROW begin

declare typeid integer;
declare computed double;
declare check_count integer;
declare job_order_id integer;
declare userid integer;

if (new.status = 'Done') and (new.paid_amount = 0) then 
   
   set typeid = (select job_order_type.id from job_order_type where lower(description) = 'assocdue');
   
   set check_count = (select count(1) from job_orders where request_id = new.id and order_type_id = typeid);
   if (check_count = 0) then  
      insert into job_orders (order_type_id,request_id,created_at,user_id,status,house_id,price) values (typeid,new.id,now(),new.user_id,0,new.house_id,new.amount) ;
   end if;
elseif (new.status = 'Cancel') and (new.paid_amount = 0) then 
	  set typeid = (select job_order_type.id from job_order_type where lower(description) = 'assocdue');
   
      set check_count = (select count(1) from job_orders where request_id = new.id and order_type_id = typeid);
	  if (check_count > 0) then
	     select id into job_order_id from job_orders where request_id = new.id and order_type_id = typeid;
	     delete from ledger where ref_id = job_order_id; 
		 delete from job_orders where request_id = new.id and order_type_id = typeid;
	  end if;
   
else 

   set computed = new.amount - new.paid_amount;
   if (computed = 0) then
      update job_orders set status = 2 where request_id = new.id and order_type_id = 4;
   end if; 	
	
end if;

end */;;
DELIMITER ;
/*!50003 SET SESSION SQL_MODE=@OLD_SQL_MODE */;


# Dump of table billing_details
# ------------------------------------------------------------

DROP TABLE IF EXISTS `billing_details`;

CREATE TABLE `billing_details` (
  `id` int(11) NOT NULL AUTO_INCREMENT,
  `billing_header_id` int(11) DEFAULT NULL,
  `reference_number` varchar(50) DEFAULT NULL,
  `description` varchar(100) DEFAULT NULL,
  `posted_date` varchar(100) DEFAULT NULL,
  `amount` double DEFAULT '0',
  `created_at` timestamp NULL DEFAULT NULL,
  `updated_at` timestamp NULL DEFAULT NULL,
  PRIMARY KEY (`id`),
  KEY `billing_header_id` (`billing_header_id`),
  CONSTRAINT `billing_details_ibfk_1` FOREIGN KEY (`billing_header_id`) REFERENCES `billing_header` (`id`) ON DELETE CASCADE
) ENGINE=InnoDB DEFAULT CHARSET=latin1;



# Dump of table billing_header
# ------------------------------------------------------------

DROP TABLE IF EXISTS `billing_header`;

CREATE TABLE `billing_header` (
  `id` int(11) NOT NULL AUTO_INCREMENT,
  `user_id` int(11) DEFAULT NULL,
  `house_id` int(11) DEFAULT NULL,
  `billing_month` varchar(50) DEFAULT NULL,
  `name` varchar(100) DEFAULT NULL,
  `address` varchar(100) DEFAULT NULL,
  `statement_date` varchar(100) DEFAULT NULL,
  `due_date` varchar(100) DEFAULT NULL,
  `created_at` timestamp NULL DEFAULT NULL,
  `updated_at` timestamp NULL DEFAULT NULL,
  PRIMARY KEY (`id`)
) ENGINE=InnoDB DEFAULT CHARSET=latin1;



# Dump of table billing_history
# ------------------------------------------------------------

DROP TABLE IF EXISTS `billing_history`;

CREATE TABLE `billing_history` (
  `id` int(11) NOT NULL AUTO_INCREMENT,
  `billing_header_id` int(11) DEFAULT NULL,
  `report_name` varchar(150) DEFAULT NULL,
  `report_date` timestamp NULL DEFAULT NULL,
  `created_at` timestamp NULL DEFAULT NULL,
  `updated_at` timestamp NULL DEFAULT NULL,
  PRIMARY KEY (`id`),
  KEY `billing_header_id` (`billing_header_id`),
  CONSTRAINT `billing_history_ibfk_1` FOREIGN KEY (`billing_header_id`) REFERENCES `billing_header` (`id`) ON DELETE CASCADE
) ENGINE=InnoDB DEFAULT CHARSET=latin1;



# Dump of table billing_summary
# ------------------------------------------------------------

DROP TABLE IF EXISTS `billing_summary`;

CREATE TABLE `billing_summary` (
  `id` int(11) NOT NULL AUTO_INCREMENT,
  `billing_header_id` int(11) DEFAULT NULL,
  `paid_amount` double DEFAULT '0',
  `billed_amount` double DEFAULT '0',
  `past_due_amount` double DEFAULT '0',
  `created_at` timestamp NULL DEFAULT NULL,
  `updated_at` timestamp NULL DEFAULT NULL,
  PRIMARY KEY (`id`),
  KEY `billing_header_id` (`billing_header_id`),
  CONSTRAINT `billing_summary_ibfk_1` FOREIGN KEY (`billing_header_id`) REFERENCES `billing_header` (`id`) ON DELETE CASCADE
) ENGINE=InnoDB DEFAULT CHARSET=latin1;



# Dump of table collections_history
# ------------------------------------------------------------

DROP TABLE IF EXISTS `collections_history`;

CREATE TABLE `collections_history` (
  `id` int(10) unsigned NOT NULL AUTO_INCREMENT,
  `report_name` varchar(80) DEFAULT '',
  `report_date` timestamp NULL DEFAULT NULL,
  PRIMARY KEY (`id`)
) ENGINE=InnoDB DEFAULT CHARSET=latin1;



# Dump of table employee
# ------------------------------------------------------------

DROP TABLE IF EXISTS `employee`;

CREATE TABLE `employee` (
  `id` int(11) NOT NULL AUTO_INCREMENT,
  `user_id` int(11) DEFAULT NULL,
  `house_id` int(11) DEFAULT NULL,
  `birthdate` varchar(255) DEFAULT NULL,
  `civil_status` varchar(255) DEFAULT NULL,
  `enddate` varchar(255) DEFAULT NULL,
  `firstname` varchar(255) DEFAULT NULL,
  `inhouse` varchar(255) DEFAULT NULL,
  `lastname` varchar(255) DEFAULT NULL,
  `middlename` varchar(255) DEFAULT NULL,
  `position` varchar(255) DEFAULT NULL,
  `startdate` varchar(255) DEFAULT NULL,
  `status` varchar(255) DEFAULT NULL,
  `verified` varchar(255) DEFAULT NULL,
  `created_at` timestamp NULL DEFAULT NULL,
  `updated_at` timestamp NULL DEFAULT NULL,
  PRIMARY KEY (`id`)
) ENGINE=InnoDB DEFAULT CHARSET=latin1;



# Dump of table house
# ------------------------------------------------------------

DROP TABLE IF EXISTS `house`;

CREATE TABLE `house` (
  `id` int(11) NOT NULL AUTO_INCREMENT,
  `owner_id` int(11) DEFAULT NULL,
  `addr_number` varchar(45) DEFAULT NULL,
  `addr_street` varchar(45) DEFAULT NULL,
  `type` varchar(45) DEFAULT NULL,
  `phase` int(11) DEFAULT NULL,
  `rented` varchar(1) DEFAULT 'N',
  `title` varchar(45) DEFAULT NULL,
  `lot_area` double DEFAULT NULL,
  `created_at` timestamp NULL DEFAULT NULL,
  `updated_at` timestamp NULL DEFAULT NULL,
  PRIMARY KEY (`id`),
  UNIQUE KEY `id_UNIQUE` (`id`),
  KEY `house_owner_id_idx` (`owner_id`),
  CONSTRAINT `house_owner_id` FOREIGN KEY (`owner_id`) REFERENCES `owner` (`id`) ON DELETE CASCADE
) ENGINE=InnoDB DEFAULT CHARSET=latin1;

LOCK TABLES `house` WRITE;
/*!40000 ALTER TABLE `house` DISABLE KEYS */;

INSERT INTO `house` (`id`, `owner_id`, `addr_number`, `addr_street`, `type`, `phase`, `rented`, `title`, `lot_area`, `created_at`, `updated_at`)
VALUES
	(1,1,'1','juniper','RESIDENT',0,'Y','UPDATE-PLS',490,'2015-08-11 20:05:48','2015-08-11 20:05:48'),
	(2,2,'2','juniper','RESIDENT',0,'Y','UPDATE-PLS',343,'2015-08-11 20:05:51','2015-08-11 20:05:51'),
	(3,3,'3','juniper','RESIDENT',0,'N','UPDATE-PLS',323,'2015-08-11 20:05:54','2015-08-11 20:05:54'),
	(4,4,'2','linden','RESIDENT',0,'N','UPDATE-PLS',374,'2015-08-11 20:05:56','2015-08-11 20:05:56'),
	(5,4,'8','maple','RESIDENT',0,'N','UPDATE-PLS',381,'2015-08-11 20:05:57','2015-08-11 20:05:57'),
	(6,5,'4','juniper','RESIDENT',0,'N','UPDATE-PLS',255,'2015-08-11 20:05:59','2015-08-11 20:05:59'),
	(7,6,'5','juniper','RESIDENT',0,'N','UPDATE-PLS',325,'2015-08-11 20:06:01','2015-08-11 20:06:01'),
	(8,7,'6','juniper','RESIDENT',0,'N','UPDATE-PLS',249,'2015-08-11 20:06:03','2015-08-11 20:06:03'),
	(9,8,'7','juniper','RESIDENT',0,'N','UPDATE-PLS',454,'2015-08-11 20:06:05','2015-08-11 20:06:05'),
	(10,9,'1','linden','RESIDENT',0,'N','UPDATE-PLS',262,'2015-08-11 20:06:07','2015-08-11 20:06:07'),
	(11,10,'7','evergreen','RESIDENT',0,'N','UPDATE-PLS',195,'2015-08-11 20:06:08','2015-08-11 20:06:08'),
	(12,11,'3','linden','RESIDENT',0,'N','UPDATE-PLS',413,'2015-08-11 20:06:10','2015-08-11 20:06:10'),
	(13,12,'5','linden','RESIDENT',0,'N','UPDATE-PLS',296,'2015-08-11 20:06:12','2015-08-11 20:06:12'),
	(14,13,'6','linden','RESIDENT',0,'N','UPDATE-PLS',297,'2015-08-11 20:06:13','2015-08-11 20:06:13'),
	(15,14,'7','Linden','RESIDENT',0,'N','UPDATE-PLS',296,'2015-08-11 20:06:15','2015-08-11 20:06:15'),
	(16,15,'8','Linden','RESIDENT',0,'N','UPDATE-PLS',320,'2015-08-11 20:06:17','2015-08-11 20:06:17'),
	(17,16,'9','Linden','RESIDENT',0,'N','UPDATE-PLS',282,'2015-08-11 20:06:19','2015-08-11 20:06:19'),
	(18,17,'10','Linden','RESIDENT',0,'N','UPDATE-PLS',292,'2015-08-11 20:06:21','2015-08-11 20:06:21'),
	(19,18,'11','Linden','RESIDENT',0,'N','UPDATE-PLS',315,'2015-08-11 20:06:23','2015-08-11 20:06:23'),
	(20,19,'1','Myrtle ','RESIDENT',0,'N','UPDATE-PLS',315,'2015-08-11 20:06:25','2015-08-11 20:06:25'),
	(21,20,'2','Myrtle ','RESIDENT',0,'Y','UPDATE-PLS',292,'2015-08-11 20:06:26','2015-08-11 20:06:26'),
	(22,21,'3','Myrtle ','RESIDENT',0,'N','UPDATE-PLS',282,'2015-08-11 20:06:28','2015-08-11 20:06:28'),
	(23,22,'4','Myrtle ','RESIDENT',0,'N','UPDATE-PLS',319,'2015-08-11 20:06:30','2015-08-11 20:06:30'),
	(24,23,'5','Myrtle ','RESIDENT',0,'N','UPDATE-PLS',312,'2015-08-11 20:06:32','2015-08-11 20:06:32'),
	(25,24,'6','Myrtle ','RESIDENT',0,'N','UPDATE-PLS',314,'2015-08-11 20:06:33','2015-08-11 20:06:33'),
	(26,25,'7','Myrtle ','RESIDENT',0,'N','UPDATE-PLS',323,'2015-08-11 20:06:35','2015-08-11 20:06:35'),
	(27,26,'8','Myrtle ','RESIDENT',0,'N','UPDATE-PLS',250,'2015-08-11 20:06:37','2015-08-11 20:06:37'),
	(28,27,'9','Myrtle ','RESIDENT',0,'N','UPDATE-PLS',290,'2015-08-11 20:06:39','2015-08-11 20:06:39'),
	(29,28,'10','Myrtle ','RESIDENT',0,'N','UPDATE-PLS',285,'2015-08-11 20:06:41','2015-08-11 20:06:41'),
	(30,29,'11','Myrtle ','RESIDENT',0,'N','UPDATE-PLS',318,'2015-08-11 20:06:42','2015-08-11 20:06:42'),
	(31,30,'12','Myrtle ','RESIDENT',0,'N','UPDATE-PLS',272,'2015-08-11 20:06:44','2015-08-11 20:06:44'),
	(32,31,'1','Oak ','RESIDENT',0,'N','UPDATE-PLS',318,'2015-08-11 20:06:46','2015-08-11 20:06:46'),
	(33,32,'2','Oak ','RESIDENT',0,'Y','UPDATE-PLS',280,'2015-08-11 20:06:48','2015-08-11 20:06:48'),
	(34,33,'3','Oak ','RESIDENT',0,'N','UPDATE-PLS',305,'2015-08-11 20:06:50','2015-08-11 20:06:50'),
	(35,34,'4','Oak ','RESIDENT',0,'N','UPDATE-PLS',327,'2015-08-11 20:06:51','2015-08-11 20:06:51'),
	(36,35,'5','Oak ','RESIDENT',0,'N','UPDATE-PLS',301,'2015-08-11 20:06:53','2015-08-11 20:06:53'),
	(37,36,'6','Oak ','RESIDENT',0,'N','UPDATE-PLS',300,'2015-08-11 20:06:55','2015-08-11 20:06:55'),
	(38,37,'7','Oak ','RESIDENT',0,'N','UPDATE-PLS',307,'2015-08-11 20:06:57','2015-08-11 20:06:57'),
	(39,37,'6','Mulberry ','RESIDENT',0,'N','UPDATE-PLS',350,'2015-08-11 20:06:58','2015-08-11 20:06:58'),
	(40,38,'8','Oak ','RESIDENT',0,'N','UPDATE-PLS',270,'2015-08-11 20:07:00','2015-08-11 20:07:00'),
	(41,39,'9','Oak ','RESIDENT',0,'N','UPDATE-PLS',363,'2015-08-11 20:07:01','2015-08-11 20:07:01'),
	(42,40,'10','Oak ','RESIDENT',0,'N','UPDATE-PLS',286,'2015-08-11 20:07:03','2015-08-11 20:07:03'),
	(43,41,'11','Oak ','RESIDENT',0,'N','UPDATE-PLS',410,'2015-08-11 20:07:05','2015-08-11 20:07:05'),
	(44,42,'12','Sycamore ','RESIDENT',0,'N','UPDATE-PLS',269,'2015-08-11 20:07:07','2015-08-11 20:07:07'),
	(45,43,'16','Sycamore ','LOT',0,'N','UPDATE-PLS',263,'2015-08-11 20:07:09','2015-08-11 20:07:09'),
	(46,44,'1','Palm ','RESIDENT',0,'N','UPDATE-PLS',285,'2015-08-11 20:07:10','2015-08-11 20:07:10'),
	(47,45,'2','Palm ','RESIDENT',0,'N','UPDATE-PLS',252,'2015-08-11 20:07:12','2015-08-11 20:07:12'),
	(48,46,'3','Palm ','RESIDENT',0,'Y','UPDATE-PLS',283,'2015-08-11 20:07:13','2015-08-11 20:07:13'),
	(49,47,'4','Palm ','RESIDENT',0,'N','UPDATE-PLS',313,'2015-08-11 20:07:16','2015-08-11 20:07:16'),
	(50,48,'1','Mulberry ','RESIDENT',0,'N','UPDATE-PLS',343,'2015-08-11 20:07:17','2015-08-11 20:07:17'),
	(51,49,'2','Hickory ','RESIDENT',0,'N','UPDATE-PLS',241,'2015-08-11 20:07:19','2015-08-11 20:07:19'),
	(52,50,'5','Palm ','RESIDENT',0,'N','UPDATE-PLS',379,'2015-08-11 20:07:21','2015-08-11 20:07:21'),
	(53,51,'6','Palm ','RESIDENT',0,'Y','UPDATE-PLS',364,'2015-08-11 20:07:22','2015-08-11 20:07:22'),
	(54,52,'7','Palm ','RESIDENT',0,'N','UPDATE-PLS',388,'2015-08-11 20:07:24','2015-08-11 20:07:24'),
	(55,53,'8','Palm ','RESIDENT',0,'N','UPDATE-PLS',387,'2015-08-11 20:07:26','2015-08-11 20:07:26'),
	(56,54,'9','Palm ','RESIDENT',0,'N','UPDATE-PLS',319,'2015-08-11 20:07:28','2015-08-11 20:07:28'),
	(57,55,'10','Palm ','RESIDENT',0,'N','UPDATE-PLS',379,'2015-08-11 20:07:29','2015-08-11 20:07:29'),
	(58,56,'11','Palm ','RESIDENT',0,'N','UPDATE-PLS',359,'2015-08-11 20:07:31','2015-08-11 20:07:31'),
	(59,57,'1','Aspen ','RESIDENT',0,'N','UPDATE-PLS',382,'2015-08-11 20:07:32','2015-08-11 20:07:32'),
	(60,58,'2','Aspen ','RESIDENT',0,'Y','UPDATE-PLS',267,'2015-08-11 20:07:34','2015-08-11 20:07:34'),
	(61,59,'3','Aspen ','RESIDENT',0,'N','UPDATE-PLS',281,'2015-08-11 20:07:36','2015-08-11 20:07:36'),
	(62,60,'4','Aspen ','RESIDENT',0,'N','UPDATE-PLS',281,'2015-08-11 20:07:38','2015-08-11 20:07:38'),
	(63,61,'5','Aspen ','RESIDENT',0,'N','UPDATE-PLS',265,'2015-08-11 20:07:40','2015-08-11 20:07:40'),
	(64,62,'6','Aspen ','RESIDENT',0,'N','UPDATE-PLS',266,'2015-08-11 20:07:41','2015-08-11 20:07:41'),
	(65,63,'7','Aspen ','RESIDENT',0,'N','UPDATE-PLS',297,'2015-08-11 20:07:43','2015-08-11 20:07:43'),
	(66,64,'8','Aspen ','RESIDENT',0,'Y','UPDATE-PLS',245,'2015-08-11 20:07:45','2015-08-11 20:07:45'),
	(67,64,'11','Ferndale South','LOT',0,'N','UPDATE-PLS',248,'2015-08-11 20:07:47','2015-08-11 20:07:47'),
	(68,65,'10','Cottonwood ','LOT',0,'N','UPDATE-PLS',284,'2015-08-11 20:07:49','2015-08-11 20:07:49'),
	(69,66,'9','Aspen ','RESIDENT',0,'Y','UPDATE-PLS',292,'2015-08-11 20:07:51','2015-08-11 20:07:51'),
	(70,67,'1','Banyan','RESIDENT',0,'N','UPDATE-PLS',353,'2015-08-11 20:07:53','2015-08-11 20:07:53'),
	(71,68,'2','Banyan','RESIDENT',0,'N','UPDATE-PLS',243,'2015-08-11 20:07:55','2015-08-11 20:07:55'),
	(72,69,'3','Banyan','RESIDENT',0,'N','UPDATE-PLS',217,'2015-08-11 20:07:56','2015-08-11 20:07:56'),
	(73,70,'4','Banyan','RESIDENT',0,'Y','UPDATE-PLS',300,'2015-08-11 20:07:58','2015-08-11 20:07:58'),
	(74,71,'8','Banyan','RESIDENT',0,'N','UPDATE-PLS',219,'2015-08-11 20:08:00','2015-08-11 20:08:00'),
	(75,72,'9','Banyan','RESIDENT',0,'N','UPDATE-PLS',353,'2015-08-11 20:08:02','2015-08-11 20:08:02'),
	(76,73,'5','Banyan','RESIDENT',0,'N','UPDATE-PLS',195,'2015-08-11 20:08:04','2015-08-11 20:08:04'),
	(77,74,'6','Banyan','RESIDENT',0,'N','UPDATE-PLS',195,'2015-08-11 20:08:05','2015-08-11 20:08:05'),
	(78,75,'7','Banyan','RESIDENT',0,'N','UPDATE-PLS',298,'2015-08-11 20:08:07','2015-08-11 20:08:07'),
	(79,76,'1','Cedar ','RESIDENT',0,'N','UPDATE-PLS',358,'2015-08-11 20:08:08','2015-08-11 20:08:08'),
	(80,77,'2','Cedar ','RESIDENT',0,'N','UPDATE-PLS',292,'2015-08-11 20:08:10','2015-08-11 20:08:10'),
	(81,78,'3','Cedar ','RESIDENT',0,'N','UPDATE-PLS',346,'2015-08-11 20:08:11','2015-08-11 20:08:11'),
	(82,79,'4','Cedar ','RESIDENT',0,'N','UPDATE-PLS',379,'2015-08-11 20:08:13','2015-08-11 20:08:13'),
	(83,80,'5','Cedar ','RESIDENT',0,'Y','UPDATE-PLS',343,'2015-08-11 20:08:14','2015-08-11 20:08:14'),
	(84,81,'6','Cedar ','RESIDENT',0,'N','UPDATE-PLS',303,'2015-08-11 20:08:17','2015-08-11 20:08:17'),
	(85,82,'7','Cedar ','RESIDENT',0,'N','UPDATE-PLS',292,'2015-08-11 20:08:18','2015-08-11 20:08:18'),
	(86,83,'8','Cedar ','RESIDENT',0,'N','UPDATE-PLS',296,'2015-08-11 20:08:20','2015-08-11 20:08:20'),
	(87,84,'9','Cedar ','RESIDENT',0,'N','UPDATE-PLS',284,'2015-08-11 20:08:22','2015-08-11 20:08:22'),
	(88,85,'4','Mulberry ','RESIDENT',0,'N','UPDATE-PLS',318,'2015-08-11 20:08:23','2015-08-11 20:08:23'),
	(89,86,'10','Cedar ','RESIDENT',0,'N','UPDATE-PLS',327,'2015-08-11 20:08:25','2015-08-11 20:08:25'),
	(90,87,'1','Evergreen ','RESIDENT',0,'N','UPDATE-PLS',352,'2015-08-11 20:08:27','2015-08-11 20:08:27'),
	(91,88,'2','Evergreen ','RESIDENT',0,'N','UPDATE-PLS',243,'2015-08-11 20:08:28','2015-08-11 20:08:28'),
	(92,89,'3','Evergreen ','RESIDENT',0,'N','UPDATE-PLS',220,'2015-08-11 20:08:30','2015-08-11 20:08:30'),
	(93,90,'4','Evergreen ','RESIDENT',0,'N','UPDATE-PLS',322,'2015-08-11 20:08:32','2015-08-11 20:08:32'),
	(94,91,'5','Evergreen ','RESIDENT',0,'N','UPDATE-PLS',195,'2015-08-11 20:08:33','2015-08-11 20:08:33'),
	(95,92,'6','Evergreen ','RESIDENT',0,'N','UPDATE-PLS',195,'2015-08-11 20:08:35','2015-08-11 20:08:35'),
	(96,93,'8','Evergreen ','RESIDENT',0,'N','UPDATE-PLS',311,'2015-08-11 20:08:37','2015-08-11 20:08:37'),
	(97,94,'9','Evergreen ','RESIDENT',0,'N','UPDATE-PLS',232,'2015-08-11 20:08:39','2015-08-11 20:08:39'),
	(98,95,'10','Evergreen ','RESIDENT',0,'N','UPDATE-PLS',352,'2015-08-11 20:08:40','2015-08-11 20:08:40'),
	(99,96,'11','Evergreen ','RESIDENT',0,'N','UPDATE-PLS',243,'2015-08-11 20:08:42','2015-08-11 20:08:42'),
	(100,97,'1','Flametree ','RESIDENT',0,'N','UPDATE-PLS',279,'2015-08-11 20:08:44','2015-08-11 20:08:44'),
	(101,98,'2','Flametree ','RESIDENT',0,'N','UPDATE-PLS',202,'2015-08-11 20:08:45','2015-08-11 20:08:45'),
	(102,99,'4','Flametree ','RESIDENT',0,'N','UPDATE-PLS',188,'2015-08-11 20:08:47','2015-08-11 20:08:47'),
	(103,99,'5','Flametree ','RESIDENT',0,'N','UPDATE-PLS',188,'2015-08-11 20:08:49','2015-08-11 20:08:49'),
	(104,100,'3','Flametree ','RESIDENT',0,'N','UPDATE-PLS',291,'2015-08-11 20:08:50','2015-08-11 20:08:50'),
	(105,101,'6','Flametree ','RESIDENT',0,'N','UPDATE-PLS',303,'2015-08-11 20:08:52','2015-08-11 20:08:52'),
	(106,102,'7','Flametree ','RESIDENT',0,'N','UPDATE-PLS',300,'2015-08-11 20:08:54','2015-08-11 20:08:54'),
	(107,103,'8','Flametree ','RESIDENT',0,'Y','UPDATE-PLS',266,'2015-08-11 20:08:56','2015-08-11 20:08:56'),
	(108,104,'9','Flametree ','RESIDENT',0,'N','UPDATE-PLS',292,'2015-08-11 20:08:58','2015-08-11 20:08:58'),
	(109,105,'1','Hickory ','RESIDENT',0,'N','UPDATE-PLS',351,'2015-08-11 20:09:00','2015-08-11 20:09:00'),
	(110,106,'3','Hickory ','RESIDENT',0,'N','UPDATE-PLS',219,'2015-08-11 20:09:01','2015-08-11 20:09:01'),
	(111,106,'12.A','Butternut','RESIDENT',0,'N','UPDATE-PLS',272,'2015-08-11 20:09:03','2015-08-11 20:09:03'),
	(112,106,'12.B','Butternut','RESIDENT',0,'N','UPDATE-PLS',241,'2015-08-11 20:09:04','2015-08-11 20:09:04'),
	(113,106,'12.C','Butternut','RESIDENT',0,'N','UPDATE-PLS',237,'2015-08-11 20:09:09','2015-08-11 20:09:09'),
	(114,107,'3','Laurel','LOT',0,'N','UPDATE-PLS',221,'2015-08-11 20:09:10','2015-08-11 20:09:10'),
	(115,108,'4','Hickory ','RESIDENT',0,'N','UPDATE-PLS',317,'2015-08-11 20:09:12','2015-08-11 20:09:12'),
	(116,109,'5','Hickory ','RESIDENT',0,'N','UPDATE-PLS',195,'2015-08-11 20:09:13','2015-08-11 20:09:13'),
	(117,110,'6','Hickory ','RESIDENT',0,'N','UPDATE-PLS',195,'2015-08-11 20:09:15','2015-08-11 20:09:15'),
	(118,111,'7','Hickory ','RESIDENT',0,'N','UPDATE-PLS',195,'2015-08-11 20:09:17','2015-08-11 20:09:17'),
	(119,112,'8','Hickory ','RESIDENT',0,'N','UPDATE-PLS',321,'2015-08-11 20:09:18','2015-08-11 20:09:18'),
	(120,113,'9','Hickory ','RESIDENT',0,'N','UPDATE-PLS',221,'2015-08-11 20:09:20','2015-08-11 20:09:20'),
	(121,114,'10','Hickory ','RESIDENT',0,'N','UPDATE-PLS',353,'2015-08-11 20:09:21','2015-08-11 20:09:21'),
	(122,115,'11','Hickory ','RESIDENT',0,'N','UPDATE-PLS',243,'2015-08-11 20:09:23','2015-08-11 20:09:23'),
	(123,116,'1','Cypress ','RESIDENT',0,'Y','UPDATE-PLS',318,'2015-08-11 20:09:25','2015-08-11 20:09:25'),
	(124,116,'9','Cypress ','RESIDENT',0,'N','UPDATE-PLS',360,'2015-08-11 20:09:27','2015-08-11 20:09:27'),
	(125,117,'2','Cypress ','RESIDENT',0,'N','UPDATE-PLS',226,'2015-08-11 20:09:28','2015-08-11 20:09:28'),
	(126,118,'3','Cypress ','RESIDENT',0,'N','UPDATE-PLS',225,'2015-08-11 20:09:30','2015-08-11 20:09:30'),
	(127,119,'4','Cypress ','RESIDENT',0,'N','UPDATE-PLS',225,'2015-08-11 20:09:31','2015-08-11 20:09:31'),
	(128,120,'5','Cypress ','RESIDENT',0,'N','UPDATE-PLS',319,'2015-08-11 20:09:33','2015-08-11 20:09:33'),
	(129,121,'6','Cypress ','RESIDENT',0,'N','UPDATE-PLS',443,'2015-08-11 20:09:34','2015-08-11 20:09:34'),
	(130,122,'7','Cypress ','RESIDENT',0,'Y','UPDATE-PLS',379,'2015-08-11 20:09:36','2015-08-11 20:09:36'),
	(131,123,'8','Cypress ','RESIDENT',0,'N','UPDATE-PLS',359,'2015-08-11 20:09:38','2015-08-11 20:09:38'),
	(132,124,'10','Cypress ','RESIDENT',0,'N','UPDATE-PLS',360,'2015-08-11 20:09:40','2015-08-11 20:09:40'),
	(133,125,'11','Cypress ','RESIDENT',0,'N','UPDATE-PLS',279,'2015-08-11 20:09:42','2015-08-11 20:09:42'),
	(134,126,'12','Cypress ','RESIDENT',0,'N','UPDATE-PLS',314,'2015-08-11 20:09:43','2015-08-11 20:09:43'),
	(135,127,'14','Cypress ','RESIDENT',0,'N','UPDATE-PLS',300,'2015-08-11 20:09:45','2015-08-11 20:09:45'),
	(136,128,'15','Cypress ','RESIDENT',0,'N','UPDATE-PLS',288,'2015-08-11 20:09:47','2015-08-11 20:09:47'),
	(137,129,'16','Cypress ','RESIDENT',0,'N','UPDATE-PLS',298,'2015-08-11 20:09:48','2015-08-11 20:09:48'),
	(138,130,'1','Maple','RESIDENT',0,'N','UPDATE-PLS',338,'2015-08-11 20:09:50','2015-08-11 20:09:50'),
	(139,131,'2','Maple','RESIDENT',0,'N','UPDATE-PLS',323,'2015-08-11 20:09:52','2015-08-11 20:09:52'),
	(140,132,'3','Maple','RESIDENT',0,'N','UPDATE-PLS',361,'2015-08-11 20:09:53','2015-08-11 20:09:53'),
	(141,133,'4','Maple','RESIDENT',0,'N','UPDATE-PLS',317,'2015-08-11 20:09:56','2015-08-11 20:09:56'),
	(142,134,'5','Maple','RESIDENT',0,'N','UPDATE-PLS',236,'2015-08-11 20:09:57','2015-08-11 20:09:57'),
	(143,135,'6','Maple','RESIDENT',0,'N','UPDATE-PLS',314,'2015-08-11 20:09:59','2015-08-11 20:09:59'),
	(144,135,'5','Butternut ','LOT',0,'N','UPDATE-PLS',292,'2015-08-11 20:10:00','2015-08-11 20:10:00'),
	(145,136,'7','Maple','RESIDENT',0,'N','UPDATE-PLS',237,'2015-08-11 20:10:02','2015-08-11 20:10:02'),
	(146,137,'9','Maple','RESIDENT',0,'N','UPDATE-PLS',231,'2015-08-11 20:10:03','2015-08-11 20:10:03'),
	(147,138,'10','Maple','RESIDENT',0,'N','UPDATE-PLS',336,'2015-08-11 20:10:05','2015-08-11 20:10:05'),
	(148,139,'1','Alder ','RESIDENT',0,'N','UPDATE-PLS',319,'2015-08-11 20:10:07','2015-08-11 20:10:07'),
	(149,140,'2','Alder ','RESIDENT',0,'N','UPDATE-PLS',199,'2015-08-11 20:10:08','2015-08-11 20:10:08'),
	(150,141,'3','Alder ','RESIDENT',0,'N','UPDATE-PLS',200,'2015-08-11 20:10:10','2015-08-11 20:10:10'),
	(151,142,'4','Alder ','RESIDENT',0,'N','UPDATE-PLS',378,'2015-08-11 20:10:11','2015-08-11 20:10:11'),
	(152,143,'5','Alder ','RESIDENT',0,'Y','UPDATE-PLS',291,'2015-08-11 20:10:13','2015-08-11 20:10:13'),
	(153,144,'6','Alder ','RESIDENT',0,'Y','UPDATE-PLS',239,'2015-08-11 20:10:15','2015-08-11 20:10:15'),
	(154,145,'7','Alder ','RESIDENT',0,'N','UPDATE-PLS',402,'2015-08-11 20:10:18','2015-08-11 20:10:18'),
	(155,146,'8','Alder ','RESIDENT',0,'N','UPDATE-PLS',257,'2015-08-11 20:10:19','2015-08-11 20:10:19'),
	(156,147,'9','Alder ','RESIDENT',0,'N','UPDATE-PLS',361,'2015-08-11 20:10:21','2015-08-11 20:10:21'),
	(157,148,'10','Alder ','RESIDENT',0,'N','UPDATE-PLS',319,'2015-08-11 20:10:23','2015-08-11 20:10:23'),
	(158,149,'11','Alder ','RESIDENT',0,'N','UPDATE-PLS',328,'2015-08-11 20:10:24','2015-08-11 20:10:24'),
	(159,150,'12','Alder ','RESIDENT',0,'Y','UPDATE-PLS',298,'2015-08-11 20:10:26','2015-08-11 20:10:26'),
	(160,151,'2','Birch ','RESIDENT',0,'N','UPDATE-PLS',206,'2015-08-11 20:10:28','2015-08-11 20:10:28'),
	(161,151,'3','Olive ','RESIDENT',0,'N','UPDATE-PLS',324,'2015-08-11 20:10:30','2015-08-11 20:10:30'),
	(162,151,'9','Olive ','RESIDENT',0,'N','UPDATE-PLS',401,'2015-08-11 20:10:31','2015-08-11 20:10:31'),
	(163,152,'1','Birch ','RESIDENT',0,'N','UPDATE-PLS',360,'2015-08-11 20:10:33','2015-08-11 20:10:33'),
	(164,153,'3','Birch ','RESIDENT',0,'N','UPDATE-PLS',247,'2015-08-11 20:10:35','2015-08-11 20:10:35'),
	(165,154,'4','Birch ','RESIDENT',0,'N','UPDATE-PLS',341,'2015-08-11 20:10:36','2015-08-11 20:10:36'),
	(166,155,'5','Birch ','RESIDENT',0,'N','UPDATE-PLS',205,'2015-08-11 20:10:38','2015-08-11 20:10:38'),
	(167,156,'6','Birch ','RESIDENT',0,'N','UPDATE-PLS',246,'2015-08-11 20:10:40','2015-08-11 20:10:40'),
	(168,157,'7','Birch ','RESIDENT',0,'N','UPDATE-PLS',348,'2015-08-11 20:10:41','2015-08-11 20:10:41'),
	(169,158,'1','Olive ','RESIDENT',0,'N','UPDATE-PLS',420,'2015-08-11 20:10:43','2015-08-11 20:10:43'),
	(170,158,'1','Chestnut ','LOT',0,'N','UPDATE-PLS',431,'2015-08-11 20:10:44','2015-08-11 20:10:44'),
	(171,158,'2','Chestnut ','LOT',0,'N','UPDATE-PLS',378,'2015-08-11 20:10:46','2015-08-11 20:10:46'),
	(172,159,'2','Olive ','RESIDENT',0,'Y','UPDATE-PLS',311,'2015-08-11 20:10:48','2015-08-11 20:10:48'),
	(173,160,'4','Olive ','RESIDENT',0,'N','UPDATE-PLS',354,'2015-08-11 20:10:50','2015-08-11 20:10:50'),
	(174,161,'5','Olive ','RESIDENT',0,'N','UPDATE-PLS',211,'2015-08-11 20:10:52','2015-08-11 20:10:52'),
	(175,162,'6','Olive ','RESIDENT',0,'N','UPDATE-PLS',359,'2015-08-11 20:10:54','2015-08-11 20:10:54'),
	(176,163,'7','Olive ','RESIDENT',0,'N','UPDATE-PLS',242,'2015-08-11 20:10:56','2015-08-11 20:10:56'),
	(177,164,'8','Olive ','RESIDENT',0,'N','UPDATE-PLS',226,'2015-08-11 20:10:57','2015-08-11 20:10:57'),
	(178,165,'10','Olive ','RESIDENT',0,'Y','UPDATE-PLS',232,'2015-08-11 20:10:59','2015-08-11 20:10:59'),
	(179,166,'11','Olive ','RESIDENT',0,'N','UPDATE-PLS',231,'2015-08-11 20:11:02','2015-08-11 20:11:02'),
	(180,167,'12','Olive ','RESIDENT',0,'N','UPDATE-PLS',362,'2015-08-11 20:11:03','2015-08-11 20:11:03'),
	(181,168,'2','Mulberry ','RESIDENT',0,'N','UPDATE-PLS',288,'2015-08-11 20:11:05','2015-08-11 20:11:05'),
	(182,169,'3','Mulberry ','RESIDENT',0,'N','UPDATE-PLS',349,'2015-08-11 20:11:07','2015-08-11 20:11:07'),
	(183,170,'5','Mulberry ','RESIDENT',0,'N','UPDATE-PLS',256,'2015-08-11 20:11:09','2015-08-11 20:11:09'),
	(184,171,'7','Mulberry ','RESIDENT',0,'N','UPDATE-PLS',239,'2015-08-11 20:11:11','2015-08-11 20:11:11'),
	(185,172,'8','Mulberry ','RESIDENT',0,'N','UPDATE-PLS',213,'2015-08-11 20:11:12','2015-08-11 20:11:12'),
	(186,173,'9','Mulberry ','RESIDENT',0,'N','UPDATE-PLS',237,'2015-08-11 20:11:14','2015-08-11 20:11:14'),
	(187,174,'10','Mulberry ','RESIDENT',0,'Y','UPDATE-PLS',244,'2015-08-11 20:11:16','2015-08-11 20:11:16'),
	(188,175,'12','Mulberry ','RESIDENT',0,'N','UPDATE-PLS',287,'2015-08-11 20:11:19','2015-08-11 20:11:19'),
	(189,175,'7','Sycamore ','LOT',0,'N','UPDATE-PLS',257,'2015-08-11 20:11:21','2015-08-11 20:11:21'),
	(190,176,'11','Mulberry ','RESIDENT',0,'N','UPDATE-PLS',204,'2015-08-11 20:11:22','2015-08-11 20:11:22'),
	(191,177,'14','Mulberry ','RESIDENT',0,'N','UPDATE-PLS',226,'2015-08-11 20:11:24','2015-08-11 20:11:24'),
	(192,178,'15','Mulberry ','RESIDENT',0,'N','UPDATE-PLS',278,'2015-08-11 20:11:25','2015-08-11 20:11:25'),
	(193,179,'16','Mulberry ','RESIDENT',0,'N','UPDATE-PLS',229,'2015-08-11 20:11:27','2015-08-11 20:11:27'),
	(194,180,'17','Mulberry ','RESIDENT',0,'N','UPDATE-PLS',235,'2015-08-11 20:11:28','2015-08-11 20:11:28'),
	(195,181,'7','Basswood','RESIDENT',0,'N','UPDATE-PLS',220,'2015-08-11 20:11:30','2015-08-11 20:11:30'),
	(196,182,'18','Basswood','RESIDENT',0,'N','UPDATE-PLS',229,'2015-08-11 20:11:32','2015-08-11 20:11:32'),
	(197,183,'21','Basswood','RESIDENT',0,'N','UPDATE-PLS',217,'2015-08-11 20:11:33','2015-08-11 20:11:33'),
	(198,184,'22','Basswood','RESIDENT',0,'N','UPDATE-PLS',228,'2015-08-11 20:11:36','2015-08-11 20:11:36'),
	(199,185,'19','Basswood','RESIDENT',0,'N','UPDATE-PLS',211,'2015-08-11 20:11:37','2015-08-11 20:11:37'),
	(200,186,'10','Basswood','RESIDENT',0,'N','UPDATE-PLS',234,'2015-08-11 20:11:39','2015-08-11 20:11:39'),
	(201,187,'8','Basswood','LOT',0,'N','UPDATE-PLS',234,'2015-08-11 20:11:40','2015-08-11 20:11:40'),
	(202,187,'6','Basswood','RESIDENT',0,'N','UPDATE-PLS',234,'2015-08-11 20:11:41','2015-08-11 20:11:41'),
	(203,188,'16','Basswood','RESIDENT',0,'N','UPDATE-PLS',242,'2015-08-11 20:11:43','2015-08-11 20:11:43'),
	(204,43,'5','Basswood','LOT',0,'N','UPDATE-PLS',205,'2015-08-11 20:11:45','2015-08-11 20:11:45'),
	(205,189,'2','Laurel ','LOT',0,'N','UPDATE-PLS',222,'2015-08-11 20:11:46','2015-08-11 20:11:46'),
	(206,190,'11','Basswood','ON GOING',0,'N','UPDATE-PLS',208,'2015-08-11 20:11:48','2015-08-11 20:11:48'),
	(207,191,'9','Basswood','ON GOING',0,'N','UPDATE-PLS',226,'2015-08-11 20:11:50','2015-08-11 20:11:50'),
	(208,192,'12','Basswood','ON GOING',0,'N','UPDATE-PLS',225,'2015-08-11 20:11:51','2015-08-11 20:11:51'),
	(209,193,'15','Basswood','LOT',0,'N','UPDATE-PLS',232,'2015-08-11 20:11:53','2015-08-11 20:11:53'),
	(210,194,'17','Basswood','ON GOING',0,'N','UPDATE-PLS',219,'2015-08-11 20:11:55','2015-08-11 20:11:55'),
	(211,195,'20','Basswood','RESIDENT',0,'N','UPDATE-PLS',238,'2015-08-11 20:11:56','2015-08-11 20:11:56'),
	(212,196,'26','Basswood','LOT',0,'N','UPDATE-PLS',225,'2015-08-11 20:11:58','2015-08-11 20:11:58'),
	(213,197,'30','Basswood','LOT',0,'N','UPDATE-PLS',232,'2015-08-11 20:11:59','2015-08-11 20:11:59'),
	(214,197,'28','Basswood','LOT',0,'N','UPDATE-PLS',225,'2015-08-11 20:12:01','2015-08-11 20:12:01'),
	(215,198,'27','Basswood','RESIDENT',0,'N','UPDATE-PLS',202,'2015-08-11 20:12:02','2015-08-11 20:12:02'),
	(216,199,'29','Basswood','ON GOING',0,'N','UPDATE-PLS',229,'2015-08-11 20:12:04','2015-08-11 20:12:04'),
	(217,200,'1.A','Butternut ','RESIDENT',0,'N','UPDATE-PLS',266,'2015-08-11 20:12:06','2015-08-11 20:12:06'),
	(218,200,'1.B','Butternut ','RESIDENT',0,'N','UPDATE-PLS',277,'2015-08-11 20:12:07','2015-08-11 20:12:07'),
	(219,201,'2','Butternut ','RESIDENT',0,'N','UPDATE-PLS',242,'2015-08-11 20:12:09','2015-08-11 20:12:09'),
	(220,202,'9','Butternut ','LOT',0,'N','UPDATE-PLS',297,'2015-08-11 20:12:11','2015-08-11 20:12:11'),
	(221,203,'7','Butternut ','RESIDENT',0,'N','UPDATE-PLS',296,'2015-08-11 20:12:13','2015-08-11 20:12:13'),
	(222,204,'18','Butternut ','LOT',0,'N','UPDATE-PLS',305,'2015-08-11 20:12:14','2015-08-11 20:12:14'),
	(223,205,'16','Butternut ','RESIDENT',0,'N','UPDATE-PLS',282,'2015-08-11 20:12:16','2015-08-11 20:12:16'),
	(224,206,'12','Butternut ','RESIDENT',0,'N','UPDATE-PLS',235,'2015-08-11 20:12:18','2015-08-11 20:12:18'),
	(225,207,'19','Butternut ','LOT',0,'N','UPDATE-PLS',208,'2015-08-11 20:12:19','2015-08-11 20:12:19'),
	(226,208,'3','Chestnut ','RESIDENT',0,'N','UPDATE-PLS',370,'2015-08-11 20:12:21','2015-08-11 20:12:21'),
	(227,209,'5','Chestnut ','RESIDENT',0,'N','UPDATE-PLS',380,'2015-08-11 20:12:23','2015-08-11 20:12:23'),
	(228,210,'6','Chestnut ','RESIDENT',0,'N','UPDATE-PLS',275,'2015-08-11 20:12:25','2015-08-11 20:12:25'),
	(229,211,'7','Chestnut ','LOT',0,'N','UPDATE-PLS',255,'2015-08-11 20:12:26','2015-08-11 20:12:26'),
	(230,212,'1','Cottonwood ','LOT',0,'N','UPDATE-PLS',250,'2015-08-11 20:12:28','2015-08-11 20:12:28'),
	(231,213,'2','Cottonwood ','LOT',0,'N','UPDATE-PLS',276,'2015-08-11 20:12:30','2015-08-11 20:12:30'),
	(232,214,'5.A','Cottonwood ','RESIDENT',0,'N','UPDATE-PLS',215,'2015-08-11 20:12:31','2015-08-11 20:12:31'),
	(233,214,'5.B','Cottonwood ','RESIDENT',0,'N','UPDATE-PLS',215,'2015-08-11 20:12:33','2015-08-11 20:12:33'),
	(234,215,'6','Cottonwood ','LOT',0,'N','UPDATE-PLS',278,'2015-08-11 20:12:35','2015-08-11 20:12:35'),
	(235,216,'7','Cottonwood ','RESIDENT',0,'N','UPDATE-PLS',215,'2015-08-11 20:12:36','2015-08-11 20:12:36'),
	(236,217,'8','Cottonwood ','RESIDENT',0,'N','UPDATE-PLS',297,'2015-08-11 20:12:38','2015-08-11 20:12:38'),
	(237,218,'9','Cottonwood ','RESIDENT',0,'N','UPDATE-PLS',215,'2015-08-11 20:12:39','2015-08-11 20:12:39'),
	(238,219,'16','Ferndale South','LOT',0,'Y','UPDATE-PLS',217,'2015-08-11 20:12:41','2015-08-11 20:12:41'),
	(239,219,'23','Basswood','LOT',0,'N','UPDATE-PLS',213,'2015-08-11 20:12:43','2015-08-11 20:12:43'),
	(240,219,'25','Basswood','LOT',0,'N','UPDATE-PLS',204,'2015-08-11 20:12:44','2015-08-11 20:12:44'),
	(241,220,'11','Cottonwood ','RESIDENT',0,'N','UPDATE-PLS',215,'2015-08-11 20:12:46','2015-08-11 20:12:46'),
	(242,221,'12','Cottonwood ','ON GOING',0,'N','UPDATE-PLS',253,'2015-08-11 20:12:48','2015-08-11 20:12:48'),
	(243,222,'15','Cottonwood ','LOT',0,'N','UPDATE-PLS',249,'2015-08-11 20:12:49','2015-08-11 20:12:49'),
	(244,223,'15','Cottonwood ','RESIDENT',0,'N','UPDATE-PLS',213,'2015-08-11 20:12:51','2015-08-11 20:12:51'),
	(245,224,'17','Cottonwood ','LOT',0,'N','UPDATE-PLS',250,'2015-08-11 20:12:53','2015-08-11 20:12:53'),
	(246,225,'18','Cottonwood ','RESIDENT',0,'N','UPDATE-PLS',200,'2015-08-11 20:12:54','2015-08-11 20:12:54'),
	(247,226,'20.A','Cottonwood ','RESIDENT',0,'N','UPDATE-PLS',238,'2015-08-11 20:12:56','2015-08-11 20:12:56'),
	(248,226,'20.B','Cottonwood ','RESIDENT',0,'N','UPDATE-PLS',238,'2015-08-11 20:12:58','2015-08-11 20:12:58'),
	(249,227,'19','Cottonwood ','RESIDENT',0,'N','UPDATE-PLS',274,'2015-08-11 20:12:59','2015-08-11 20:12:59'),
	(250,228,'21','Cottonwood ','LOT',0,'N','UPDATE-PLS',263,'2015-08-11 20:13:01','2015-08-11 20:13:01'),
	(251,229,'1','Ferndale South','LOT',0,'N','UPDATE-PLS',0,'2015-08-11 20:13:03','2015-08-11 20:13:03'),
	(252,230,'3','Ferndale South','RESIDENT',0,'N','UPDATE-PLS',234,'2015-08-11 20:13:05','2015-08-11 20:13:05'),
	(253,231,'5','Ferndale South','RESIDENT',0,'N','UPDATE-PLS',228,'2015-08-11 20:13:06','2015-08-11 20:13:06'),
	(254,232,'7','Ferndale South','ON GOING',0,'N','UPDATE-PLS',227,'2015-08-11 20:13:08','2015-08-11 20:13:08'),
	(255,233,'8','Ferndale South','LOT',0,'N','UPDATE-PLS',225,'2015-08-11 20:13:10','2015-08-11 20:13:10'),
	(256,233,'17','Magnolia ','LOT',0,'N','UPDATE-PLS',264,'2015-08-11 20:13:11','2015-08-11 20:13:11'),
	(257,233,'3','Sycamore','RESIDENT',0,'N','UPDATE-PLS',223,'2015-08-11 20:13:13','2015-08-11 20:13:13'),
	(258,233,'2.A','Redwood ','LOT',0,'N','UPDATE-PLS',212,'2015-08-11 20:13:14','2015-08-11 20:13:14'),
	(259,233,'56','Walnut St','LOT',0,'N','UPDATE-PLS',242,'2015-08-11 20:13:17','2015-08-11 20:13:17'),
	(260,234,'9','Ferndale South','RESIDENT',0,'N','UPDATE-PLS',288,'2015-08-11 20:13:18','2015-08-11 20:13:18'),
	(261,235,'12','Ferndale South','LOT',0,'N','UPDATE-PLS',217,'2015-08-11 20:13:20','2015-08-11 20:13:20'),
	(262,236,'18','Ferndale South','RESIDENT',0,'N','UPDATE-PLS',217,'2015-08-11 20:13:22','2015-08-11 20:13:22'),
	(263,237,'19','Ferndale South','LOT',0,'N','UPDATE-PLS',228,'2015-08-11 20:13:23','2015-08-11 20:13:23'),
	(264,238,'20','Ferndale South','LOT',0,'N','UPDATE-PLS',217,'2015-08-11 20:13:25','2015-08-11 20:13:25'),
	(265,238,'22','Ferndale South','RESIDENT',0,'N','UPDATE-PLS',216,'2015-08-11 20:13:26','2015-08-11 20:13:26'),
	(266,239,'21','Ferndale South','LOT',0,'N','UPDATE-PLS',206,'2015-08-11 20:13:28','2015-08-11 20:13:28'),
	(267,240,'25','Ferndale South','LOT',0,'N','UPDATE-PLS',227,'2015-08-11 20:13:29','2015-08-11 20:13:29'),
	(268,240,'23','Ferndale South','LOT',0,'N','UPDATE-PLS',227,'2015-08-11 20:13:31','2015-08-11 20:13:31'),
	(269,241,'27','Ferndale South','RESIDENT',0,'N','UPDATE-PLS',243,'2015-08-11 20:13:32','2015-08-11 20:13:32'),
	(270,242,'28.A','Ferndale South','RESIDENT',0,'N','UPDATE-PLS',205,'2015-08-11 20:13:34','2015-08-11 20:13:34'),
	(271,242,'28.B','Ferndale South','RESIDENT',0,'N','UPDATE-PLS',205,'2015-08-11 20:13:36','2015-08-11 20:13:36'),
	(272,243,'29','Ferndale South','LOT',0,'N','UPDATE-PLS',322,'2015-08-11 20:13:39','2015-08-11 20:13:39'),
	(273,244,'7','Freemont ','LOT',0,'N','UPDATE-PLS',209,'2015-08-11 20:13:41','2015-08-11 20:13:41'),
	(274,245,'9','Freemont ','LOT',0,'N','UPDATE-PLS',204,'2015-08-11 20:13:42','2015-08-11 20:13:42'),
	(275,246,'30','Ferndale South','RESIDENT',0,'N','UPDATE-PLS',204,'2015-08-11 20:13:44','2015-08-11 20:13:44'),
	(276,247,'31','Ferndale South','RESIDENT',0,'N','UPDATE-PLS',270,'2015-08-11 20:13:45','2015-08-11 20:13:45'),
	(277,248,'32','Ferndale South','RESIDENT',0,'N','UPDATE-PLS',229,'2015-08-11 20:13:47','2015-08-11 20:13:47'),
	(278,249,'33','Ferndale South','LOT',0,'N','UPDATE-PLS',305,'2015-08-11 20:13:49','2015-08-11 20:13:49'),
	(279,250,'35','Ferndale South','LOT',0,'N','UPDATE-PLS',273,'2015-08-11 20:13:50','2015-08-11 20:13:50'),
	(280,251,'36','Ferndale South','LOT',0,'N','UPDATE-PLS',284,'2015-08-11 20:13:52','2015-08-11 20:13:52'),
	(281,252,'37','Ferndale South','ON GOING',0,'N','UPDATE-PLS',250,'2015-08-11 20:13:54','2015-08-11 20:13:54'),
	(282,253,'51','Ferndale South','LOT',0,'N','UPDATE-PLS',264,'2015-08-11 20:13:55','2015-08-11 20:13:55'),
	(283,254,'56','Ferndale South','LOT',0,'N','UPDATE-PLS',300,'2015-08-11 20:13:57','2015-08-11 20:13:57'),
	(284,255,'57','Ferndale South','LOT',0,'N','UPDATE-PLS',245,'2015-08-11 20:13:59','2015-08-11 20:13:59'),
	(285,256,'58','Ferndale South','LOT',0,'N','UPDATE-PLS',245,'2015-08-11 20:14:01','2015-08-11 20:14:01'),
	(286,257,'59','Ferndale South','LOT',0,'N','UPDATE-PLS',244,'2015-08-11 20:14:03','2015-08-11 20:14:03'),
	(287,258,'10','Freemont ','LOT',0,'N','UPDATE-PLS',241,'2015-08-11 20:14:05','2015-08-11 20:14:05'),
	(288,259,'8','Freemont ','ON GOING',0,'N','UPDATE-PLS',234,'2015-08-11 20:14:06','2015-08-11 20:14:06'),
	(289,259,'2','Freemont ','LOT',0,'N','UPDATE-PLS',224,'2015-08-11 20:14:09','2015-08-11 20:14:09'),
	(290,260,'6','Freemont ','LOT',0,'N','UPDATE-PLS',234,'2015-08-11 20:14:10','2015-08-11 20:14:10'),
	(291,261,'3','Freemont ','RESIDENT',0,'N','UPDATE-PLS',241,'2015-08-11 20:14:12','2015-08-11 20:14:12'),
	(292,262,'11','Freemont ','RESIDENT',0,'N','UPDATE-PLS',204,'2015-08-11 20:14:14','2015-08-11 20:14:14'),
	(293,263,'5','Freemont ','ON GOING',0,'N','UPDATE-PLS',284,'2015-08-11 20:14:16','2015-08-11 20:14:16'),
	(294,264,'15','Freemont ','LOT',0,'N','UPDATE-PLS',204,'2015-08-11 20:14:17','2015-08-11 20:14:17'),
	(295,265,'1','Laurel','RESIDENT',0,'N','UPDATE-PLS',250,'2015-08-11 20:14:19','2015-08-11 20:14:19'),
	(296,266,'8','Laurel','LOT',0,'N','UPDATE-PLS',245,'2015-08-11 20:14:21','2015-08-11 20:14:21'),
	(297,267,'7','Laurel','LOT',0,'N','UPDATE-PLS',286,'2015-08-11 20:14:24','2015-08-11 20:14:24'),
	(298,268,'6','Laurel','RESIDENT',0,'N','UPDATE-PLS',257,'2015-08-11 20:14:25','2015-08-11 20:14:25'),
	(299,269,'5','Laurel','LOT',0,'N','UPDATE-PLS',231,'2015-08-11 20:14:27','2015-08-11 20:14:27'),
	(300,270,'11.A','Laurel','RESIDENT',0,'N','UPDATE-PLS',242,'2015-08-11 20:14:29','2015-08-11 20:14:29'),
	(301,270,'11.B','Laurel','RESIDENT',0,'N','UPDATE-PLS',223,'2015-08-11 20:14:30','2015-08-11 20:14:30'),
	(302,271,'9','Laurel','LOT',0,'N','UPDATE-PLS',231,'2015-08-11 20:14:32','2015-08-11 20:14:32'),
	(303,272,'3','Magnolia ','LOT',0,'N','UPDATE-PLS',202,'2015-08-11 20:14:34','2015-08-11 20:14:34'),
	(304,273,'5','Magnolia ','RESIDENT',0,'N','UPDATE-PLS',244,'2015-08-11 20:14:35','2015-08-11 20:14:35'),
	(305,274,'6','Magnolia ','LOT',0,'N','UPDATE-PLS',203,'2015-08-11 20:14:37','2015-08-11 20:14:37'),
	(306,275,'7','Magnolia ','RESIDENT',0,'N','UPDATE-PLS',239,'2015-08-11 20:14:39','2015-08-11 20:14:39'),
	(307,276,'5','Redwood ','RESIDENT',0,'N','UPDATE-PLS',263,'2015-08-11 20:14:41','2015-08-11 20:14:41'),
	(308,276,'8','Magnolia ','RESIDENT',0,'N','UPDATE-PLS',213,'2015-08-11 20:14:42','2015-08-11 20:14:42'),
	(309,277,'11','Magnolia ','LOT',0,'N','UPDATE-PLS',318,'2015-08-11 20:14:44','2015-08-11 20:14:44'),
	(310,277,'15','Magnolia ','LOT',0,'N','UPDATE-PLS',269,'2015-08-11 20:14:45','2015-08-11 20:14:45'),
	(311,278,'9','Magnolia ','LOT',0,'N','UPDATE-PLS',263,'2015-08-11 20:14:47','2015-08-11 20:14:47'),
	(312,279,'19','Magnolia ','RESIDENT',0,'N','UPDATE-PLS',234,'2015-08-11 20:14:48','2015-08-11 20:14:48'),
	(313,280,'1','Redwood ','RESIDENT',0,'Y','UPDATE-PLS',268,'2015-08-11 20:14:50','2015-08-11 20:14:50'),
	(314,281,'3','Redwood ','LOT',0,'N','UPDATE-PLS',202,'2015-08-11 20:14:52','2015-08-11 20:14:52'),
	(315,282,'4','Redwood ','LOT',0,'N','UPDATE-PLS',218,'2015-08-11 20:14:54','2015-08-11 20:14:54'),
	(316,283,'6','Redwood ','RESIDENT',0,'N','UPDATE-PLS',207,'2015-08-11 20:14:55','2015-08-11 20:14:55'),
	(317,284,'2','Sycamore','LOT',0,'N','UPDATE-PLS',250,'2015-08-11 20:14:57','2015-08-11 20:14:57'),
	(318,285,'5','Sycamore','RESIDENT',0,'N','UPDATE-PLS',250,'2015-08-11 20:14:58','2015-08-11 20:14:58'),
	(319,286,'9','Sycamore','RESIDENT',0,'N','UPDATE-PLS',211,'2015-08-11 20:15:00','2015-08-11 20:15:00'),
	(320,287,'10','Sycamore','RESIDENT',0,'N','UPDATE-PLS',204,'2015-08-11 20:15:02','2015-08-11 20:15:02'),
	(321,288,'11','Sycamore','RESIDENT',0,'N','UPDATE-PLS',204,'2015-08-11 20:15:03','2015-08-11 20:15:03'),
	(322,289,'15','Sycamore','RESIDENT',0,'N','UPDATE-PLS',204,'2015-08-11 20:15:05','2015-08-11 20:15:05'),
	(323,290,'17','Sycamore','ON GOING',0,'N','UPDATE-PLS',257,'2015-08-11 20:15:07','2015-08-11 20:15:07'),
	(324,291,'18','Sycamore','RESIDENT',0,'N','UPDATE-PLS',204,'2015-08-11 20:15:11','2015-08-11 20:15:11'),
	(325,292,'19','Sycamore','LOT',0,'N','UPDATE-PLS',290,'2015-08-11 20:15:13','2015-08-11 20:15:13'),
	(326,292,'21.A','Sycamore','RESIDENT',0,'N','UPDATE-PLS',281,'2015-08-11 20:15:15','2015-08-11 20:15:15'),
	(327,292,'21.B','Sycamore','RESIDENT',0,'N','UPDATE-PLS',277,'2015-08-11 20:15:17','2015-08-11 20:15:17'),
	(328,293,'20','Sycamore','RESIDENT',0,'N','UPDATE-PLS',204,'2015-08-11 20:15:18','2015-08-11 20:15:18'),
	(329,294,'22','Sycamore','RESIDENT',0,'N','UPDATE-PLS',204,'2015-08-11 20:15:21','2015-08-11 20:15:21'),
	(330,295,'25','Sycamore','LOT',0,'N','UPDATE-PLS',258,'2015-08-11 20:15:23','2015-08-11 20:15:23'),
	(331,295,'27','Sycamore','LOT',0,'N','UPDATE-PLS',204,'2015-08-11 20:15:24','2015-08-11 20:15:24'),
	(332,296,'26','Sycamore','LOT',0,'N','UPDATE-PLS',203,'2015-08-11 20:15:26','2015-08-11 20:15:26'),
	(333,297,'28','Sycamore','LOT',0,'N','UPDATE-PLS',207,'2015-08-11 20:15:27','2015-08-11 20:15:27'),
	(334,298,'29','Sycamore','LOT',0,'N','UPDATE-PLS',204,'2015-08-11 20:15:30','2015-08-11 20:15:30'),
	(335,299,'31','Sycamore','RESIDENT',0,'N','UPDATE-PLS',204,'2015-08-11 20:15:32','2015-08-11 20:15:32'),
	(336,300,'33','Sycamore','LOT',0,'N','UPDATE-PLS',204,'2015-08-11 20:15:34','2015-08-11 20:15:34'),
	(337,301,'35','Sycamore','RESIDENT',0,'N','UPDATE-PLS',204,'2015-08-11 20:15:35','2015-08-11 20:15:35'),
	(338,301,'37.A','Sycamore','RESIDENT',0,'N','UPDATE-PLS',204,'2015-08-11 20:15:37','2015-08-11 20:15:37'),
	(339,301,'37.B','Sycamore','RESIDENT',0,'N','UPDATE-PLS',204,'2015-08-11 20:15:38','2015-08-11 20:15:38'),
	(340,302,'50','Sycamore','LOT',0,'N','UPDATE-PLS',229,'2015-08-11 20:15:40','2015-08-11 20:15:40'),
	(341,303,'52','Sycamore','LOT',0,'N','UPDATE-PLS',229,'2015-08-11 20:15:41','2015-08-11 20:15:41'),
	(342,304,'53','Sycamore','LOT',0,'N','UPDATE-PLS',253,'2015-08-11 20:15:43','2015-08-11 20:15:43'),
	(343,305,'51','Sycamore','RESIDENT',0,'N','UPDATE-PLS',282,'2015-08-11 20:15:45','2015-08-11 20:15:45'),
	(344,306,'55','Sycamore','LOT',0,'N','UPDATE-PLS',249,'2015-08-11 20:15:46','2015-08-11 20:15:46'),
	(345,307,'56','Sycamore','LOT',0,'N','UPDATE-PLS',218,'2015-08-11 20:15:48','2015-08-11 20:15:48'),
	(346,308,'58','Sycamore','RESIDENT',0,'N','UPDATE-PLS',242,'2015-08-11 20:15:50','2015-08-11 20:15:50'),
	(347,309,'60','Sycamore','RESIDENT',0,'N','UPDATE-PLS',244,'2015-08-11 20:15:52','2015-08-11 20:15:52'),
	(348,310,'62','Sycamore','RESIDENT',0,'N','UPDATE-PLS',235,'2015-08-11 20:15:53','2015-08-11 20:15:53'),
	(349,311,'66','Sycamore','RESIDENT',0,'N','UPDATE-PLS',253,'2015-08-11 20:15:56','2015-08-11 20:15:56'),
	(350,312,'29','Walnut St','RESIDENT',0,'N','UPDATE-PLS',201,'2015-08-11 20:15:57','2015-08-11 20:15:57'),
	(351,312,'1','Walnut Place ','LOT',0,'N','UPDATE-PLS',236,'2015-08-11 20:15:59','2015-08-11 20:15:59'),
	(352,313,'68','Sycamore','LOT',0,'N','UPDATE-PLS',255,'2015-08-11 20:16:01','2015-08-11 20:16:01'),
	(353,314,'3','Walnut Place ','RESIDENT',0,'N','UPDATE-PLS',266,'2015-08-11 20:16:02','2015-08-11 20:16:02'),
	(354,315,'5','Walnut Place ','LOT',0,'N','UPDATE-PLS',238,'2015-08-11 20:16:04','2015-08-11 20:16:04'),
	(355,316,'6','Walnut Place ','LOT',0,'N','UPDATE-PLS',258,'2015-08-11 20:16:06','2015-08-11 20:16:06'),
	(356,317,'7','Walnut Place ','LOT',0,'N','UPDATE-PLS',295,'2015-08-11 20:16:07','2015-08-11 20:16:07'),
	(357,318,'8','Walnut Place ','RESIDENT',0,'N','UPDATE-PLS',267,'2015-08-11 20:16:09','2015-08-11 20:16:09'),
	(358,319,'9','Walnut Place ','RESIDENT',0,'N','UPDATE-PLS',298,'2015-08-11 20:16:11','2015-08-11 20:16:11'),
	(359,320,'1','Walnut St','LOT',0,'N','UPDATE-PLS',278,'2015-08-11 20:16:12','2015-08-11 20:16:12'),
	(360,321,'3','Walnut St','RESIDENT',0,'N','UPDATE-PLS',266,'2015-08-11 20:16:14','2015-08-11 20:16:14'),
	(361,322,'5','Walnut St','RESIDENT',0,'N','UPDATE-PLS',267,'2015-08-11 20:16:16','2015-08-11 20:16:16'),
	(362,323,'6','Walnut St','RESIDENT',0,'N','UPDATE-PLS',204,'2015-08-11 20:16:17','2015-08-11 20:16:17'),
	(363,324,'7','Walnut St','RESIDENT',0,'N','UPDATE-PLS',268,'2015-08-11 20:16:19','2015-08-11 20:16:19'),
	(364,325,'8','Walnut St','RESIDENT',0,'N','UPDATE-PLS',203,'2015-08-11 20:16:21','2015-08-11 20:16:21'),
	(365,326,'9','Walnut St','RESIDENT',0,'N','UPDATE-PLS',200,'2015-08-11 20:16:22','2015-08-11 20:16:22'),
	(366,327,'10','Walnut St','RESIDENT',0,'N','UPDATE-PLS',211,'2015-08-11 20:16:24','2015-08-11 20:16:24'),
	(367,328,'11','Walnut St','RESIDENT',0,'N','UPDATE-PLS',188,'2015-08-11 20:16:25','2015-08-11 20:16:25'),
	(368,329,'12.A','Walnut St','RESIDENT',0,'N','UPDATE-PLS',209,'2015-08-11 20:16:27','2015-08-11 20:16:27'),
	(369,329,'12.B','Walnut St','RESIDENT',0,'N','UPDATE-PLS',202,'2015-08-11 20:16:28','2015-08-11 20:16:28'),
	(370,329,'18','Walnut St','LOT',0,'N','UPDATE-PLS',215,'2015-08-11 20:16:30','2015-08-11 20:16:30'),
	(371,330,'15','Walnut St','RESIDENT',0,'N','UPDATE-PLS',237,'2015-08-11 20:16:31','2015-08-11 20:16:31'),
	(372,331,'17','Walnut St','RESIDENT',0,'N','UPDATE-PLS',215,'2015-08-11 20:16:33','2015-08-11 20:16:33'),
	(373,329,'19','Walnut St','LOT',0,'N','UPDATE-PLS',204,'2015-08-11 20:16:34','2015-08-11 20:16:34'),
	(374,332,'20','Walnut St','LOT',0,'N','UPDATE-PLS',225,'2015-08-11 20:16:36','2015-08-11 20:16:36'),
	(375,329,'21','Walnut St','LOT',0,'N','UPDATE-PLS',204,'2015-08-11 20:16:38','2015-08-11 20:16:38'),
	(376,333,'22','Walnut St','LOT',0,'N','UPDATE-PLS',219,'2015-08-11 20:16:40','2015-08-11 20:16:40'),
	(377,334,'23','Walnut St','LOT',0,'N','UPDATE-PLS',204,'2015-08-11 20:16:41','2015-08-11 20:16:41'),
	(378,335,'25','Walnut St','LOT',0,'N','UPDATE-PLS',220,'2015-08-11 20:16:42','2015-08-11 20:16:42'),
	(379,336,'26','Walnut St','LOT',0,'N','UPDATE-PLS',231,'2015-08-11 20:16:44','2015-08-11 20:16:44'),
	(380,337,'27','Walnut St','LOT',0,'N','UPDATE-PLS',237,'2015-08-11 20:16:46','2015-08-11 20:16:46'),
	(381,338,'28','Walnut St','LOT',0,'N','UPDATE-PLS',213,'2015-08-11 20:16:47','2015-08-11 20:16:47'),
	(382,339,'30','Walnut St','LOT',0,'N','UPDATE-PLS',213,'2015-08-11 20:16:49','2015-08-11 20:16:49'),
	(383,340,'32','Walnut St','RESIDENT',0,'N','UPDATE-PLS',204,'2015-08-11 20:16:51','2015-08-11 20:16:51'),
	(384,341,'33','Walnut St','LOT',0,'N','UPDATE-PLS',238,'2015-08-11 20:16:52','2015-08-11 20:16:52'),
	(385,342,'35','Walnut St','LOT',0,'N','UPDATE-PLS',213,'2015-08-11 20:16:54','2015-08-11 20:16:54'),
	(386,343,'37','Walnut St','RESIDENT',0,'N','UPDATE-PLS',219,'2015-08-11 20:16:56','2015-08-11 20:16:56'),
	(387,344,'36','Walnut St','LOT',0,'N','UPDATE-PLS',202,'2015-08-11 20:16:57','2015-08-11 20:16:57'),
	(388,345,'39','Walnut St','RESIDENT',0,'N','UPDATE-PLS',219,'2015-08-11 20:16:59','2015-08-11 20:16:59'),
	(389,346,'50.A','Walnut St','RESIDENT',0,'N','UPDATE-PLS',205,'2015-08-11 20:17:00','2015-08-11 20:17:00'),
	(390,346,'50.B','Walnut St','RESIDENT',0,'N','UPDATE-PLS',263,'2015-08-11 20:17:02','2015-08-11 20:17:02'),
	(391,347,'51','Walnut St','LOT',0,'N','UPDATE-PLS',219,'2015-08-11 20:17:03','2015-08-11 20:17:03'),
	(392,348,'52','Walnut St','LOT',0,'N','UPDATE-PLS',210,'2015-08-11 20:17:05','2015-08-11 20:17:05'),
	(393,349,'53','Walnut St','RESIDENT',0,'N','UPDATE-PLS',219,'2015-08-11 20:17:07','2015-08-11 20:17:07'),
	(394,350,'55','Walnut St','RESIDENT',0,'N','UPDATE-PLS',202,'2015-08-11 20:17:08','2015-08-11 20:17:08'),
	(395,351,'57','Walnut St','LOT',0,'N','UPDATE-PLS',215,'2015-08-11 20:17:10','2015-08-11 20:17:10'),
	(396,351,'59','Walnut St','LOT',0,'N','UPDATE-PLS',283,'2015-08-11 20:17:12','2015-08-11 20:17:12'),
	(397,352,'58','Walnut St','LOT',0,'N','UPDATE-PLS',212,'2015-08-11 20:17:13','2015-08-11 20:17:13'),
	(398,353,'60','Walnut St','LOT',0,'N','UPDATE-PLS',215,'2015-08-11 20:17:15','2015-08-11 20:17:15'),
	(399,354,'1','Willow ','RESIDENT',0,'N','UPDATE-PLS',278,'2015-08-11 20:17:16','2015-08-11 20:17:16'),
	(400,355,'2','Willow ','RESIDENT',0,'N','UPDATE-PLS',286,'2015-08-11 20:17:18','2015-08-11 20:17:18'),
	(401,356,'4','Willow ','ON GOING',0,'N','UPDATE-PLS',210,'2015-08-11 20:17:19','2015-08-11 20:17:19'),
	(402,356,'6','Willow ','ON GOING',0,'N','UPDATE-PLS',264,'2015-08-11 20:17:21','2015-08-11 20:17:21'),
	(403,357,'3','Willow ','RESIDENT',0,'N','UPDATE-PLS',224,'2015-08-11 20:17:23','2015-08-11 20:17:23'),
	(404,358,'5','Willow ','RESIDENT',0,'N','UPDATE-PLS',264,'2015-08-11 20:17:24','2015-08-11 20:17:24');

/*!40000 ALTER TABLE `house` ENABLE KEYS */;
UNLOCK TABLES;


# Dump of table job_order_type
# ------------------------------------------------------------

DROP TABLE IF EXISTS `job_order_type`;

CREATE TABLE `job_order_type` (
  `id` int(11) NOT NULL AUTO_INCREMENT,
  `description` varchar(45) DEFAULT NULL,
  `created_at` timestamp NULL DEFAULT NULL,
  `updated_at` timestamp NULL DEFAULT NULL,
  PRIMARY KEY (`id`)
) ENGINE=InnoDB DEFAULT CHARSET=latin1;

LOCK TABLES `job_order_type` WRITE;
/*!40000 ALTER TABLE `job_order_type` DISABLE KEYS */;

INSERT INTO `job_order_type` (`id`, `description`, `created_at`, `updated_at`)
VALUES
	(1,'Amenity','2013-08-01 11:52:00','2013-08-01 11:52:00'),
	(2,'Service','2013-08-01 11:52:00','2013-08-01 11:52:00'),
	(3,'Water','2013-08-01 11:52:00','2013-08-01 11:52:00'),
	(4,'AssocDue','2013-08-01 11:52:00','2013-08-01 11:52:00'),
	(5,'Adjustments','2013-08-01 11:52:00','2013-08-01 11:52:00'),
	(6,'Penalty','2013-08-01 11:52:00','2013-08-01 11:52:00');

/*!40000 ALTER TABLE `job_order_type` ENABLE KEYS */;
UNLOCK TABLES;


# Dump of table job_orders
# ------------------------------------------------------------

DROP TABLE IF EXISTS `job_orders`;

CREATE TABLE `job_orders` (
  `id` int(11) NOT NULL AUTO_INCREMENT,
  `user_id` int(11) DEFAULT NULL,
  `house_id` int(11) DEFAULT NULL,
  `order_type_id` int(11) DEFAULT NULL,
  `request_id` int(11) DEFAULT NULL,
  `status` varchar(1) DEFAULT NULL,
  `created_at` timestamp NULL DEFAULT NULL,
  `updated_at` timestamp NULL DEFAULT NULL,
  `price` double DEFAULT NULL,
  PRIMARY KEY (`id`)
) ENGINE=InnoDB DEFAULT CHARSET=latin1;

LOCK TABLES `job_orders` WRITE;
/*!40000 ALTER TABLE `job_orders` DISABLE KEYS */;

INSERT INTO `job_orders` (`id`, `user_id`, `house_id`, `order_type_id`, `request_id`, `status`, `created_at`, `updated_at`, `price`)
VALUES
	(1,10,8,1,1,'0','2015-08-30 19:18:09',NULL,60),
	(2,10,8,1,2,'0','2015-08-30 19:18:09',NULL,60),
	(3,10,8,1,3,'0','2015-08-30 19:18:09',NULL,60),
	(4,10,8,1,4,'0','2015-08-30 19:18:09',NULL,60),
	(5,10,8,1,5,'0','2015-08-30 19:18:09',NULL,60),
	(6,12,10,1,6,'0','2015-08-30 19:18:09',NULL,200),
	(7,19,17,1,7,'0','2015-08-30 19:18:09',NULL,1000),
	(8,19,17,1,8,'0','2015-08-30 19:18:09',NULL,250),
	(9,36,33,1,9,'0','2015-08-30 19:18:09',NULL,150),
	(10,40,36,1,10,'0','2015-08-30 19:18:09',NULL,400),
	(11,42,38,1,11,'0','2015-08-30 19:18:09',NULL,450),
	(12,42,38,1,12,'0','2015-08-30 19:18:09',NULL,65),
	(13,42,38,1,13,'0','2015-08-30 19:18:09',NULL,400),
	(14,42,38,1,14,'0','2015-08-30 19:18:09',NULL,250),
	(15,42,38,1,15,'0','2015-08-30 19:18:09',NULL,300),
	(16,42,38,1,16,'0','2015-08-30 19:18:09',NULL,500),
	(17,42,38,1,17,'0','2015-08-30 19:18:09',NULL,500),
	(18,53,49,1,18,'0','2015-08-30 19:18:09',NULL,1800),
	(19,53,49,1,19,'0','2015-08-30 19:18:09',NULL,320),
	(20,53,49,1,20,'0','2015-08-30 19:18:09',NULL,600),
	(21,53,49,1,21,'0','2015-08-30 19:18:09',NULL,285),
	(22,57,53,1,22,'0','2015-08-30 19:18:09',NULL,200),
	(23,57,53,1,23,'0','2015-08-30 19:18:09',NULL,100),
	(24,62,57,1,24,'0','2015-08-30 19:18:09',NULL,120),
	(25,62,57,1,25,'0','2015-08-30 19:18:09',NULL,120),
	(26,64,59,1,26,'0','2015-08-30 19:18:09',NULL,100),
	(27,66,60,1,27,'0','2015-08-30 19:18:09',NULL,50),
	(28,66,60,1,28,'0','2015-08-30 19:18:09',NULL,100),
	(29,66,60,1,29,'0','2015-08-30 19:18:09',NULL,100),
	(30,66,60,1,30,'0','2015-08-30 19:18:09',NULL,300),
	(31,66,60,1,31,'0','2015-08-30 19:18:09',NULL,200),
	(32,66,60,1,32,'0','2015-08-30 19:18:09',NULL,150),
	(33,66,60,1,33,'0','2015-08-30 19:18:09',NULL,150),
	(34,66,60,1,34,'0','2015-08-30 19:18:09',NULL,200),
	(35,70,64,1,35,'0','2015-08-30 19:18:09',NULL,400),
	(36,77,70,1,36,'0','2015-08-30 19:18:09',NULL,150),
	(37,77,70,1,37,'0','2015-08-30 19:18:09',NULL,150),
	(38,79,72,1,38,'0','2015-08-30 19:18:09',NULL,120),
	(39,79,72,1,39,'0','2015-08-30 19:18:09',NULL,500),
	(40,79,72,1,40,'0','2015-08-30 19:18:09',NULL,450),
	(41,79,72,1,41,'0','2015-08-30 19:18:09',NULL,240),
	(42,79,72,1,42,'0','2015-08-30 19:18:09',NULL,180),
	(43,79,72,1,43,'0','2015-08-30 19:18:09',NULL,120),
	(44,79,72,1,44,'0','2015-08-30 19:18:09',NULL,120),
	(45,82,74,1,45,'0','2015-08-30 19:18:09',NULL,150),
	(46,82,74,1,46,'0','2015-08-30 19:18:09',NULL,150),
	(47,82,74,1,47,'0','2015-08-30 19:18:09',NULL,150),
	(48,82,74,1,48,'0','2015-08-30 19:18:09',NULL,300),
	(49,82,74,1,49,'0','2015-08-30 19:18:09',NULL,150),
	(50,82,74,1,50,'0','2015-08-30 19:18:09',NULL,300),
	(51,82,74,1,51,'0','2015-08-30 19:18:09',NULL,120),
	(52,82,74,1,52,'0','2015-08-30 19:18:09',NULL,200),
	(53,82,74,1,53,'0','2015-08-30 19:18:09',NULL,90),
	(54,82,74,1,54,'0','2015-08-30 19:18:09',NULL,150),
	(55,83,75,1,55,'0','2015-08-30 19:18:09',NULL,225),
	(56,83,75,1,56,'0','2015-08-30 19:18:09',NULL,225),
	(57,83,75,1,57,'0','2015-08-30 19:18:09',NULL,150),
	(58,83,75,1,58,'0','2015-08-30 19:18:09',NULL,120),
	(59,89,81,1,59,'0','2015-08-30 19:18:09',NULL,100),
	(60,96,87,1,60,'0','2015-08-30 19:18:09',NULL,100),
	(61,100,91,1,61,'0','2015-08-30 19:18:09',NULL,300),
	(62,106,97,1,62,'0','2015-08-30 19:18:09',NULL,60),
	(63,106,97,1,63,'0','2015-08-30 19:18:09',NULL,150),
	(64,106,97,1,64,'0','2015-08-30 19:18:09',NULL,500),
	(65,106,97,1,65,'0','2015-08-30 19:18:09',NULL,400),
	(66,106,97,1,66,'0','2015-08-30 19:18:09',NULL,1000),
	(67,125,119,1,67,'0','2015-08-30 19:18:09',NULL,120),
	(68,125,119,1,68,'0','2015-08-30 19:18:09',NULL,150),
	(69,125,119,1,69,'0','2015-08-30 19:18:09',NULL,225),
	(70,125,119,1,70,'0','2015-08-30 19:18:09',NULL,225),
	(71,125,119,1,71,'0','2015-08-30 19:18:09',NULL,300),
	(72,126,120,1,72,'0','2015-08-30 19:18:09',NULL,10),
	(73,129,124,1,73,'0','2015-08-30 19:18:09',NULL,200),
	(74,131,125,1,74,'0','2015-08-30 19:18:09',NULL,240),
	(75,131,125,1,75,'0','2015-08-30 19:18:09',NULL,120),
	(76,131,125,1,76,'0','2015-08-30 19:18:09',NULL,500),
	(77,131,125,1,77,'0','2015-08-30 19:18:09',NULL,300),
	(78,134,128,1,78,'0','2015-08-30 19:18:09',NULL,120),
	(79,134,128,1,79,'0','2015-08-30 19:18:09',NULL,120),
	(80,134,128,1,80,'0','2015-08-30 19:18:09',NULL,240),
	(81,134,128,1,81,'0','2015-08-30 19:18:09',NULL,240),
	(82,134,128,1,82,'0','2015-08-30 19:18:09',NULL,240),
	(83,134,128,1,83,'0','2015-08-30 19:18:09',NULL,120),
	(84,134,128,1,84,'0','2015-08-30 19:18:09',NULL,240),
	(85,134,128,1,85,'0','2015-08-30 19:18:09',NULL,240),
	(86,134,128,1,86,'0','2015-08-30 19:18:09',NULL,360),
	(87,134,128,1,87,'0','2015-08-30 19:18:09',NULL,360),
	(88,134,128,1,88,'0','2015-08-30 19:18:09',NULL,120),
	(89,134,128,1,89,'0','2015-08-30 19:18:09',NULL,120),
	(90,134,128,1,90,'0','2015-08-30 19:18:09',NULL,240),
	(91,134,128,1,91,'0','2015-08-30 19:18:09',NULL,120),
	(92,134,128,1,92,'0','2015-08-30 19:18:09',NULL,120),
	(93,134,128,1,93,'0','2015-08-30 19:18:09',NULL,120),
	(94,134,128,1,94,'0','2015-08-30 19:18:09',NULL,120),
	(95,134,128,1,95,'0','2015-08-30 19:18:09',NULL,240),
	(96,134,128,1,96,'0','2015-08-30 19:18:09',NULL,120),
	(97,134,128,1,97,'0','2015-08-30 19:18:09',NULL,360),
	(98,134,128,1,98,'0','2015-08-30 19:18:09',NULL,240),
	(99,134,128,1,99,'0','2015-08-30 19:18:09',NULL,240),
	(100,134,128,1,100,'0','2015-08-30 19:18:09',NULL,360),
	(101,134,128,1,101,'0','2015-08-30 19:18:09',NULL,180),
	(102,134,128,1,102,'0','2015-08-30 19:18:09',NULL,120),
	(103,134,128,1,103,'0','2015-08-30 19:18:09',NULL,360),
	(104,134,128,1,104,'0','2015-08-30 19:18:09',NULL,360),
	(105,134,128,1,105,'0','2015-08-30 19:18:09',NULL,360),
	(106,134,128,1,106,'0','2015-08-30 19:18:09',NULL,270),
	(107,134,128,1,107,'0','2015-08-30 19:18:09',NULL,450),
	(108,134,128,1,108,'0','2015-08-30 19:18:09',NULL,450),
	(109,134,128,1,109,'0','2015-08-30 19:18:09',NULL,360),
	(110,138,131,1,110,'0','2015-08-30 19:18:09',NULL,200),
	(111,141,134,1,111,'0','2015-08-30 19:18:09',NULL,240),
	(112,141,134,1,112,'0','2015-08-30 19:18:09',NULL,120),
	(113,141,134,1,113,'0','2015-08-30 19:18:09',NULL,300),
	(114,146,139,1,114,'0','2015-08-30 19:18:09',NULL,300),
	(115,151,145,1,115,'0','2015-08-30 19:18:09',NULL,360),
	(116,153,147,1,116,'0','2015-08-30 19:18:09',NULL,150),
	(117,165,157,1,117,'0','2015-08-30 19:18:09',NULL,360),
	(118,182,176,1,118,'0','2015-08-30 19:18:09',NULL,180),
	(119,182,176,1,119,'0','2015-08-30 19:18:09',NULL,540),
	(120,182,176,1,120,'0','2015-08-30 19:18:09',NULL,720),
	(121,182,176,1,121,'0','2015-08-30 19:18:09',NULL,180),
	(122,182,176,1,122,'0','2015-08-30 19:18:09',NULL,300),
	(123,182,176,1,123,'0','2015-08-30 19:18:09',NULL,300),
	(124,182,176,1,124,'0','2015-08-30 19:18:09',NULL,150),
	(125,182,176,1,125,'0','2015-08-30 19:18:09',NULL,150),
	(126,182,176,1,126,'0','2015-08-30 19:18:09',NULL,300),
	(127,182,176,1,127,'0','2015-08-30 19:18:09',NULL,120),
	(128,182,176,1,128,'0','2015-08-30 19:18:09',NULL,300),
	(129,182,176,1,129,'0','2015-08-30 19:18:09',NULL,120),
	(130,182,176,1,130,'0','2015-08-30 19:18:09',NULL,240),
	(131,182,176,1,131,'0','2015-08-30 19:18:09',NULL,240),
	(132,182,176,1,132,'0','2015-08-30 19:18:09',NULL,120),
	(133,182,176,1,133,'0','2015-08-30 19:18:09',NULL,120),
	(134,182,176,1,134,'0','2015-08-30 19:18:09',NULL,240),
	(135,182,176,1,135,'0','2015-08-30 19:18:09',NULL,240),
	(136,182,176,1,136,'0','2015-08-30 19:18:09',NULL,360),
	(137,182,176,1,137,'0','2015-08-30 19:18:09',NULL,120),
	(138,182,176,1,138,'0','2015-08-30 19:18:09',NULL,120),
	(139,182,176,1,139,'0','2015-08-30 19:18:09',NULL,300),
	(140,182,176,1,140,'0','2015-08-30 19:18:09',NULL,150),
	(141,187,180,1,141,'0','2015-08-30 19:18:09',NULL,60),
	(142,187,180,1,142,'0','2015-08-30 19:18:09',NULL,60),
	(143,42,39,1,143,'0','2015-08-30 19:18:09',NULL,400),
	(144,42,39,1,144,'0','2015-08-30 19:18:09',NULL,600),
	(145,191,184,1,145,'0','2015-08-30 19:18:09',NULL,120),
	(146,191,184,1,146,'0','2015-08-30 19:18:09',NULL,120),
	(147,191,184,1,147,'0','2015-08-30 19:18:09',NULL,300),
	(148,191,184,1,148,'0','2015-08-30 19:18:09',NULL,375),
	(149,201,194,1,149,'0','2015-08-30 19:18:09',NULL,250),
	(150,216,211,1,150,'0','2015-08-30 19:18:09',NULL,90),
	(151,216,211,1,151,'0','2015-08-30 19:18:09',NULL,300),
	(152,216,211,1,152,'0','2015-08-30 19:18:09',NULL,300),
	(153,216,211,1,153,'0','2015-08-30 19:18:09',NULL,300),
	(154,216,211,1,154,'0','2015-08-30 19:18:09',NULL,300),
	(155,216,211,1,155,'0','2015-08-30 19:18:09',NULL,120),
	(156,216,211,1,156,'0','2015-08-30 19:18:09',NULL,100),
	(157,220,216,1,157,'0','2015-08-30 19:18:09',NULL,400),
	(158,220,216,1,158,'0','2015-08-30 19:18:09',NULL,130),
	(159,220,216,1,159,'0','2015-08-30 19:18:09',NULL,150),
	(160,220,216,1,160,'0','2015-08-30 19:18:09',NULL,300),
	(161,220,216,1,161,'0','2015-08-30 19:18:09',NULL,80),
	(162,222,219,1,162,'0','2015-08-30 19:18:09',NULL,300),
	(163,222,219,1,163,'0','2015-08-30 19:18:09',NULL,300),
	(164,222,219,1,164,'0','2015-08-30 19:18:09',NULL,120),
	(165,222,219,1,165,'0','2015-08-30 19:18:09',NULL,120),
	(166,222,219,1,166,'0','2015-08-30 19:18:09',NULL,100),
	(167,222,219,1,167,'0','2015-08-30 19:18:09',NULL,200),
	(168,226,223,1,168,'0','2015-08-30 19:18:09',NULL,500),
	(169,232,238,1,169,'0','2015-08-30 19:18:09',NULL,50),
	(170,232,238,1,170,'0','2015-08-30 19:18:09',NULL,500),
	(171,242,241,1,171,'0','2015-08-30 19:18:09',NULL,400),
	(172,248,247,1,172,'0','2015-08-30 19:18:09',NULL,150),
	(173,254,254,1,173,'0','2015-08-30 19:18:09',NULL,550),
	(174,254,254,1,174,'0','2015-08-30 19:18:09',NULL,350),
	(175,258,262,1,175,'0','2015-08-30 19:18:09',NULL,1250),
	(176,264,270,1,176,'0','2015-08-30 19:18:09',NULL,300),
	(177,297,306,1,177,'0','2015-08-30 19:18:09',NULL,150),
	(178,314,324,1,178,'0','2015-08-30 19:18:09',NULL,350),
	(179,314,324,1,179,'0','2015-08-30 19:18:09',NULL,250),
	(180,314,324,1,180,'0','2015-08-30 19:18:09',NULL,900),
	(181,314,324,1,181,'0','2015-08-30 19:18:09',NULL,300),
	(182,320,333,1,182,'0','2015-08-30 19:18:09',NULL,100),
	(183,322,335,1,183,'0','2015-08-30 19:18:09',NULL,100),
	(184,328,343,1,184,'0','2015-08-30 19:18:09',NULL,240),
	(185,328,343,1,185,'0','2015-08-30 19:18:09',NULL,120),
	(186,331,346,1,186,'0','2015-08-30 19:18:09',NULL,30),
	(187,331,346,1,187,'0','2015-08-30 19:18:09',NULL,60),
	(188,331,346,1,188,'0','2015-08-30 19:18:09',NULL,150),
	(189,331,346,1,189,'0','2015-08-30 19:18:09',NULL,150),
	(190,331,346,1,190,'0','2015-08-30 19:18:09',NULL,150),
	(191,331,346,1,191,'0','2015-08-30 19:18:09',NULL,300),
	(192,331,346,1,192,'0','2015-08-30 19:18:09',NULL,300),
	(193,331,346,1,193,'0','2015-08-30 19:18:09',NULL,300),
	(194,331,346,1,194,'0','2015-08-30 19:18:09',NULL,150),
	(195,331,346,1,195,'0','2015-08-30 19:18:09',NULL,150),
	(196,331,346,1,196,'0','2015-08-30 19:18:09',NULL,75),
	(197,331,346,1,197,'0','2015-08-30 19:18:09',NULL,150),
	(198,331,346,1,198,'0','2015-08-30 19:18:09',NULL,225),
	(199,331,346,1,199,'0','2015-08-30 19:18:09',NULL,300),
	(200,331,346,1,200,'0','2015-08-30 19:18:09',NULL,225),
	(201,341,357,1,201,'0','2015-08-30 19:18:09',NULL,180),
	(202,341,357,1,202,'0','2015-08-30 19:18:09',NULL,150),
	(203,341,357,1,203,'0','2015-08-30 19:18:09',NULL,120),
	(204,341,357,1,204,'0','2015-08-30 19:18:09',NULL,240),
	(205,341,357,1,205,'0','2015-08-30 19:18:09',NULL,120),
	(206,341,357,1,206,'0','2015-08-30 19:18:09',NULL,240),
	(207,341,357,1,207,'0','2015-08-30 19:18:09',NULL,240),
	(208,342,358,1,208,'0','2015-08-30 19:18:09',NULL,300),
	(209,342,358,1,209,'0','2015-08-30 19:18:09',NULL,225),
	(210,345,361,1,210,'0','2015-08-30 19:18:09',NULL,120),
	(211,345,361,1,211,'0','2015-08-30 19:18:09',NULL,120),
	(212,345,361,1,212,'0','2015-08-30 19:18:09',NULL,240),
	(213,345,361,1,213,'0','2015-08-30 19:18:09',NULL,240),
	(214,345,361,1,214,'0','2015-08-30 19:18:09',NULL,120),
	(215,345,361,1,215,'0','2015-08-30 19:18:09',NULL,120),
	(216,345,361,1,216,'0','2015-08-30 19:18:09',NULL,240),
	(217,357,377,1,217,'0','2015-08-30 19:18:09',NULL,250),
	(218,359,379,1,218,'0','2015-08-30 19:18:09',NULL,100),
	(219,359,379,1,219,'0','2015-08-30 19:18:09',NULL,400),
	(220,369,389,1,220,'0','2015-08-30 19:18:09',NULL,300),
	(221,369,389,1,221,'0','2015-08-30 19:18:09',NULL,400),
	(222,2,1,4,1,'0','2015-08-30 19:18:10',NULL,29400),
	(223,2,1,4,2,'0','2015-08-30 19:18:10',NULL,29400),
	(224,6,3,4,3,'0','2015-08-30 19:18:10',NULL,19380),
	(225,10,8,4,4,'0','2015-08-30 19:18:10',NULL,10190.5),
	(226,10,8,4,5,'0','2015-08-30 19:18:10',NULL,14940),
	(227,10,8,4,6,'0','2015-08-30 19:18:10',NULL,14940),
	(228,12,10,4,7,'0','2015-08-30 19:18:10',NULL,15720),
	(229,14,12,4,8,'0','2015-08-30 19:18:10',NULL,24780),
	(230,15,13,4,9,'0','2015-08-30 19:18:10',NULL,17760),
	(231,16,14,4,10,'0','2015-08-30 19:18:10',NULL,17820),
	(232,19,17,4,11,'0','2015-08-30 19:18:10',NULL,16920),
	(233,21,19,4,12,'0','2015-08-30 19:18:10',NULL,35),
	(234,21,19,4,13,'0','2015-08-30 19:18:10',NULL,18900),
	(235,21,19,4,14,'0','2015-08-30 19:18:10',NULL,18900),
	(236,21,19,4,15,'0','2015-08-30 19:18:10',NULL,18900),
	(237,21,19,4,16,'0','2015-08-30 19:18:10',NULL,18900),
	(238,22,20,4,17,'0','2015-08-30 19:18:10',NULL,18900),
	(239,23,21,4,18,'0','2015-08-30 19:18:10',NULL,2920),
	(240,23,21,4,19,'0','2015-08-30 19:18:10',NULL,17520),
	(241,25,22,4,20,'0','2015-08-30 19:18:10',NULL,3231.58),
	(242,25,22,4,21,'0','2015-08-30 19:18:10',NULL,3666),
	(243,27,24,4,22,'0','2015-08-30 19:18:10',NULL,716),
	(244,27,24,4,23,'0','2015-08-30 19:18:10',NULL,18720),
	(245,27,24,4,24,'0','2015-08-30 19:18:10',NULL,18720),
	(246,29,26,4,25,'0','2015-08-30 19:18:10',NULL,13321.12),
	(247,36,33,4,26,'0','2015-08-30 19:18:10',NULL,16800),
	(248,36,33,4,27,'0','2015-08-30 19:18:10',NULL,16800),
	(249,38,34,4,28,'0','2015-08-30 19:18:10',NULL,18300),
	(250,39,35,4,29,'0','2015-08-30 19:18:10',NULL,19620),
	(251,40,36,4,30,'0','2015-08-30 19:18:10',NULL,18060),
	(252,42,38,4,31,'0','2015-08-30 19:18:10',NULL,15196.5),
	(253,42,38,4,32,'0','2015-08-30 19:18:10',NULL,15196.5),
	(254,42,38,4,33,'0','2015-08-30 19:18:10',NULL,15196.5),
	(255,42,38,4,34,'0','2015-08-30 19:18:10',NULL,3223.5),
	(256,42,38,4,35,'0','2015-08-30 19:18:10',NULL,18420),
	(257,42,38,4,36,'0','2015-08-30 19:18:10',NULL,18420),
	(258,42,38,4,37,'0','2015-08-30 19:18:10',NULL,18420),
	(259,42,38,4,38,'0','2015-08-30 19:18:10',NULL,18420),
	(260,44,41,4,39,'0','2015-08-30 19:18:10',NULL,21780),
	(261,46,43,4,40,'0','2015-08-30 19:18:10',NULL,24600),
	(262,49,46,4,41,'0','2015-08-30 19:18:10',NULL,17100),
	(263,51,48,4,42,'0','2015-08-30 19:18:10',NULL,16980),
	(264,53,49,4,43,'0','2015-08-30 19:18:10',NULL,3283.73),
	(265,53,49,4,44,'0','2015-08-30 19:18:10',NULL,18780),
	(266,53,49,4,45,'0','2015-08-30 19:18:10',NULL,18780),
	(267,57,53,4,46,'0','2015-08-30 19:18:10',NULL,14196),
	(268,57,53,4,47,'0','2015-08-30 19:18:10',NULL,14196),
	(269,57,53,4,48,'0','2015-08-30 19:18:10',NULL,14196),
	(270,57,53,4,49,'0','2015-08-30 19:18:10',NULL,18018),
	(271,57,53,4,50,'0','2015-08-30 19:18:10',NULL,18018),
	(272,57,53,4,51,'0','2015-08-30 19:18:10',NULL,18018),
	(273,57,53,4,52,'0','2015-08-30 19:18:10',NULL,3822),
	(274,57,53,4,53,'0','2015-08-30 19:18:10',NULL,21840),
	(275,57,53,4,54,'0','2015-08-30 19:18:10',NULL,21840),
	(276,57,53,4,55,'0','2015-08-30 19:18:10',NULL,21840),
	(277,57,53,4,56,'0','2015-08-30 19:18:10',NULL,21840),
	(278,61,56,4,57,'0','2015-08-30 19:18:10',NULL,19140),
	(279,62,57,4,58,'0','2015-08-30 19:18:10',NULL,22740),
	(280,62,57,4,59,'0','2015-08-30 19:18:10',NULL,22740),
	(281,64,59,4,60,'0','2015-08-30 19:18:10',NULL,22920),
	(282,67,61,4,61,'0','2015-08-30 19:18:10',NULL,16860),
	(283,68,62,4,62,'0','2015-08-30 19:18:10',NULL,16860),
	(284,70,64,4,63,'0','2015-08-30 19:18:10',NULL,15960),
	(285,71,65,4,64,'0','2015-08-30 19:18:10',NULL,14471.69),
	(286,71,65,4,65,'0','2015-08-30 19:18:10',NULL,17820),
	(287,71,65,4,66,'0','2015-08-30 19:18:10',NULL,17820),
	(288,71,65,4,67,'0','2015-08-30 19:18:10',NULL,17820),
	(289,75,69,4,68,'0','2015-08-30 19:18:10',NULL,17520),
	(290,77,70,4,69,'0','2015-08-30 19:18:10',NULL,17473.5),
	(291,78,71,4,70,'0','2015-08-30 19:18:10',NULL,14580),
	(292,78,71,4,71,'0','2015-08-30 19:18:10',NULL,14580),
	(293,79,72,4,72,'0','2015-08-30 19:18:10',NULL,10741.5),
	(294,79,72,4,73,'0','2015-08-30 19:18:10',NULL,10741.5),
	(295,79,72,4,74,'0','2015-08-30 19:18:10',NULL,10741.5),
	(296,79,72,4,75,'0','2015-08-30 19:18:10',NULL,2278.5),
	(297,79,72,4,76,'0','2015-08-30 19:18:10',NULL,13020),
	(298,79,72,4,77,'0','2015-08-30 19:18:10',NULL,13020),
	(299,79,72,4,78,'0','2015-08-30 19:18:10',NULL,13020),
	(300,79,72,4,79,'0','2015-08-30 19:18:10',NULL,13020),
	(301,80,73,4,80,'0','2015-08-30 19:18:10',NULL,1367.49),
	(302,80,73,4,81,'0','2015-08-30 19:18:10',NULL,11700),
	(303,80,73,4,82,'0','2015-08-30 19:18:10',NULL,7800),
	(304,80,73,4,83,'0','2015-08-30 19:18:10',NULL,2850),
	(305,80,73,4,84,'0','2015-08-30 19:18:10',NULL,3150),
	(306,80,73,4,85,'0','2015-08-30 19:18:10',NULL,18000),
	(307,80,73,4,86,'0','2015-08-30 19:18:10',NULL,18000),
	(308,80,73,4,87,'0','2015-08-30 19:18:10',NULL,18000),
	(309,80,73,4,88,'0','2015-08-30 19:18:10',NULL,18000),
	(310,85,77,4,89,'0','2015-08-30 19:18:10',NULL,9652.5),
	(311,85,77,4,90,'0','2015-08-30 19:18:10',NULL,9652.5),
	(312,85,77,4,91,'0','2015-08-30 19:18:10',NULL,9652.5),
	(313,85,77,4,92,'0','2015-08-30 19:18:10',NULL,2047.5),
	(314,85,77,4,93,'0','2015-08-30 19:18:10',NULL,11700),
	(315,85,77,4,94,'0','2015-08-30 19:18:10',NULL,11700),
	(316,85,77,4,95,'0','2015-08-30 19:18:10',NULL,11700),
	(317,85,77,4,96,'0','2015-08-30 19:18:10',NULL,11700),
	(318,82,74,4,97,'0','2015-08-30 19:18:10',NULL,7291.68),
	(319,82,74,4,98,'0','2015-08-30 19:18:10',NULL,10840.5),
	(320,82,74,4,99,'0','2015-08-30 19:18:10',NULL,10840.5),
	(321,82,74,4,100,'0','2015-08-30 19:18:10',NULL,2299.5),
	(322,82,74,4,101,'0','2015-08-30 19:18:10',NULL,13140),
	(323,82,74,4,102,'0','2015-08-30 19:18:10',NULL,13140),
	(324,82,74,4,103,'0','2015-08-30 19:18:10',NULL,13140),
	(325,82,74,4,104,'0','2015-08-30 19:18:10',NULL,13140),
	(326,83,75,4,105,'0','2015-08-30 19:18:10',NULL,3706.5),
	(327,83,75,4,106,'0','2015-08-30 19:18:10',NULL,3706.5),
	(328,83,75,4,107,'0','2015-08-30 19:18:10',NULL,21180),
	(329,83,75,4,108,'0','2015-08-30 19:18:10',NULL,21180),
	(330,83,75,4,109,'0','2015-08-30 19:18:10',NULL,21180),
	(331,89,81,4,110,'0','2015-08-30 19:18:10',NULL,20760),
	(332,89,81,4,111,'0','2015-08-30 19:18:10',NULL,20760),
	(333,90,82,4,112,'0','2015-08-30 19:18:10',NULL,22740),
	(334,90,82,4,113,'0','2015-08-30 19:18:10',NULL,22740),
	(335,94,85,4,114,'0','2015-08-30 19:18:10',NULL,11388),
	(336,94,85,4,115,'0','2015-08-30 19:18:10',NULL,11388),
	(337,94,85,4,116,'0','2015-08-30 19:18:10',NULL,11388),
	(338,94,85,4,117,'0','2015-08-30 19:18:10',NULL,11388),
	(339,94,85,4,118,'0','2015-08-30 19:18:10',NULL,11388),
	(340,94,85,4,119,'0','2015-08-30 19:18:10',NULL,11388),
	(341,94,85,4,120,'0','2015-08-30 19:18:10',NULL,11388),
	(342,94,85,4,121,'0','2015-08-30 19:18:10',NULL,11388),
	(343,94,85,4,122,'0','2015-08-30 19:18:10',NULL,17520),
	(344,94,85,4,123,'0','2015-08-30 19:18:10',NULL,17520),
	(345,94,85,4,124,'0','2015-08-30 19:18:10',NULL,17520),
	(346,96,87,4,125,'0','2015-08-30 19:18:10',NULL,17039.96),
	(347,96,87,4,126,'0','2015-08-30 19:18:10',NULL,17040),
	(348,100,91,4,127,'0','2015-08-30 19:18:10',NULL,3159),
	(349,100,91,4,128,'0','2015-08-30 19:18:10',NULL,12028.5),
	(350,100,91,4,129,'0','2015-08-30 19:18:10',NULL,12028.5),
	(351,100,91,4,130,'0','2015-08-30 19:18:10',NULL,12028.5),
	(352,100,91,4,131,'0','2015-08-30 19:18:10',NULL,2551.5),
	(353,100,91,4,132,'0','2015-08-30 19:18:10',NULL,14580),
	(354,100,91,4,133,'0','2015-08-30 19:18:10',NULL,14580),
	(355,100,91,4,134,'0','2015-08-30 19:18:10',NULL,14580),
	(356,100,91,4,135,'0','2015-08-30 19:18:10',NULL,14580),
	(357,106,97,4,136,'0','2015-08-30 19:18:10',NULL,13920),
	(358,111,102,4,137,'0','2015-08-30 19:18:10',NULL,7975.5),
	(359,111,102,4,138,'0','2015-08-30 19:18:10',NULL,17460),
	(360,111,102,4,139,'0','2015-08-30 19:18:10',NULL,17460),
	(361,115,107,4,140,'0','2015-08-30 19:18:10',NULL,15960),
	(362,117,108,4,141,'0','2015-08-30 19:18:10',NULL,17520),
	(363,118,109,4,142,'0','2015-08-30 19:18:10',NULL,21060),
	(364,123,117,4,143,'0','2015-08-30 19:18:10',NULL,9652.5),
	(365,123,117,4,144,'0','2015-08-30 19:18:10',NULL,9652.5),
	(366,123,117,4,145,'0','2015-08-30 19:18:10',NULL,9652.5),
	(367,123,117,4,146,'0','2015-08-30 19:18:10',NULL,2047.5),
	(368,123,117,4,147,'0','2015-08-30 19:18:10',NULL,11700),
	(369,123,117,4,148,'0','2015-08-30 19:18:10',NULL,11700),
	(370,123,117,4,149,'0','2015-08-30 19:18:10',NULL,11700),
	(371,123,117,4,150,'0','2015-08-30 19:18:10',NULL,11700),
	(372,124,118,4,151,'0','2015-08-30 19:18:10',NULL,7799.92),
	(373,125,119,4,152,'0','2015-08-30 19:18:10',NULL,19260),
	(374,126,120,4,153,'0','2015-08-30 19:18:10',NULL,8840),
	(375,128,122,4,154,'0','2015-08-30 19:18:10',NULL,14580),
	(376,129,124,4,155,'0','2015-08-30 19:18:10',NULL,21600),
	(377,131,125,4,156,'0','2015-08-30 19:18:10',NULL,13560),
	(378,132,126,4,157,'0','2015-08-30 19:18:10',NULL,13500),
	(379,134,128,4,158,'0','2015-08-30 19:18:10',NULL,8179),
	(380,134,128,4,159,'0','2015-08-30 19:18:10',NULL,12760),
	(381,135,129,4,160,'0','2015-08-30 19:18:10',NULL,26580),
	(382,136,130,4,161,'0','2015-08-30 19:18:10',NULL,22740),
	(383,138,131,4,162,'0','2015-08-30 19:18:10',NULL,21540),
	(384,139,132,4,163,'0','2015-08-30 19:18:10',NULL,21600),
	(385,140,133,4,164,'0','2015-08-30 19:18:10',NULL,16340),
	(386,140,133,4,165,'0','2015-08-30 19:18:10',NULL,16740),
	(387,141,134,4,166,'0','2015-08-30 19:18:10',NULL,18840),
	(388,141,134,4,167,'0','2015-08-30 19:18:10',NULL,18840),
	(389,143,136,4,168,'0','2015-08-30 19:18:10',NULL,17280),
	(390,145,138,4,169,'0','2015-08-30 19:18:10',NULL,20280),
	(391,146,139,4,170,'0','2015-08-30 19:18:10',NULL,19380),
	(392,149,142,4,171,'0','2015-08-30 19:18:10',NULL,9440),
	(393,151,145,4,172,'0','2015-08-30 19:18:10',NULL,14220),
	(394,153,147,4,173,'0','2015-08-30 19:18:10',NULL,20160),
	(395,153,147,4,174,'0','2015-08-30 19:18:10',NULL,20160),
	(396,154,148,4,175,'0','2015-08-30 19:18:10',NULL,2500),
	(397,154,148,4,176,'0','2015-08-30 19:18:10',NULL,2500),
	(398,154,148,4,177,'0','2015-08-30 19:18:10',NULL,2500),
	(399,154,148,4,178,'0','2015-08-30 19:18:10',NULL,19140),
	(400,156,150,4,179,'0','2015-08-30 19:18:10',NULL,10500),
	(401,162,154,4,180,'0','2015-08-30 19:18:10',NULL,24120),
	(402,162,154,4,181,'0','2015-08-30 19:18:10',NULL,24120),
	(403,165,157,4,182,'0','2015-08-30 19:18:10',NULL,19140),
	(404,166,158,4,183,'0','2015-08-30 19:18:10',NULL,19680),
	(405,167,159,4,184,'0','2015-08-30 19:18:10',NULL,11500),
	(406,167,159,4,185,'0','2015-08-30 19:18:10',NULL,17880),
	(407,170,163,4,186,'0','2015-08-30 19:18:10',NULL,14040),
	(408,170,163,4,187,'0','2015-08-30 19:18:10',NULL,14040),
	(409,170,163,4,188,'0','2015-08-30 19:18:10',NULL,14040),
	(410,170,163,4,189,'0','2015-08-30 19:18:10',NULL,14040),
	(411,170,163,4,190,'0','2015-08-30 19:18:10',NULL,17820),
	(412,170,163,4,191,'0','2015-08-30 19:18:10',NULL,17820),
	(413,170,163,4,192,'0','2015-08-30 19:18:10',NULL,17820),
	(414,170,163,4,193,'0','2015-08-30 19:18:10',NULL,3780),
	(415,170,163,4,194,'0','2015-08-30 19:18:10',NULL,21600),
	(416,170,163,4,195,'0','2015-08-30 19:18:10',NULL,21600),
	(417,170,163,4,196,'0','2015-08-30 19:18:10',NULL,21600),
	(418,170,163,4,197,'0','2015-08-30 19:18:10',NULL,21600),
	(419,171,164,4,198,'0','2015-08-30 19:18:10',NULL,14820),
	(420,172,165,4,199,'0','2015-08-30 19:18:10',NULL,20460),
	(421,174,167,4,200,'0','2015-08-30 19:18:10',NULL,14122.46),
	(422,174,167,4,201,'0','2015-08-30 19:18:10',NULL,14760),
	(423,174,167,4,202,'0','2015-08-30 19:18:10',NULL,14760),
	(424,175,168,4,203,'0','2015-08-30 19:18:10',NULL,20880),
	(425,176,169,4,204,'0','2015-08-30 19:18:10',NULL,25200),
	(426,176,169,4,205,'0','2015-08-30 19:18:10',NULL,25200),
	(427,177,172,4,206,'0','2015-08-30 19:18:10',NULL,373.6),
	(428,177,172,4,207,'0','2015-08-30 19:18:10',NULL,18660),
	(429,177,172,4,208,'0','2015-08-30 19:18:10',NULL,18660),
	(430,177,172,4,209,'0','2015-08-30 19:18:10',NULL,18660),
	(431,179,173,4,210,'0','2015-08-30 19:18:10',NULL,21240),
	(432,181,175,4,211,'0','2015-08-30 19:18:10',NULL,11284.15),
	(433,181,175,4,212,'0','2015-08-30 19:18:10',NULL,3769.5),
	(434,181,175,4,213,'0','2015-08-30 19:18:10',NULL,21540),
	(435,181,175,4,214,'0','2015-08-30 19:18:10',NULL,21540),
	(436,181,175,4,215,'0','2015-08-30 19:18:10',NULL,21540),
	(437,181,175,4,216,'0','2015-08-30 19:18:10',NULL,21540),
	(438,182,176,4,217,'0','2015-08-30 19:18:10',NULL,5082),
	(439,182,176,4,218,'0','2015-08-30 19:18:10',NULL,14520),
	(440,182,176,4,219,'0','2015-08-30 19:18:10',NULL,14520),
	(441,183,177,4,220,'0','2015-08-30 19:18:10',NULL,13560),
	(442,183,177,4,221,'0','2015-08-30 19:18:10',NULL,13560),
	(443,184,178,4,222,'0','2015-08-30 19:18:10',NULL,13920),
	(444,184,178,4,223,'0','2015-08-30 19:18:10',NULL,13920),
	(445,184,178,4,224,'0','2015-08-30 19:18:10',NULL,13920),
	(446,189,182,4,225,'0','2015-08-30 19:18:10',NULL,13960),
	(447,42,39,4,226,'0','2015-08-30 19:18:10',NULL,11975),
	(448,42,39,4,227,'0','2015-08-30 19:18:10',NULL,3675),
	(449,42,39,4,228,'0','2015-08-30 19:18:10',NULL,21000),
	(450,42,39,4,229,'0','2015-08-30 19:18:10',NULL,21000),
	(451,42,39,4,230,'0','2015-08-30 19:18:10',NULL,21000),
	(452,42,39,4,231,'0','2015-08-30 19:18:10',NULL,21000),
	(453,191,184,4,232,'0','2015-08-30 19:18:10',NULL,14340),
	(454,191,184,4,233,'0','2015-08-30 19:18:10',NULL,14340),
	(455,191,184,4,234,'0','2015-08-30 19:18:10',NULL,14340),
	(456,194,187,4,235,'0','2015-08-30 19:18:10',NULL,14640),
	(457,196,188,4,236,'0','2015-08-30 19:18:10',NULL,2500),
	(458,196,188,4,237,'0','2015-08-30 19:18:10',NULL,11193),
	(459,196,188,4,238,'0','2015-08-30 19:18:10',NULL,4145.77),
	(460,196,188,4,239,'0','2015-08-30 19:18:10',NULL,17220),
	(461,196,188,4,240,'0','2015-08-30 19:18:10',NULL,17220),
	(462,196,188,4,241,'0','2015-08-30 19:18:10',NULL,17220),
	(463,198,191,4,242,'0','2015-08-30 19:18:10',NULL,13560),
	(464,198,191,4,243,'0','2015-08-30 19:18:10',NULL,13560),
	(465,198,191,4,244,'0','2015-08-30 19:18:10',NULL,13560),
	(466,201,194,4,245,'0','2015-08-30 19:18:10',NULL,1055.93),
	(467,201,194,4,246,'0','2015-08-30 19:18:10',NULL,14100),
	(468,201,194,4,247,'0','2015-08-30 19:18:10',NULL,14100),
	(469,201,194,4,248,'0','2015-08-30 19:18:10',NULL,14100),
	(470,201,194,4,249,'0','2015-08-30 19:18:10',NULL,14100),
	(471,202,195,4,250,'0','2015-08-30 19:18:10',NULL,13200),
	(472,210,205,4,251,'0','2015-08-30 19:18:10',NULL,13320),
	(473,210,205,4,252,'0','2015-08-30 19:18:10',NULL,13320),
	(474,210,205,4,253,'0','2015-08-30 19:18:10',NULL,13320),
	(475,211,206,4,254,'0','2015-08-30 19:18:10',NULL,13500),
	(476,211,206,4,255,'0','2015-08-30 19:18:10',NULL,13560),
	(477,211,206,4,256,'0','2015-08-30 19:18:10',NULL,13560),
	(478,216,211,4,257,'0','2015-08-30 19:18:10',NULL,14280),
	(479,218,213,4,258,'0','2015-08-30 19:18:10',NULL,13920),
	(480,218,213,4,259,'0','2015-08-30 19:18:10',NULL,13920),
	(481,218,213,4,260,'0','2015-08-30 19:18:10',NULL,13920),
	(482,218,214,4,261,'0','2015-08-30 19:18:10',NULL,13500),
	(483,218,214,4,262,'0','2015-08-30 19:18:10',NULL,13500),
	(484,218,214,4,263,'0','2015-08-30 19:18:10',NULL,13500),
	(485,220,216,4,264,'0','2015-08-30 19:18:10',NULL,13740),
	(486,222,219,4,265,'0','2015-08-30 19:18:10',NULL,5070),
	(487,222,219,4,266,'0','2015-08-30 19:18:10',NULL,14520),
	(488,223,220,4,267,'0','2015-08-30 19:18:10',NULL,17820),
	(489,224,221,4,268,'0','2015-08-30 19:18:10',NULL,17748),
	(490,226,223,4,269,'0','2015-08-30 19:18:10',NULL,8319),
	(491,226,223,4,270,'0','2015-08-30 19:18:10',NULL,2961),
	(492,226,223,4,271,'0','2015-08-30 19:18:10',NULL,16920),
	(493,226,223,4,272,'0','2015-08-30 19:18:10',NULL,16920),
	(494,231,228,4,273,'0','2015-08-30 19:18:10',NULL,1441.27),
	(495,231,228,4,274,'0','2015-08-30 19:18:10',NULL,1597.5),
	(496,231,228,4,275,'0','2015-08-30 19:18:10',NULL,16500),
	(497,231,228,4,276,'0','2015-08-30 19:18:10',NULL,16500),
	(498,231,228,4,277,'0','2015-08-30 19:18:10',NULL,16500),
	(499,232,229,4,278,'0','2015-08-30 19:18:10',NULL,12292.5),
	(500,232,229,4,279,'0','2015-08-30 19:18:10',NULL,12622.5),
	(501,232,229,4,280,'0','2015-08-30 19:18:10',NULL,12622.5),
	(502,232,229,4,281,'0','2015-08-30 19:18:10',NULL,2677.5),
	(503,232,229,4,282,'0','2015-08-30 19:18:10',NULL,15300),
	(504,232,229,4,283,'0','2015-08-30 19:18:10',NULL,15300),
	(505,232,229,4,284,'0','2015-08-30 19:18:10',NULL,15300),
	(506,232,229,4,285,'0','2015-08-30 19:18:10',NULL,15300),
	(507,235,232,4,286,'0','2015-08-30 19:18:10',NULL,12900),
	(508,235,233,4,287,'0','2015-08-30 19:18:10',NULL,12900),
	(509,237,235,4,288,'0','2015-08-30 19:18:10',NULL,12900),
	(510,232,238,4,289,'0','2015-08-30 19:18:10',NULL,820),
	(511,242,241,4,290,'0','2015-08-30 19:18:10',NULL,12900),
	(512,243,242,4,291,'0','2015-08-30 19:18:10',NULL,15180),
	(513,243,242,4,292,'0','2015-08-30 19:18:10',NULL,15180),
	(514,248,247,4,293,'0','2015-08-30 19:18:10',NULL,13312.62),
	(515,248,247,4,294,'0','2015-08-30 19:18:10',NULL,14280),
	(516,248,247,4,295,'0','2015-08-30 19:18:10',NULL,14280),
	(517,248,247,4,296,'0','2015-08-30 19:18:10',NULL,14280),
	(518,248,247,4,297,'0','2015-08-30 19:18:10',NULL,14280),
	(519,248,248,4,298,'0','2015-08-30 19:18:10',NULL,967.37),
	(520,248,248,4,299,'0','2015-08-30 19:18:10',NULL,14280),
	(521,249,249,4,300,'0','2015-08-30 19:18:10',NULL,16440),
	(522,251,251,4,301,'0','2015-08-30 19:18:10',NULL,2500),
	(523,251,251,4,302,'0','2015-08-30 19:18:10',NULL,2500),
	(524,251,251,4,303,'0','2015-08-30 19:18:10',NULL,2500),
	(525,251,251,4,304,'0','2015-08-30 19:18:10',NULL,2500),
	(526,251,251,4,305,'0','2015-08-30 19:18:10',NULL,9165),
	(527,251,251,4,306,'0','2015-08-30 19:18:10',NULL,9165),
	(528,251,251,4,307,'0','2015-08-30 19:18:10',NULL,9165),
	(529,251,251,4,308,'0','2015-08-30 19:18:10',NULL,9165),
	(530,251,251,4,309,'0','2015-08-30 19:18:10',NULL,9165),
	(531,251,251,4,310,'0','2015-08-30 19:18:10',NULL,9165),
	(532,251,251,4,311,'0','2015-08-30 19:18:10',NULL,9165),
	(533,251,251,4,312,'0','2015-08-30 19:18:10',NULL,9165),
	(534,251,251,4,313,'0','2015-08-30 19:18:10',NULL,9165),
	(535,251,251,4,314,'0','2015-08-30 19:18:10',NULL,9165),
	(536,251,251,4,315,'0','2015-08-30 19:18:10',NULL,9165),
	(537,251,251,4,316,'0','2015-08-30 19:18:10',NULL,9165),
	(538,251,251,4,317,'0','2015-08-30 19:18:10',NULL,11632.5),
	(539,251,251,4,318,'0','2015-08-30 19:18:10',NULL,11632.5),
	(540,251,251,4,319,'0','2015-08-30 19:18:10',NULL,11632.5),
	(541,251,251,4,320,'0','2015-08-30 19:18:10',NULL,2467.5),
	(542,251,251,4,321,'0','2015-08-30 19:18:10',NULL,14100),
	(543,251,251,4,322,'0','2015-08-30 19:18:10',NULL,14100),
	(544,251,251,4,323,'0','2015-08-30 19:18:10',NULL,14100),
	(545,251,251,4,324,'0','2015-08-30 19:18:10',NULL,14100),
	(546,254,254,4,325,'0','2015-08-30 19:18:10',NULL,2902),
	(547,254,254,4,326,'0','2015-08-30 19:18:10',NULL,8853),
	(548,254,254,4,327,'0','2015-08-30 19:18:10',NULL,11236.5),
	(549,254,254,4,328,'0','2015-08-30 19:18:10',NULL,11236.5),
	(550,254,254,4,329,'0','2015-08-30 19:18:10',NULL,11236.5),
	(551,254,254,4,330,'0','2015-08-30 19:18:10',NULL,2383.5),
	(552,254,254,4,331,'0','2015-08-30 19:18:10',NULL,13620),
	(553,254,254,4,332,'0','2015-08-30 19:18:10',NULL,13620),
	(554,254,254,4,333,'0','2015-08-30 19:18:10',NULL,13620),
	(555,254,254,4,334,'0','2015-08-30 19:18:10',NULL,13620),
	(556,255,255,4,335,'0','2015-08-30 19:18:10',NULL,13500),
	(557,255,255,4,336,'0','2015-08-30 19:18:10',NULL,13500),
	(558,261,266,4,337,'0','2015-08-30 19:18:10',NULL,12360),
	(559,264,270,4,338,'0','2015-08-30 19:18:10',NULL,12300),
	(560,264,271,4,339,'0','2015-08-30 19:18:10',NULL,12300),
	(561,265,272,4,340,'0','2015-08-30 19:18:10',NULL,19320),
	(562,266,273,4,341,'0','2015-08-30 19:18:10',NULL,12540),
	(563,267,274,4,342,'0','2015-08-30 19:18:10',NULL,12240),
	(564,271,278,4,343,'0','2015-08-30 19:18:10',NULL,18300),
	(565,271,278,4,344,'0','2015-08-30 19:18:10',NULL,18300),
	(566,271,278,4,345,'0','2015-08-30 19:18:10',NULL,18300),
	(567,272,279,4,346,'0','2015-08-30 19:18:10',NULL,4787),
	(568,272,279,4,347,'0','2015-08-30 19:18:10',NULL,10647),
	(569,272,279,4,348,'0','2015-08-30 19:18:10',NULL,16380),
	(570,272,279,4,349,'0','2015-08-30 19:18:10',NULL,16380),
	(571,272,279,4,350,'0','2015-08-30 19:18:10',NULL,16380),
	(572,274,281,4,351,'0','2015-08-30 19:18:10',NULL,14025.67),
	(573,274,281,4,352,'0','2015-08-30 19:18:10',NULL,15000),
	(574,274,281,4,353,'0','2015-08-30 19:18:10',NULL,15000),
	(575,274,281,4,354,'0','2015-08-30 19:18:10',NULL,15000),
	(576,275,282,4,355,'0','2015-08-30 19:18:10',NULL,15840),
	(577,277,284,4,356,'0','2015-08-30 19:18:10',NULL,1041.86),
	(578,277,284,4,357,'0','2015-08-30 19:18:10',NULL,14700),
	(579,278,285,4,358,'0','2015-08-30 19:18:10',NULL,2500),
	(580,278,285,4,359,'0','2015-08-30 19:18:10',NULL,2500),
	(581,278,285,4,360,'0','2015-08-30 19:18:10',NULL,2500),
	(582,278,285,4,361,'0','2015-08-30 19:18:10',NULL,2500),
	(583,278,285,4,362,'0','2015-08-30 19:18:10',NULL,676.32),
	(584,278,285,4,363,'0','2015-08-30 19:18:10',NULL,9555),
	(585,278,285,4,364,'0','2015-08-30 19:18:10',NULL,9555),
	(586,278,285,4,365,'0','2015-08-30 19:18:10',NULL,9555),
	(587,278,285,4,366,'0','2015-08-30 19:18:10',NULL,9555),
	(588,278,285,4,367,'0','2015-08-30 19:18:10',NULL,9555),
	(589,278,285,4,368,'0','2015-08-30 19:18:10',NULL,9555),
	(590,278,285,4,369,'0','2015-08-30 19:18:10',NULL,9555),
	(591,278,285,4,370,'0','2015-08-30 19:18:10',NULL,9555),
	(592,278,285,4,371,'0','2015-08-30 19:18:10',NULL,9555),
	(593,278,285,4,372,'0','2015-08-30 19:18:10',NULL,9555),
	(594,278,285,4,373,'0','2015-08-30 19:18:10',NULL,9555),
	(595,278,285,4,374,'0','2015-08-30 19:18:10',NULL,9555),
	(596,278,285,4,375,'0','2015-08-30 19:18:10',NULL,9555),
	(597,278,285,4,376,'0','2015-08-30 19:18:10',NULL,9555),
	(598,278,285,4,377,'0','2015-08-30 19:18:10',NULL,12127.5),
	(599,278,285,4,378,'0','2015-08-30 19:18:10',NULL,12127.5),
	(600,278,285,4,379,'0','2015-08-30 19:18:10',NULL,12127.5),
	(601,278,285,4,380,'0','2015-08-30 19:18:10',NULL,2572.5),
	(602,278,285,4,381,'0','2015-08-30 19:18:10',NULL,14700),
	(603,278,285,4,382,'0','2015-08-30 19:18:10',NULL,14700),
	(604,278,285,4,383,'0','2015-08-30 19:18:10',NULL,14700),
	(605,278,285,4,384,'0','2015-08-30 19:18:10',NULL,14700),
	(606,279,286,4,385,'0','2015-08-30 19:18:10',NULL,14640),
	(607,281,288,4,386,'0','2015-08-30 19:18:10',NULL,14040),
	(608,281,289,4,387,'0','2015-08-30 19:18:10',NULL,13440),
	(609,282,290,4,388,'0','2015-08-30 19:18:10',NULL,14040),
	(610,284,292,4,389,'0','2015-08-30 19:18:10',NULL,12240),
	(611,284,292,4,390,'0','2015-08-30 19:18:10',NULL,12240),
	(612,290,298,4,391,'0','2015-08-30 19:18:10',NULL,15420),
	(613,292,300,4,392,'0','2015-08-30 19:18:10',NULL,14520),
	(614,292,300,4,393,'0','2015-08-30 19:18:10',NULL,14520),
	(615,292,300,4,394,'0','2015-08-30 19:18:10',NULL,14520),
	(616,292,301,4,395,'0','2015-08-30 19:18:10',NULL,13380),
	(617,292,301,4,396,'0','2015-08-30 19:18:10',NULL,13380),
	(618,292,301,4,397,'0','2015-08-30 19:18:10',NULL,13380),
	(619,293,302,4,398,'0','2015-08-30 19:18:10',NULL,13860),
	(620,295,304,4,399,'0','2015-08-30 19:18:10',NULL,14640),
	(621,297,306,4,400,'0','2015-08-30 19:18:10',NULL,14340),
	(622,297,306,4,401,'0','2015-08-30 19:18:10',NULL,14340),
	(623,299,309,4,402,'0','2015-08-30 19:18:10',NULL,19080),
	(624,299,310,4,403,'0','2015-08-30 19:18:10',NULL,16140),
	(625,300,311,4,404,'0','2015-08-30 19:18:10',NULL,15780),
	(626,255,256,4,405,'0','2015-08-30 19:18:10',NULL,15840),
	(627,255,256,4,406,'0','2015-08-30 19:18:10',NULL,15840),
	(628,302,313,4,407,'0','2015-08-30 19:18:10',NULL,13341.12),
	(629,302,313,4,408,'0','2015-08-30 19:18:10',NULL,16080),
	(630,302,313,4,409,'0','2015-08-30 19:18:10',NULL,16080),
	(631,302,313,4,410,'0','2015-08-30 19:18:10',NULL,16080),
	(632,255,258,4,411,'0','2015-08-30 19:18:10',NULL,2226),
	(633,255,258,4,412,'0','2015-08-30 19:18:10',NULL,2226),
	(634,255,258,4,413,'0','2015-08-30 19:18:10',NULL,12720),
	(635,255,258,4,414,'0','2015-08-30 19:18:10',NULL,12720),
	(636,255,258,4,415,'0','2015-08-30 19:18:10',NULL,12720),
	(637,304,314,4,416,'0','2015-08-30 19:18:10',NULL,12120),
	(638,305,315,4,417,'0','2015-08-30 19:18:10',NULL,13080),
	(639,306,316,4,418,'0','2015-08-30 19:18:10',NULL,12420),
	(640,306,316,4,419,'0','2015-08-30 19:18:10',NULL,12420),
	(641,306,316,4,420,'0','2015-08-30 19:18:10',NULL,12420),
	(642,307,317,4,421,'0','2015-08-30 19:18:10',NULL,15000),
	(643,307,317,4,422,'0','2015-08-30 19:18:10',NULL,15000),
	(644,308,318,4,423,'0','2015-08-30 19:18:10',NULL,10000),
	(645,309,319,4,424,'0','2015-08-30 19:18:10',NULL,12660),
	(646,311,321,4,425,'0','2015-08-30 19:18:10',NULL,8160),
	(647,312,322,4,426,'0','2015-08-30 19:18:10',NULL,12240),
	(648,314,324,4,427,'0','2015-08-30 19:18:10',NULL,3573.09),
	(649,314,324,4,428,'0','2015-08-30 19:18:10',NULL,12240),
	(650,255,257,4,429,'0','2015-08-30 19:18:10',NULL,13380),
	(651,255,257,4,430,'0','2015-08-30 19:18:10',NULL,13380),
	(652,318,330,4,431,'0','2015-08-30 19:18:10',NULL,9316.58),
	(653,318,331,4,432,'0','2015-08-30 19:18:10',NULL,7386.35),
	(654,319,332,4,433,'0','2015-08-30 19:18:10',NULL,12180),
	(655,320,333,4,434,'0','2015-08-30 19:18:10',NULL,7490.89),
	(656,320,333,4,435,'0','2015-08-30 19:18:10',NULL,5382),
	(657,320,333,4,436,'0','2015-08-30 19:18:10',NULL,5382),
	(658,320,333,4,437,'0','2015-08-30 19:18:10',NULL,2691),
	(659,320,333,4,438,'0','2015-08-30 19:18:10',NULL,8073),
	(660,320,333,4,439,'0','2015-08-30 19:18:10',NULL,12420),
	(661,320,333,4,440,'0','2015-08-30 19:18:10',NULL,12420),
	(662,320,333,4,441,'0','2015-08-30 19:18:10',NULL,12420),
	(663,322,335,4,442,'0','2015-08-30 19:18:10',NULL,12240),
	(664,322,335,4,443,'0','2015-08-30 19:18:10',NULL,12240),
	(665,325,340,4,444,'0','2015-08-30 19:18:10',NULL,8931.23),
	(666,325,340,4,445,'0','2015-08-30 19:18:10',NULL,13740),
	(667,325,340,4,446,'0','2015-08-30 19:18:10',NULL,13740),
	(668,326,341,4,447,'0','2015-08-30 19:18:10',NULL,13740),
	(669,326,341,4,448,'0','2015-08-30 19:18:10',NULL,13740),
	(670,327,342,4,449,'0','2015-08-30 19:18:10',NULL,2656.5),
	(671,327,342,4,450,'0','2015-08-30 19:18:10',NULL,15180),
	(672,327,342,4,451,'0','2015-08-30 19:18:10',NULL,15180),
	(673,327,342,4,452,'0','2015-08-30 19:18:10',NULL,15180),
	(674,327,342,4,453,'0','2015-08-30 19:18:10',NULL,15180),
	(675,328,343,4,454,'0','2015-08-30 19:18:10',NULL,16920),
	(676,328,343,4,455,'0','2015-08-30 19:18:10',NULL,16920),
	(677,331,346,4,456,'0','2015-08-30 19:18:10',NULL,14520),
	(678,333,348,4,457,'0','2015-08-30 19:18:10',NULL,14100),
	(679,334,349,4,458,'0','2015-08-30 19:18:10',NULL,15180),
	(680,335,350,4,459,'0','2015-08-30 19:18:10',NULL,12060),
	(681,335,350,4,460,'0','2015-08-30 19:18:10',NULL,12060),
	(682,335,351,4,461,'0','2015-08-30 19:18:10',NULL,14160),
	(683,335,351,4,462,'0','2015-08-30 19:18:10',NULL,14160),
	(684,330,352,4,463,'0','2015-08-30 19:18:10',NULL,15960),
	(685,337,353,4,464,'0','2015-08-30 19:18:10',NULL,15960),
	(686,338,354,4,465,'0','2015-08-30 19:18:10',NULL,14280),
	(687,338,354,4,466,'0','2015-08-30 19:18:10',NULL,14280),
	(688,338,354,4,467,'0','2015-08-30 19:18:10',NULL,14280),
	(689,339,355,4,468,'0','2015-08-30 19:18:10',NULL,15480),
	(690,340,356,4,469,'0','2015-08-30 19:18:10',NULL,17700),
	(691,341,357,4,470,'0','2015-08-30 19:18:10',NULL,2090.5),
	(692,341,357,4,471,'0','2015-08-30 19:18:10',NULL,16020),
	(693,342,358,4,472,'0','2015-08-30 19:18:10',NULL,10077.33),
	(694,342,358,4,473,'0','2015-08-30 19:18:10',NULL,17880),
	(695,343,359,4,474,'0','2015-08-30 19:18:10',NULL,2371.32),
	(696,343,359,4,475,'0','2015-08-30 19:18:10',NULL,10842),
	(697,343,359,4,476,'0','2015-08-30 19:18:10',NULL,10842),
	(698,343,359,4,477,'0','2015-08-30 19:18:10',NULL,13761),
	(699,343,359,4,478,'0','2015-08-30 19:18:10',NULL,13761),
	(700,343,359,4,479,'0','2015-08-30 19:18:10',NULL,13761),
	(701,343,359,4,480,'0','2015-08-30 19:18:10',NULL,2919),
	(702,343,359,4,481,'0','2015-08-30 19:18:10',NULL,16680),
	(703,343,359,4,482,'0','2015-08-30 19:18:10',NULL,16680),
	(704,343,359,4,483,'0','2015-08-30 19:18:10',NULL,16680),
	(705,343,359,4,484,'0','2015-08-30 19:18:10',NULL,16680),
	(706,345,361,4,485,'0','2015-08-30 19:18:10',NULL,10413),
	(707,345,361,4,486,'0','2015-08-30 19:18:10',NULL,10413),
	(708,345,361,4,487,'0','2015-08-30 19:18:10',NULL,10413),
	(709,345,361,4,488,'0','2015-08-30 19:18:10',NULL,10413),
	(710,345,361,4,489,'0','2015-08-30 19:18:10',NULL,10413),
	(711,345,361,4,490,'0','2015-08-30 19:18:10',NULL,10413),
	(712,345,361,4,491,'0','2015-08-30 19:18:10',NULL,13216.5),
	(713,345,361,4,492,'0','2015-08-30 19:18:10',NULL,13216.5),
	(714,345,361,4,493,'0','2015-08-30 19:18:10',NULL,13216.5),
	(715,345,361,4,494,'0','2015-08-30 19:18:10',NULL,2803.5),
	(716,345,361,4,495,'0','2015-08-30 19:18:10',NULL,16020),
	(717,345,361,4,496,'0','2015-08-30 19:18:10',NULL,16020),
	(718,345,361,4,497,'0','2015-08-30 19:18:10',NULL,16020),
	(719,345,361,4,498,'0','2015-08-30 19:18:10',NULL,16020),
	(720,347,363,4,499,'0','2015-08-30 19:18:10',NULL,16080),
	(721,352,368,4,500,'0','2015-08-30 19:18:10',NULL,12540),
	(722,352,369,4,501,'0','2015-08-30 19:18:10',NULL,12120),
	(723,352,370,4,502,'0','2015-08-30 19:18:10',NULL,12900),
	(724,354,372,4,503,'0','2015-08-30 19:18:10',NULL,12900),
	(725,354,372,4,504,'0','2015-08-30 19:18:10',NULL,12900),
	(726,354,372,4,505,'0','2015-08-30 19:18:10',NULL,12900),
	(727,352,373,4,506,'0','2015-08-30 19:18:10',NULL,10098),
	(728,352,373,4,507,'0','2015-08-30 19:18:10',NULL,10098),
	(729,352,373,4,508,'0','2015-08-30 19:18:10',NULL,10098),
	(730,352,373,4,509,'0','2015-08-30 19:18:10',NULL,2142),
	(731,352,373,4,510,'0','2015-08-30 19:18:10',NULL,12240),
	(732,352,373,4,511,'0','2015-08-30 19:18:10',NULL,12240),
	(733,352,373,4,512,'0','2015-08-30 19:18:10',NULL,12240),
	(734,352,373,4,513,'0','2015-08-30 19:18:10',NULL,12240),
	(735,355,374,4,514,'0','2015-08-30 19:18:10',NULL,13500),
	(736,355,374,4,515,'0','2015-08-30 19:18:10',NULL,13500),
	(737,355,374,4,516,'0','2015-08-30 19:18:10',NULL,13500),
	(738,350,374,4,517,'0','2015-08-30 19:18:10',NULL,7956),
	(739,350,374,4,518,'0','2015-08-30 19:18:10',NULL,7956),
	(740,350,374,4,519,'0','2015-08-30 19:18:10',NULL,7956),
	(741,350,374,4,520,'0','2015-08-30 19:18:10',NULL,7956),
	(742,350,374,4,521,'0','2015-08-30 19:18:10',NULL,10098),
	(743,350,374,4,522,'0','2015-08-30 19:18:10',NULL,10098),
	(744,350,374,4,523,'0','2015-08-30 19:18:10',NULL,10098),
	(745,350,374,4,524,'0','2015-08-30 19:18:10',NULL,2142),
	(746,350,374,4,525,'0','2015-08-30 19:18:10',NULL,12240),
	(747,350,374,4,526,'0','2015-08-30 19:18:10',NULL,12240),
	(748,350,374,4,527,'0','2015-08-30 19:18:10',NULL,12240),
	(749,350,374,4,528,'0','2015-08-30 19:18:10',NULL,12240),
	(750,352,375,4,529,'0','2015-08-30 19:18:10',NULL,7956),
	(751,352,375,4,530,'0','2015-08-30 19:18:10',NULL,7956),
	(752,352,375,4,531,'0','2015-08-30 19:18:10',NULL,7956),
	(753,352,375,4,532,'0','2015-08-30 19:18:10',NULL,7956),
	(754,352,375,4,533,'0','2015-08-30 19:18:10',NULL,10098),
	(755,352,375,4,534,'0','2015-08-30 19:18:10',NULL,10098),
	(756,352,375,4,535,'0','2015-08-30 19:18:10',NULL,10098),
	(757,352,375,4,536,'0','2015-08-30 19:18:10',NULL,2142),
	(758,352,375,4,537,'0','2015-08-30 19:18:10',NULL,12240),
	(759,352,375,4,538,'0','2015-08-30 19:18:10',NULL,12240),
	(760,352,375,4,539,'0','2015-08-30 19:18:10',NULL,12240),
	(761,352,375,4,540,'0','2015-08-30 19:18:10',NULL,12240),
	(762,356,376,4,541,'0','2015-08-30 19:18:10',NULL,13140),
	(763,357,377,4,542,'0','2015-08-30 19:18:10',NULL,12240),
	(764,359,379,4,543,'0','2015-08-30 19:18:10',NULL,13860),
	(765,359,379,4,544,'0','2015-08-30 19:18:10',NULL,13860),
	(766,360,380,4,545,'0','2015-08-30 19:18:10',NULL,561.69),
	(767,360,380,4,546,'0','2015-08-30 19:18:10',NULL,14220),
	(768,360,380,4,547,'0','2015-08-30 19:18:10',NULL,14220),
	(769,360,380,4,548,'0','2015-08-30 19:18:10',NULL,14220),
	(770,360,380,4,549,'0','2015-08-30 19:18:10',NULL,14220),
	(771,362,382,4,550,'0','2015-08-30 19:18:10',NULL,4006.53),
	(772,362,382,4,551,'0','2015-08-30 19:18:10',NULL,4274.91),
	(773,362,382,4,552,'0','2015-08-30 19:18:10',NULL,4274.91),
	(774,362,382,4,553,'0','2015-08-30 19:18:10',NULL,4274.91),
	(775,362,382,4,554,'0','2015-08-30 19:18:10',NULL,4274.91),
	(776,362,382,4,555,'0','2015-08-30 19:18:10',NULL,4402.71),
	(777,362,382,4,556,'0','2015-08-30 19:18:10',NULL,4402.71),
	(778,362,382,4,557,'0','2015-08-30 19:18:10',NULL,4402.71),
	(779,362,382,4,558,'0','2015-08-30 19:18:10',NULL,4402.71),
	(780,362,382,4,559,'0','2015-08-30 19:18:10',NULL,4734.99),
	(781,362,382,4,560,'0','2015-08-30 19:18:10',NULL,4734.99),
	(782,362,382,4,561,'0','2015-08-30 19:18:10',NULL,4734.99),
	(783,362,382,4,562,'0','2015-08-30 19:18:10',NULL,4734.99),
	(784,362,382,4,563,'0','2015-08-30 19:18:10',NULL,4734.99),
	(785,362,382,4,564,'0','2015-08-30 19:18:10',NULL,4734.99),
	(786,362,382,4,565,'0','2015-08-30 19:18:10',NULL,4734.99),
	(787,362,382,4,566,'0','2015-08-30 19:18:10',NULL,4734.99),
	(788,362,382,4,567,'0','2015-08-30 19:18:10',NULL,4734.99),
	(789,362,382,4,568,'0','2015-08-30 19:18:10',NULL,4734.99),
	(790,362,382,4,569,'0','2015-08-30 19:18:10',NULL,4734.99),
	(791,362,382,4,570,'0','2015-08-30 19:18:10',NULL,4734.99),
	(792,362,382,4,571,'0','2015-08-30 19:18:10',NULL,4734.99),
	(793,362,382,4,572,'0','2015-08-30 19:18:10',NULL,4734.99),
	(794,362,382,4,573,'0','2015-08-30 19:18:10',NULL,4734.99),
	(795,362,382,4,574,'0','2015-08-30 19:18:10',NULL,4734.99),
	(796,362,382,4,575,'0','2015-08-30 19:18:10',NULL,4734.99),
	(797,362,382,4,576,'0','2015-08-30 19:18:10',NULL,4734.99),
	(798,362,382,4,577,'0','2015-08-30 19:18:10',NULL,8307),
	(799,362,382,4,578,'0','2015-08-30 19:18:10',NULL,8307),
	(800,362,382,4,579,'0','2015-08-30 19:18:10',NULL,8307),
	(801,362,382,4,580,'0','2015-08-30 19:18:10',NULL,8307),
	(802,362,382,4,581,'0','2015-08-30 19:18:10',NULL,8307),
	(803,362,382,4,582,'0','2015-08-30 19:18:10',NULL,8307),
	(804,362,382,4,583,'0','2015-08-30 19:18:10',NULL,8307),
	(805,362,382,4,584,'0','2015-08-30 19:18:10',NULL,8307),
	(806,362,382,4,585,'0','2015-08-30 19:18:10',NULL,8307),
	(807,362,382,4,586,'0','2015-08-30 19:18:10',NULL,8307),
	(808,362,382,4,587,'0','2015-08-30 19:18:10',NULL,8307),
	(809,362,382,4,588,'0','2015-08-30 19:18:10',NULL,8307),
	(810,362,382,4,589,'0','2015-08-30 19:18:10',NULL,8307),
	(811,362,382,4,590,'0','2015-08-30 19:18:10',NULL,8307),
	(812,362,382,4,591,'0','2015-08-30 19:18:10',NULL,10543.5),
	(813,362,382,4,592,'0','2015-08-30 19:18:10',NULL,10543.5),
	(814,362,382,4,593,'0','2015-08-30 19:18:10',NULL,10543.5),
	(815,362,382,4,594,'0','2015-08-30 19:18:10',NULL,2236.5),
	(816,362,382,4,595,'0','2015-08-30 19:18:10',NULL,12780),
	(817,362,382,4,596,'0','2015-08-30 19:18:10',NULL,12780),
	(818,362,382,4,597,'0','2015-08-30 19:18:10',NULL,12780),
	(819,362,382,4,598,'0','2015-08-30 19:18:10',NULL,12780),
	(820,362,382,4,599,'0','2015-08-30 19:18:10',NULL,2500),
	(821,362,382,4,600,'0','2015-08-30 19:18:10',NULL,2500),
	(822,362,382,4,601,'0','2015-08-30 19:18:10',NULL,2500),
	(823,362,382,4,602,'0','2015-08-30 19:18:10',NULL,2500),
	(824,365,385,4,603,'0','2015-08-30 19:18:10',NULL,12780),
	(825,366,386,4,604,'0','2015-08-30 19:18:10',NULL,13140),
	(826,367,387,4,605,'0','2015-08-30 19:18:10',NULL,12120),
	(827,369,389,4,606,'0','2015-08-30 19:18:10',NULL,10147.5),
	(828,369,389,4,607,'0','2015-08-30 19:18:10',NULL,10147.5),
	(829,369,389,4,608,'0','2015-08-30 19:18:10',NULL,2152.5),
	(830,369,389,4,609,'0','2015-08-30 19:18:10',NULL,12300),
	(831,369,389,4,610,'0','2015-08-30 19:18:10',NULL,12300),
	(832,369,389,4,611,'0','2015-08-30 19:18:10',NULL,12300),
	(833,369,389,4,612,'0','2015-08-30 19:18:10',NULL,12300),
	(834,364,390,4,613,'0','2015-08-30 19:18:10',NULL,13018.5),
	(835,364,390,4,614,'0','2015-08-30 19:18:10',NULL,13018.5),
	(836,364,390,4,615,'0','2015-08-30 19:18:10',NULL,2761.5),
	(837,364,390,4,616,'0','2015-08-30 19:18:10',NULL,15780),
	(838,364,390,4,617,'0','2015-08-30 19:18:10',NULL,15780),
	(839,364,390,4,618,'0','2015-08-30 19:18:10',NULL,15780),
	(840,364,390,4,619,'0','2015-08-30 19:18:10',NULL,15780),
	(841,370,391,4,620,'0','2015-08-30 19:18:10',NULL,13140),
	(842,371,392,4,621,'0','2015-08-30 19:18:10',NULL,8190),
	(843,371,392,4,622,'0','2015-08-30 19:18:10',NULL,8190),
	(844,371,392,4,623,'0','2015-08-30 19:18:10',NULL,8190),
	(845,371,392,4,624,'0','2015-08-30 19:18:10',NULL,8190),
	(846,371,392,4,625,'0','2015-08-30 19:18:10',NULL,8190),
	(847,371,392,4,626,'0','2015-08-30 19:18:10',NULL,8190),
	(848,371,392,4,627,'0','2015-08-30 19:18:10',NULL,8190),
	(849,371,392,4,628,'0','2015-08-30 19:18:10',NULL,8190),
	(850,371,392,4,629,'0','2015-08-30 19:18:10',NULL,10395),
	(851,371,392,4,630,'0','2015-08-30 19:18:10',NULL,10395),
	(852,371,392,4,631,'0','2015-08-30 19:18:10',NULL,10395),
	(853,371,392,4,632,'0','2015-08-30 19:18:10',NULL,2205),
	(854,371,392,4,633,'0','2015-08-30 19:18:10',NULL,12600),
	(855,371,392,4,634,'0','2015-08-30 19:18:10',NULL,12600),
	(856,371,392,4,635,'0','2015-08-30 19:18:10',NULL,12600),
	(857,371,392,4,636,'0','2015-08-30 19:18:10',NULL,12600),
	(858,373,394,4,637,'0','2015-08-30 19:18:10',NULL,12120),
	(859,374,395,4,638,'0','2015-08-30 19:18:10',NULL,10642.5),
	(860,374,395,4,639,'0','2015-08-30 19:18:10',NULL,12900),
	(861,374,395,4,640,'0','2015-08-30 19:18:10',NULL,12900),
	(862,374,396,4,641,'0','2015-08-30 19:18:10',NULL,2500),
	(863,374,396,4,642,'0','2015-08-30 19:18:10',NULL,2500),
	(864,374,396,4,643,'0','2015-08-30 19:18:10',NULL,11037),
	(865,374,396,4,644,'0','2015-08-30 19:18:10',NULL,11037),
	(866,374,396,4,645,'0','2015-08-30 19:18:10',NULL,14008.5),
	(867,374,396,4,646,'0','2015-08-30 19:18:10',NULL,16980),
	(868,374,396,4,647,'0','2015-08-30 19:18:10',NULL,16980),
	(869,374,400,4,648,'0','2015-08-30 19:18:10',NULL,17160),
	(870,379,401,4,649,'0','2015-08-30 19:18:10',NULL,12600),
	(871,379,401,4,650,'0','2015-08-30 19:18:10',NULL,12600),
	(872,379,402,4,651,'0','2015-08-30 19:18:10',NULL,15840),
	(873,379,402,4,652,'0','2015-08-30 19:18:10',NULL,15840),
	(874,380,403,4,653,'0','2015-08-30 19:18:10',NULL,13440),
	(875,381,404,4,654,'0','2015-08-30 19:18:10',NULL,15840),
	(876,6,3,2,1,'0','2015-08-30 19:18:10',NULL,200),
	(877,6,3,2,2,'0','2015-08-30 19:18:10',NULL,600),
	(878,6,3,2,3,'0','2015-08-30 19:18:10',NULL,100),
	(879,6,3,2,4,'0','2015-08-30 19:18:10',NULL,290),
	(880,12,10,2,5,'0','2015-08-30 19:18:10',NULL,370),
	(881,14,12,2,6,'0','2015-08-30 19:18:10',NULL,100),
	(882,15,13,2,7,'0','2015-08-30 19:18:10',NULL,400),
	(883,16,14,2,8,'0','2015-08-30 19:18:10',NULL,100),
	(884,19,17,2,9,'0','2015-08-30 19:18:10',NULL,100),
	(885,21,19,2,10,'0','2015-08-30 19:18:10',NULL,250),
	(886,22,20,2,11,'0','2015-08-30 19:18:10',NULL,100),
	(887,23,21,2,12,'0','2015-08-30 19:18:10',NULL,200),
	(888,23,21,2,13,'0','2015-08-30 19:18:10',NULL,900),
	(889,23,21,2,14,'0','2015-08-30 19:18:10',NULL,100),
	(890,23,21,2,15,'0','2015-08-30 19:18:10',NULL,100),
	(891,25,22,2,16,'0','2015-08-30 19:18:10',NULL,180),
	(892,27,24,2,17,'0','2015-08-30 19:18:10',NULL,100),
	(893,27,24,2,18,'0','2015-08-30 19:18:10',NULL,100),
	(894,27,24,2,19,'0','2015-08-30 19:18:10',NULL,100),
	(895,27,24,2,20,'0','2015-08-30 19:18:10',NULL,100),
	(896,27,24,2,21,'0','2015-08-30 19:18:10',NULL,100),
	(897,27,24,2,22,'0','2015-08-30 19:18:10',NULL,100),
	(898,36,33,2,23,'0','2015-08-30 19:18:10',NULL,400),
	(899,36,33,2,24,'0','2015-08-30 19:18:10',NULL,360),
	(900,36,33,2,25,'0','2015-08-30 19:18:10',NULL,200),
	(901,36,33,2,26,'0','2015-08-30 19:18:10',NULL,200),
	(902,39,35,2,27,'0','2015-08-30 19:18:10',NULL,600),
	(903,49,46,2,28,'0','2015-08-30 19:18:10',NULL,200),
	(904,49,46,2,29,'0','2015-08-30 19:18:10',NULL,100),
	(905,51,48,2,30,'0','2015-08-30 19:18:10',NULL,380),
	(906,51,48,2,31,'0','2015-08-30 19:18:10',NULL,100),
	(907,51,48,2,32,'0','2015-08-30 19:18:10',NULL,400),
	(908,53,49,2,33,'0','2015-08-30 19:18:10',NULL,100),
	(909,53,49,2,34,'0','2015-08-30 19:18:10',NULL,350),
	(910,53,49,2,35,'0','2015-08-30 19:18:10',NULL,100),
	(911,53,49,2,36,'0','2015-08-30 19:18:10',NULL,100),
	(912,53,49,2,37,'0','2015-08-30 19:18:10',NULL,100),
	(913,53,49,2,38,'0','2015-08-30 19:18:10',NULL,100),
	(914,53,49,2,39,'0','2015-08-30 19:18:10',NULL,150),
	(915,53,49,2,40,'0','2015-08-30 19:18:10',NULL,100),
	(916,53,49,2,41,'0','2015-08-30 19:18:10',NULL,200),
	(917,53,49,2,42,'0','2015-08-30 19:18:10',NULL,100),
	(918,57,53,2,43,'0','2015-08-30 19:18:10',NULL,60),
	(919,57,53,2,44,'0','2015-08-30 19:18:10',NULL,120),
	(920,61,56,2,45,'0','2015-08-30 19:18:10',NULL,510),
	(921,62,57,2,46,'0','2015-08-30 19:18:10',NULL,460),
	(922,66,60,2,47,'0','2015-08-30 19:18:10',NULL,200),
	(923,66,60,2,48,'0','2015-08-30 19:18:10',NULL,200),
	(924,66,60,2,49,'0','2015-08-30 19:18:10',NULL,200),
	(925,71,65,2,50,'0','2015-08-30 19:18:10',NULL,1600),
	(926,71,65,2,51,'0','2015-08-30 19:18:10',NULL,100),
	(927,71,65,2,52,'0','2015-08-30 19:18:10',NULL,100),
	(928,71,65,2,53,'0','2015-08-30 19:18:10',NULL,100),
	(929,71,65,2,54,'0','2015-08-30 19:18:10',NULL,100),
	(930,71,65,2,55,'0','2015-08-30 19:18:10',NULL,100),
	(931,71,65,2,56,'0','2015-08-30 19:18:10',NULL,200),
	(932,75,69,2,57,'0','2015-08-30 19:18:10',NULL,390),
	(933,75,69,2,58,'0','2015-08-30 19:18:10',NULL,880),
	(934,75,69,2,59,'0','2015-08-30 19:18:10',NULL,260),
	(935,75,69,2,60,'0','2015-08-30 19:18:10',NULL,64),
	(936,77,70,2,61,'0','2015-08-30 19:18:10',NULL,200),
	(937,77,70,2,62,'0','2015-08-30 19:18:10',NULL,200),
	(938,77,70,2,63,'0','2015-08-30 19:18:10',NULL,100),
	(939,77,70,2,64,'0','2015-08-30 19:18:10',NULL,100),
	(940,77,70,2,65,'0','2015-08-30 19:18:10',NULL,620),
	(941,78,71,2,66,'0','2015-08-30 19:18:10',NULL,230),
	(942,78,71,2,67,'0','2015-08-30 19:18:10',NULL,280),
	(943,78,71,2,68,'0','2015-08-30 19:18:10',NULL,250),
	(944,78,71,2,69,'0','2015-08-30 19:18:10',NULL,250),
	(945,78,71,2,70,'0','2015-08-30 19:18:10',NULL,260),
	(946,79,72,2,71,'0','2015-08-30 19:18:10',NULL,1800),
	(947,80,73,2,72,'0','2015-08-30 19:18:10',NULL,120),
	(948,80,73,2,73,'0','2015-08-30 19:18:10',NULL,100),
	(949,80,73,2,74,'0','2015-08-30 19:18:10',NULL,200),
	(950,80,73,2,75,'0','2015-08-30 19:18:10',NULL,100),
	(951,80,73,2,76,'0','2015-08-30 19:18:10',NULL,100),
	(952,80,73,2,77,'0','2015-08-30 19:18:10',NULL,200),
	(953,80,73,2,78,'0','2015-08-30 19:18:10',NULL,200),
	(954,80,73,2,79,'0','2015-08-30 19:18:10',NULL,200),
	(955,85,77,2,80,'0','2015-08-30 19:18:10',NULL,60),
	(956,85,77,2,81,'0','2015-08-30 19:18:10',NULL,200),
	(957,85,77,2,82,'0','2015-08-30 19:18:10',NULL,220),
	(958,82,74,2,83,'0','2015-08-30 19:18:10',NULL,10),
	(959,82,74,2,84,'0','2015-08-30 19:18:10',NULL,2160),
	(960,82,74,2,85,'0','2015-08-30 19:18:10',NULL,4660),
	(961,82,74,2,86,'0','2015-08-30 19:18:10',NULL,1200),
	(962,82,74,2,87,'0','2015-08-30 19:18:10',NULL,100),
	(963,82,74,2,88,'0','2015-08-30 19:18:10',NULL,340),
	(964,82,74,2,89,'0','2015-08-30 19:18:10',NULL,450),
	(965,82,74,2,90,'0','2015-08-30 19:18:10',NULL,200),
	(966,83,75,2,91,'0','2015-08-30 19:18:10',NULL,200),
	(967,83,75,2,92,'0','2015-08-30 19:18:10',NULL,200),
	(968,83,75,2,93,'0','2015-08-30 19:18:10',NULL,200),
	(969,83,75,2,94,'0','2015-08-30 19:18:10',NULL,400),
	(970,83,75,2,95,'0','2015-08-30 19:18:10',NULL,300),
	(971,83,75,2,96,'0','2015-08-30 19:18:10',NULL,1200),
	(972,83,75,2,97,'0','2015-08-30 19:18:10',NULL,100),
	(973,83,75,2,98,'0','2015-08-30 19:18:10',NULL,200),
	(974,83,75,2,99,'0','2015-08-30 19:18:10',NULL,200),
	(975,83,75,2,100,'0','2015-08-30 19:18:10',NULL,100),
	(976,83,75,2,101,'0','2015-08-30 19:18:10',NULL,400),
	(977,83,75,2,102,'0','2015-08-30 19:18:10',NULL,100),
	(978,83,75,2,103,'0','2015-08-30 19:18:10',NULL,100),
	(979,83,75,2,104,'0','2015-08-30 19:18:10',NULL,100),
	(980,83,75,2,105,'0','2015-08-30 19:18:10',NULL,200),
	(981,83,75,2,106,'0','2015-08-30 19:18:10',NULL,100),
	(982,83,75,2,107,'0','2015-08-30 19:18:10',NULL,200),
	(983,83,75,2,108,'0','2015-08-30 19:18:10',NULL,600),
	(984,83,75,2,109,'0','2015-08-30 19:18:10',NULL,200),
	(985,83,75,2,110,'0','2015-08-30 19:18:10',NULL,340),
	(986,83,75,2,111,'0','2015-08-30 19:18:10',NULL,100),
	(987,83,75,2,112,'0','2015-08-30 19:18:10',NULL,100),
	(988,83,75,2,113,'0','2015-08-30 19:18:10',NULL,100),
	(989,83,75,2,114,'0','2015-08-30 19:18:10',NULL,300),
	(990,83,75,2,115,'0','2015-08-30 19:18:10',NULL,1210),
	(991,83,75,2,116,'0','2015-08-30 19:18:10',NULL,600),
	(992,83,75,2,117,'0','2015-08-30 19:18:10',NULL,100),
	(993,83,75,2,118,'0','2015-08-30 19:18:10',NULL,340),
	(994,83,75,2,119,'0','2015-08-30 19:18:10',NULL,100),
	(995,83,75,2,120,'0','2015-08-30 19:18:10',NULL,200),
	(996,83,75,2,121,'0','2015-08-30 19:18:10',NULL,100),
	(997,94,85,2,122,'0','2015-08-30 19:18:10',NULL,500),
	(998,94,85,2,123,'0','2015-08-30 19:18:10',NULL,280),
	(999,94,85,2,124,'0','2015-08-30 19:18:10',NULL,400),
	(1000,94,85,2,125,'0','2015-08-30 19:18:10',NULL,370),
	(1001,94,85,2,126,'0','2015-08-30 19:18:10',NULL,340),
	(1002,94,85,2,127,'0','2015-08-30 19:18:10',NULL,240),
	(1003,94,85,2,128,'0','2015-08-30 19:18:10',NULL,400),
	(1004,96,87,2,129,'0','2015-08-30 19:18:10',NULL,100),
	(1005,96,87,2,130,'0','2015-08-30 19:18:10',NULL,100),
	(1006,96,87,2,131,'0','2015-08-30 19:18:10',NULL,200),
	(1007,100,91,2,132,'0','2015-08-30 19:18:10',NULL,100),
	(1008,100,91,2,133,'0','2015-08-30 19:18:10',NULL,100),
	(1009,106,97,2,134,'0','2015-08-30 19:18:10',NULL,340),
	(1010,111,102,2,135,'0','2015-08-30 19:18:10',NULL,270),
	(1011,117,108,2,136,'0','2015-08-30 19:18:10',NULL,650),
	(1012,123,117,2,137,'0','2015-08-30 19:18:10',NULL,200),
	(1013,123,117,2,138,'0','2015-08-30 19:18:10',NULL,510),
	(1014,123,117,2,139,'0','2015-08-30 19:18:10',NULL,340),
	(1015,123,117,2,140,'0','2015-08-30 19:18:10',NULL,100),
	(1016,123,117,2,141,'0','2015-08-30 19:18:10',NULL,530),
	(1017,123,117,2,142,'0','2015-08-30 19:18:10',NULL,510),
	(1018,123,117,2,143,'0','2015-08-30 19:18:10',NULL,510),
	(1019,123,117,2,144,'0','2015-08-30 19:18:10',NULL,490),
	(1020,123,117,2,145,'0','2015-08-30 19:18:10',NULL,340),
	(1021,123,117,2,146,'0','2015-08-30 19:18:10',NULL,670),
	(1022,129,124,2,147,'0','2015-08-30 19:18:10',NULL,100),
	(1023,129,124,2,148,'0','2015-08-30 19:18:10',NULL,100),
	(1024,129,124,2,149,'0','2015-08-30 19:18:10',NULL,470),
	(1025,131,125,2,150,'0','2015-08-30 19:18:10',NULL,200),
	(1026,131,125,2,151,'0','2015-08-30 19:18:10',NULL,350),
	(1027,132,126,2,152,'0','2015-08-30 19:18:10',NULL,340),
	(1028,134,128,2,153,'0','2015-08-30 19:18:10',NULL,796.25),
	(1029,134,128,2,154,'0','2015-08-30 19:18:10',NULL,380),
	(1030,134,128,2,155,'0','2015-08-30 19:18:10',NULL,100),
	(1031,134,128,2,156,'0','2015-08-30 19:18:10',NULL,1800),
	(1032,134,128,2,157,'0','2015-08-30 19:18:10',NULL,100),
	(1033,134,128,2,158,'0','2015-08-30 19:18:10',NULL,100),
	(1034,134,128,2,159,'0','2015-08-30 19:18:10',NULL,100),
	(1035,134,128,2,160,'0','2015-08-30 19:18:10',NULL,300),
	(1036,135,129,2,161,'0','2015-08-30 19:18:10',NULL,200),
	(1037,138,131,2,162,'0','2015-08-30 19:18:10',NULL,280),
	(1038,141,134,2,163,'0','2015-08-30 19:18:10',NULL,200),
	(1039,141,134,2,164,'0','2015-08-30 19:18:10',NULL,100),
	(1040,141,134,2,165,'0','2015-08-30 19:18:10',NULL,100),
	(1041,143,136,2,166,'0','2015-08-30 19:18:10',NULL,100),
	(1042,143,136,2,167,'0','2015-08-30 19:18:10',NULL,350),
	(1043,146,139,2,168,'0','2015-08-30 19:18:10',NULL,200),
	(1044,146,139,2,169,'0','2015-08-30 19:18:10',NULL,200),
	(1045,151,145,2,170,'0','2015-08-30 19:18:10',NULL,410),
	(1046,151,145,2,171,'0','2015-08-30 19:18:10',NULL,100),
	(1047,153,147,2,172,'0','2015-08-30 19:18:10',NULL,100),
	(1048,153,147,2,173,'0','2015-08-30 19:18:10',NULL,100),
	(1049,153,147,2,174,'0','2015-08-30 19:18:10',NULL,200),
	(1050,153,147,2,175,'0','2015-08-30 19:18:10',NULL,200),
	(1051,153,147,2,176,'0','2015-08-30 19:18:10',NULL,470),
	(1052,154,148,2,177,'0','2015-08-30 19:18:10',NULL,2850),
	(1053,158,152,2,178,'0','2015-08-30 19:18:10',NULL,270),
	(1054,158,152,2,179,'0','2015-08-30 19:18:10',NULL,270),
	(1055,158,152,2,180,'0','2015-08-30 19:18:10',NULL,200),
	(1056,158,152,2,181,'0','2015-08-30 19:18:10',NULL,390),
	(1057,158,152,2,182,'0','2015-08-30 19:18:10',NULL,380),
	(1058,158,152,2,183,'0','2015-08-30 19:18:10',NULL,380),
	(1059,158,152,2,184,'0','2015-08-30 19:18:10',NULL,300),
	(1060,158,152,2,185,'0','2015-08-30 19:18:10',NULL,200),
	(1061,158,152,2,186,'0','2015-08-30 19:18:10',NULL,100),
	(1062,158,152,2,187,'0','2015-08-30 19:18:10',NULL,200),
	(1063,158,152,2,188,'0','2015-08-30 19:18:10',NULL,390),
	(1064,160,153,2,189,'0','2015-08-30 19:18:10',NULL,100),
	(1065,160,153,2,190,'0','2015-08-30 19:18:10',NULL,360),
	(1066,165,157,2,191,'0','2015-08-30 19:18:10',NULL,100),
	(1067,167,159,2,192,'0','2015-08-30 19:18:10',NULL,390),
	(1068,172,165,2,193,'0','2015-08-30 19:18:10',NULL,450),
	(1069,172,165,2,194,'0','2015-08-30 19:18:10',NULL,320),
	(1070,172,165,2,195,'0','2015-08-30 19:18:10',NULL,200),
	(1071,177,172,2,196,'0','2015-08-30 19:18:10',NULL,380),
	(1072,177,172,2,197,'0','2015-08-30 19:18:10',NULL,550),
	(1073,179,173,2,198,'0','2015-08-30 19:18:10',NULL,200),
	(1074,179,173,2,199,'0','2015-08-30 19:18:10',NULL,480),
	(1075,181,175,2,200,'0','2015-08-30 19:18:10',NULL,100),
	(1076,181,175,2,201,'0','2015-08-30 19:18:10',NULL,420),
	(1077,181,175,2,202,'0','2015-08-30 19:18:10',NULL,450),
	(1078,181,175,2,203,'0','2015-08-30 19:18:10',NULL,100),
	(1079,182,176,2,204,'0','2015-08-30 19:18:10',NULL,100),
	(1080,182,176,2,205,'0','2015-08-30 19:18:10',NULL,100),
	(1081,182,176,2,206,'0','2015-08-30 19:18:10',NULL,100),
	(1082,182,176,2,207,'0','2015-08-30 19:18:10',NULL,600),
	(1083,182,176,2,208,'0','2015-08-30 19:18:10',NULL,100),
	(1084,182,176,2,209,'0','2015-08-30 19:18:10',NULL,200),
	(1085,182,176,2,210,'0','2015-08-30 19:18:10',NULL,200),
	(1086,182,176,2,211,'0','2015-08-30 19:18:10',NULL,200),
	(1087,182,176,2,212,'0','2015-08-30 19:18:10',NULL,200),
	(1088,182,176,2,213,'0','2015-08-30 19:18:10',NULL,100),
	(1089,183,177,2,214,'0','2015-08-30 19:18:10',NULL,100),
	(1090,183,177,2,215,'0','2015-08-30 19:18:10',NULL,100),
	(1091,184,178,2,216,'0','2015-08-30 19:18:10',NULL,100),
	(1092,187,180,2,217,'0','2015-08-30 19:18:10',NULL,100),
	(1093,187,180,2,218,'0','2015-08-30 19:18:10',NULL,1600),
	(1094,187,180,2,219,'0','2015-08-30 19:18:10',NULL,100),
	(1095,191,184,2,220,'0','2015-08-30 19:18:10',NULL,530),
	(1096,191,184,2,221,'0','2015-08-30 19:18:10',NULL,470),
	(1097,191,184,2,222,'0','2015-08-30 19:18:10',NULL,200),
	(1098,191,184,2,223,'0','2015-08-30 19:18:10',NULL,480),
	(1099,194,187,2,224,'0','2015-08-30 19:18:10',NULL,100),
	(1100,198,191,2,225,'0','2015-08-30 19:18:10',NULL,200),
	(1101,198,191,2,226,'0','2015-08-30 19:18:10',NULL,200),
	(1102,198,191,2,227,'0','2015-08-30 19:18:10',NULL,340),
	(1103,198,191,2,228,'0','2015-08-30 19:18:10',NULL,100),
	(1104,198,191,2,229,'0','2015-08-30 19:18:10',NULL,240),
	(1105,198,191,2,230,'0','2015-08-30 19:18:10',NULL,240),
	(1106,201,194,2,231,'0','2015-08-30 19:18:10',NULL,300),
	(1107,216,211,2,232,'0','2015-08-30 19:18:10',NULL,100),
	(1108,216,211,2,233,'0','2015-08-30 19:18:10',NULL,100),
	(1109,216,211,2,234,'0','2015-08-30 19:18:10',NULL,200),
	(1110,216,211,2,235,'0','2015-08-30 19:18:10',NULL,100),
	(1111,220,216,2,236,'0','2015-08-30 19:18:10',NULL,730),
	(1112,222,219,2,237,'0','2015-08-30 19:18:10',NULL,620),
	(1113,222,219,2,238,'0','2015-08-30 19:18:10',NULL,200),
	(1114,222,219,2,239,'0','2015-08-30 19:18:10',NULL,400),
	(1115,222,219,2,240,'0','2015-08-30 19:18:10',NULL,100),
	(1116,222,219,2,241,'0','2015-08-30 19:18:10',NULL,200),
	(1117,223,220,2,242,'0','2015-08-30 19:18:10',NULL,1200),
	(1118,224,221,2,243,'0','2015-08-30 19:18:10',NULL,200),
	(1119,224,221,2,244,'0','2015-08-30 19:18:10',NULL,200),
	(1120,226,223,2,245,'0','2015-08-30 19:18:10',NULL,150),
	(1121,226,223,2,246,'0','2015-08-30 19:18:10',NULL,100),
	(1122,226,223,2,247,'0','2015-08-30 19:18:10',NULL,100),
	(1123,226,223,2,248,'0','2015-08-30 19:18:10',NULL,200),
	(1124,226,223,2,249,'0','2015-08-30 19:18:10',NULL,880),
	(1125,226,223,2,250,'0','2015-08-30 19:18:10',NULL,400),
	(1126,226,223,2,251,'0','2015-08-30 19:18:10',NULL,200),
	(1127,231,228,2,252,'0','2015-08-30 19:18:10',NULL,100),
	(1128,231,228,2,253,'0','2015-08-30 19:18:10',NULL,100),
	(1129,231,228,2,254,'0','2015-08-30 19:18:10',NULL,100),
	(1130,231,228,2,255,'0','2015-08-30 19:18:10',NULL,100),
	(1131,231,228,2,256,'0','2015-08-30 19:18:10',NULL,300),
	(1132,231,228,2,257,'0','2015-08-30 19:18:10',NULL,100),
	(1133,231,228,2,258,'0','2015-08-30 19:18:10',NULL,100),
	(1134,231,228,2,259,'0','2015-08-30 19:18:10',NULL,100),
	(1135,237,235,2,260,'0','2015-08-30 19:18:10',NULL,460),
	(1136,242,241,2,261,'0','2015-08-30 19:18:10',NULL,640),
	(1137,248,247,2,262,'0','2015-08-30 19:18:10',NULL,900),
	(1138,254,254,2,263,'0','2015-08-30 19:18:10',NULL,980),
	(1139,254,254,2,264,'0','2015-08-30 19:18:10',NULL,2610),
	(1140,254,254,2,265,'0','2015-08-30 19:18:10',NULL,3320),
	(1141,254,254,2,266,'0','2015-08-30 19:18:10',NULL,3920),
	(1142,254,254,2,267,'0','2015-08-30 19:18:10',NULL,5020),
	(1143,254,254,2,268,'0','2015-08-30 19:18:10',NULL,2320),
	(1144,254,254,2,269,'0','2015-08-30 19:18:10',NULL,3770),
	(1145,254,254,2,270,'0','2015-08-30 19:18:10',NULL,3820),
	(1146,254,254,2,271,'0','2015-08-30 19:18:10',NULL,620),
	(1147,254,254,2,272,'0','2015-08-30 19:18:10',NULL,4280),
	(1148,254,254,2,273,'0','2015-08-30 19:18:10',NULL,400),
	(1149,254,254,2,274,'0','2015-08-30 19:18:10',NULL,5200),
	(1150,254,254,2,275,'0','2015-08-30 19:18:10',NULL,400),
	(1151,254,254,2,276,'0','2015-08-30 19:18:10',NULL,4060),
	(1152,254,254,2,277,'0','2015-08-30 19:18:10',NULL,3600),
	(1153,254,254,2,278,'0','2015-08-30 19:18:10',NULL,400),
	(1154,254,254,2,279,'0','2015-08-30 19:18:10',NULL,600),
	(1155,254,254,2,280,'0','2015-08-30 19:18:10',NULL,600),
	(1156,254,254,2,281,'0','2015-08-30 19:18:10',NULL,600),
	(1157,254,254,2,282,'0','2015-08-30 19:18:10',NULL,600),
	(1158,254,254,2,283,'0','2015-08-30 19:18:10',NULL,100),
	(1159,254,254,2,284,'0','2015-08-30 19:18:10',NULL,360),
	(1160,254,254,2,285,'0','2015-08-30 19:18:10',NULL,100),
	(1161,254,254,2,286,'0','2015-08-30 19:18:10',NULL,100),
	(1162,254,254,2,287,'0','2015-08-30 19:18:10',NULL,100),
	(1163,254,254,2,288,'0','2015-08-30 19:18:10',NULL,100),
	(1164,264,270,2,289,'0','2015-08-30 19:18:10',NULL,100),
	(1165,264,270,2,290,'0','2015-08-30 19:18:10',NULL,200),
	(1166,264,270,2,291,'0','2015-08-30 19:18:10',NULL,100),
	(1167,274,281,2,292,'0','2015-08-30 19:18:10',NULL,250),
	(1168,274,281,2,293,'0','2015-08-30 19:18:10',NULL,100),
	(1169,274,281,2,294,'0','2015-08-30 19:18:10',NULL,240),
	(1170,274,281,2,295,'0','2015-08-30 19:18:10',NULL,250),
	(1171,284,292,2,296,'0','2015-08-30 19:18:10',NULL,250),
	(1172,290,298,2,297,'0','2015-08-30 19:18:10',NULL,100),
	(1173,292,300,2,298,'0','2015-08-30 19:18:10',NULL,100),
	(1174,302,313,2,299,'0','2015-08-30 19:18:10',NULL,200),
	(1175,306,316,2,300,'0','2015-08-30 19:18:10',NULL,200),
	(1176,311,321,2,301,'0','2015-08-30 19:18:10',NULL,200),
	(1177,311,321,2,302,'0','2015-08-30 19:18:10',NULL,620),
	(1178,312,322,2,303,'0','2015-08-30 19:18:10',NULL,350),
	(1179,255,257,2,304,'0','2015-08-30 19:18:10',NULL,100),
	(1180,328,343,2,305,'0','2015-08-30 19:18:10',NULL,100),
	(1181,331,346,2,306,'0','2015-08-30 19:18:10',NULL,100),
	(1182,331,346,2,307,'0','2015-08-30 19:18:10',NULL,200),
	(1183,331,346,2,308,'0','2015-08-30 19:18:10',NULL,100),
	(1184,341,357,2,309,'0','2015-08-30 19:18:10',NULL,100),
	(1185,341,357,2,310,'0','2015-08-30 19:18:10',NULL,200),
	(1186,341,357,2,311,'0','2015-08-30 19:18:10',NULL,100),
	(1187,341,357,2,312,'0','2015-08-30 19:18:10',NULL,200),
	(1188,342,358,2,313,'0','2015-08-30 19:18:10',NULL,100),
	(1189,342,358,2,314,'0','2015-08-30 19:18:10',NULL,1200),
	(1190,345,361,2,315,'0','2015-08-30 19:18:10',NULL,1200),
	(1191,354,372,2,316,'0','2015-08-30 19:18:10',NULL,620),
	(1192,354,372,2,317,'0','2015-08-30 19:18:10',NULL,100),
	(1193,354,372,2,318,'0','2015-08-30 19:18:10',NULL,300),
	(1194,357,377,2,319,'0','2015-08-30 19:18:10',NULL,200),
	(1195,366,386,2,320,'0','2015-08-30 19:18:10',NULL,100),
	(1196,374,400,2,321,'0','2015-08-30 19:18:10',NULL,200);

/*!40000 ALTER TABLE `job_orders` ENABLE KEYS */;
UNLOCK TABLES;

DELIMITER ;;
/*!50003 SET SESSION SQL_MODE="" */;;
/*!50003 CREATE */ /*!50017 DEFINER=`cbotor`@`%` */ /*!50003 TRIGGER `insert_to_ledger` AFTER INSERT ON `job_orders` FOR EACH ROW begin

declare d_amount double;

if (new.order_type_id = 1) then    
    set d_amount = (select total_cost from amenities_request where id = new.request_id);
elseif (new.order_type_id = 2) then    
    set d_amount = (select total_cost from service_request where id = new.request_id);
elseif (new.order_type_id = 3) then
    set d_amount = (select amount from water_reading where id = new.request_id);
elseif (new.order_type_id = 4) then
    set d_amount = (select amount from association_due where id = new.request_id);
elseif (new.order_type_id = 5) then
    set d_amount = (select amount from adjustment where id = new.request_id);
elseif (new.order_type_id = 6) then
    set d_amount = (select amount from adjustment where id = new.request_id);
    
end if;

insert into ledger (user_id,house_id,ref_id,amount,type,created_at,updated_at) values (new.user_id,new.house_id,new.id,d_amount,'C',now(),now());


end */;;
DELIMITER ;
/*!50003 SET SESSION SQL_MODE=@OLD_SQL_MODE */;


# Dump of table ledger
# ------------------------------------------------------------

DROP TABLE IF EXISTS `ledger`;

CREATE TABLE `ledger` (
  `id` int(11) unsigned NOT NULL AUTO_INCREMENT,
  `user_id` int(11) DEFAULT NULL,
  `house_id` int(11) DEFAULT NULL,
  `ref_id` int(11) DEFAULT NULL,
  `amount` double DEFAULT NULL,
  `type` varchar(1) DEFAULT NULL,
  `created_at` datetime DEFAULT NULL,
  `updated_at` datetime DEFAULT NULL,
  PRIMARY KEY (`id`),
  KEY `ledger_user_id` (`user_id`),
  KEY `ledger_house_id` (`house_id`),
  CONSTRAINT `ledger_house_id` FOREIGN KEY (`house_id`) REFERENCES `house` (`id`) ON DELETE CASCADE,
  CONSTRAINT `ledger_user_id` FOREIGN KEY (`user_id`) REFERENCES `users` (`id`) ON DELETE CASCADE
) ENGINE=InnoDB DEFAULT CHARSET=latin1;

LOCK TABLES `ledger` WRITE;
/*!40000 ALTER TABLE `ledger` DISABLE KEYS */;

INSERT INTO `ledger` (`id`, `user_id`, `house_id`, `ref_id`, `amount`, `type`, `created_at`, `updated_at`)
VALUES
	(1,10,8,1,60,'C','2015-08-30 19:18:09','2015-08-30 19:18:09'),
	(2,10,8,2,60,'C','2015-08-30 19:18:09','2015-08-30 19:18:09'),
	(3,10,8,3,60,'C','2015-08-30 19:18:09','2015-08-30 19:18:09'),
	(4,10,8,4,60,'C','2015-08-30 19:18:09','2015-08-30 19:18:09'),
	(5,10,8,5,60,'C','2015-08-30 19:18:09','2015-08-30 19:18:09'),
	(6,12,10,6,200,'C','2015-08-30 19:18:09','2015-08-30 19:18:09'),
	(7,19,17,7,1000,'C','2015-08-30 19:18:09','2015-08-30 19:18:09'),
	(8,19,17,8,250,'C','2015-08-30 19:18:09','2015-08-30 19:18:09'),
	(9,36,33,9,150,'C','2015-08-30 19:18:09','2015-08-30 19:18:09'),
	(10,40,36,10,400,'C','2015-08-30 19:18:09','2015-08-30 19:18:09'),
	(11,42,38,11,450,'C','2015-08-30 19:18:09','2015-08-30 19:18:09'),
	(12,42,38,12,65,'C','2015-08-30 19:18:09','2015-08-30 19:18:09'),
	(13,42,38,13,400,'C','2015-08-30 19:18:09','2015-08-30 19:18:09'),
	(14,42,38,14,250,'C','2015-08-30 19:18:09','2015-08-30 19:18:09'),
	(15,42,38,15,300,'C','2015-08-30 19:18:09','2015-08-30 19:18:09'),
	(16,42,38,16,500,'C','2015-08-30 19:18:09','2015-08-30 19:18:09'),
	(17,42,38,17,500,'C','2015-08-30 19:18:09','2015-08-30 19:18:09'),
	(18,53,49,18,1800,'C','2015-08-30 19:18:09','2015-08-30 19:18:09'),
	(19,53,49,19,320,'C','2015-08-30 19:18:09','2015-08-30 19:18:09'),
	(20,53,49,20,600,'C','2015-08-30 19:18:09','2015-08-30 19:18:09'),
	(21,53,49,21,285,'C','2015-08-30 19:18:09','2015-08-30 19:18:09'),
	(22,57,53,22,200,'C','2015-08-30 19:18:09','2015-08-30 19:18:09'),
	(23,57,53,23,100,'C','2015-08-30 19:18:09','2015-08-30 19:18:09'),
	(24,62,57,24,120,'C','2015-08-30 19:18:09','2015-08-30 19:18:09'),
	(25,62,57,25,120,'C','2015-08-30 19:18:09','2015-08-30 19:18:09'),
	(26,64,59,26,100,'C','2015-08-30 19:18:09','2015-08-30 19:18:09'),
	(27,66,60,27,50,'C','2015-08-30 19:18:09','2015-08-30 19:18:09'),
	(28,66,60,28,100,'C','2015-08-30 19:18:09','2015-08-30 19:18:09'),
	(29,66,60,29,100,'C','2015-08-30 19:18:09','2015-08-30 19:18:09'),
	(30,66,60,30,300,'C','2015-08-30 19:18:09','2015-08-30 19:18:09'),
	(31,66,60,31,200,'C','2015-08-30 19:18:09','2015-08-30 19:18:09'),
	(32,66,60,32,150,'C','2015-08-30 19:18:09','2015-08-30 19:18:09'),
	(33,66,60,33,150,'C','2015-08-30 19:18:09','2015-08-30 19:18:09'),
	(34,66,60,34,200,'C','2015-08-30 19:18:09','2015-08-30 19:18:09'),
	(35,70,64,35,400,'C','2015-08-30 19:18:09','2015-08-30 19:18:09'),
	(36,77,70,36,150,'C','2015-08-30 19:18:09','2015-08-30 19:18:09'),
	(37,77,70,37,150,'C','2015-08-30 19:18:09','2015-08-30 19:18:09'),
	(38,79,72,38,120,'C','2015-08-30 19:18:09','2015-08-30 19:18:09'),
	(39,79,72,39,500,'C','2015-08-30 19:18:09','2015-08-30 19:18:09'),
	(40,79,72,40,450,'C','2015-08-30 19:18:09','2015-08-30 19:18:09'),
	(41,79,72,41,240,'C','2015-08-30 19:18:09','2015-08-30 19:18:09'),
	(42,79,72,42,180,'C','2015-08-30 19:18:09','2015-08-30 19:18:09'),
	(43,79,72,43,120,'C','2015-08-30 19:18:09','2015-08-30 19:18:09'),
	(44,79,72,44,120,'C','2015-08-30 19:18:09','2015-08-30 19:18:09'),
	(45,82,74,45,150,'C','2015-08-30 19:18:09','2015-08-30 19:18:09'),
	(46,82,74,46,150,'C','2015-08-30 19:18:09','2015-08-30 19:18:09'),
	(47,82,74,47,150,'C','2015-08-30 19:18:09','2015-08-30 19:18:09'),
	(48,82,74,48,300,'C','2015-08-30 19:18:09','2015-08-30 19:18:09'),
	(49,82,74,49,150,'C','2015-08-30 19:18:09','2015-08-30 19:18:09'),
	(50,82,74,50,300,'C','2015-08-30 19:18:09','2015-08-30 19:18:09'),
	(51,82,74,51,120,'C','2015-08-30 19:18:09','2015-08-30 19:18:09'),
	(52,82,74,52,200,'C','2015-08-30 19:18:09','2015-08-30 19:18:09'),
	(53,82,74,53,90,'C','2015-08-30 19:18:09','2015-08-30 19:18:09'),
	(54,82,74,54,150,'C','2015-08-30 19:18:09','2015-08-30 19:18:09'),
	(55,83,75,55,225,'C','2015-08-30 19:18:09','2015-08-30 19:18:09'),
	(56,83,75,56,225,'C','2015-08-30 19:18:09','2015-08-30 19:18:09'),
	(57,83,75,57,150,'C','2015-08-30 19:18:09','2015-08-30 19:18:09'),
	(58,83,75,58,120,'C','2015-08-30 19:18:09','2015-08-30 19:18:09'),
	(59,89,81,59,100,'C','2015-08-30 19:18:09','2015-08-30 19:18:09'),
	(60,96,87,60,100,'C','2015-08-30 19:18:09','2015-08-30 19:18:09'),
	(61,100,91,61,300,'C','2015-08-30 19:18:09','2015-08-30 19:18:09'),
	(62,106,97,62,60,'C','2015-08-30 19:18:09','2015-08-30 19:18:09'),
	(63,106,97,63,150,'C','2015-08-30 19:18:09','2015-08-30 19:18:09'),
	(64,106,97,64,500,'C','2015-08-30 19:18:09','2015-08-30 19:18:09'),
	(65,106,97,65,400,'C','2015-08-30 19:18:09','2015-08-30 19:18:09'),
	(66,106,97,66,1000,'C','2015-08-30 19:18:09','2015-08-30 19:18:09'),
	(67,125,119,67,120,'C','2015-08-30 19:18:09','2015-08-30 19:18:09'),
	(68,125,119,68,150,'C','2015-08-30 19:18:09','2015-08-30 19:18:09'),
	(69,125,119,69,225,'C','2015-08-30 19:18:09','2015-08-30 19:18:09'),
	(70,125,119,70,225,'C','2015-08-30 19:18:09','2015-08-30 19:18:09'),
	(71,125,119,71,300,'C','2015-08-30 19:18:09','2015-08-30 19:18:09'),
	(72,126,120,72,10,'C','2015-08-30 19:18:09','2015-08-30 19:18:09'),
	(73,129,124,73,200,'C','2015-08-30 19:18:09','2015-08-30 19:18:09'),
	(74,131,125,74,240,'C','2015-08-30 19:18:09','2015-08-30 19:18:09'),
	(75,131,125,75,120,'C','2015-08-30 19:18:09','2015-08-30 19:18:09'),
	(76,131,125,76,500,'C','2015-08-30 19:18:09','2015-08-30 19:18:09'),
	(77,131,125,77,300,'C','2015-08-30 19:18:09','2015-08-30 19:18:09'),
	(78,134,128,78,120,'C','2015-08-30 19:18:09','2015-08-30 19:18:09'),
	(79,134,128,79,120,'C','2015-08-30 19:18:09','2015-08-30 19:18:09'),
	(80,134,128,80,240,'C','2015-08-30 19:18:09','2015-08-30 19:18:09'),
	(81,134,128,81,240,'C','2015-08-30 19:18:09','2015-08-30 19:18:09'),
	(82,134,128,82,240,'C','2015-08-30 19:18:09','2015-08-30 19:18:09'),
	(83,134,128,83,120,'C','2015-08-30 19:18:09','2015-08-30 19:18:09'),
	(84,134,128,84,240,'C','2015-08-30 19:18:09','2015-08-30 19:18:09'),
	(85,134,128,85,240,'C','2015-08-30 19:18:09','2015-08-30 19:18:09'),
	(86,134,128,86,360,'C','2015-08-30 19:18:09','2015-08-30 19:18:09'),
	(87,134,128,87,360,'C','2015-08-30 19:18:09','2015-08-30 19:18:09'),
	(88,134,128,88,120,'C','2015-08-30 19:18:09','2015-08-30 19:18:09'),
	(89,134,128,89,120,'C','2015-08-30 19:18:09','2015-08-30 19:18:09'),
	(90,134,128,90,240,'C','2015-08-30 19:18:09','2015-08-30 19:18:09'),
	(91,134,128,91,120,'C','2015-08-30 19:18:09','2015-08-30 19:18:09'),
	(92,134,128,92,120,'C','2015-08-30 19:18:09','2015-08-30 19:18:09'),
	(93,134,128,93,120,'C','2015-08-30 19:18:09','2015-08-30 19:18:09'),
	(94,134,128,94,120,'C','2015-08-30 19:18:09','2015-08-30 19:18:09'),
	(95,134,128,95,240,'C','2015-08-30 19:18:09','2015-08-30 19:18:09'),
	(96,134,128,96,120,'C','2015-08-30 19:18:09','2015-08-30 19:18:09'),
	(97,134,128,97,360,'C','2015-08-30 19:18:09','2015-08-30 19:18:09'),
	(98,134,128,98,240,'C','2015-08-30 19:18:09','2015-08-30 19:18:09'),
	(99,134,128,99,240,'C','2015-08-30 19:18:09','2015-08-30 19:18:09'),
	(100,134,128,100,360,'C','2015-08-30 19:18:09','2015-08-30 19:18:09'),
	(101,134,128,101,180,'C','2015-08-30 19:18:09','2015-08-30 19:18:09'),
	(102,134,128,102,120,'C','2015-08-30 19:18:09','2015-08-30 19:18:09'),
	(103,134,128,103,360,'C','2015-08-30 19:18:09','2015-08-30 19:18:09'),
	(104,134,128,104,360,'C','2015-08-30 19:18:09','2015-08-30 19:18:09'),
	(105,134,128,105,360,'C','2015-08-30 19:18:09','2015-08-30 19:18:09'),
	(106,134,128,106,270,'C','2015-08-30 19:18:09','2015-08-30 19:18:09'),
	(107,134,128,107,450,'C','2015-08-30 19:18:09','2015-08-30 19:18:09'),
	(108,134,128,108,450,'C','2015-08-30 19:18:09','2015-08-30 19:18:09'),
	(109,134,128,109,360,'C','2015-08-30 19:18:09','2015-08-30 19:18:09'),
	(110,138,131,110,200,'C','2015-08-30 19:18:09','2015-08-30 19:18:09'),
	(111,141,134,111,240,'C','2015-08-30 19:18:09','2015-08-30 19:18:09'),
	(112,141,134,112,120,'C','2015-08-30 19:18:09','2015-08-30 19:18:09'),
	(113,141,134,113,300,'C','2015-08-30 19:18:09','2015-08-30 19:18:09'),
	(114,146,139,114,300,'C','2015-08-30 19:18:09','2015-08-30 19:18:09'),
	(115,151,145,115,360,'C','2015-08-30 19:18:09','2015-08-30 19:18:09'),
	(116,153,147,116,150,'C','2015-08-30 19:18:09','2015-08-30 19:18:09'),
	(117,165,157,117,360,'C','2015-08-30 19:18:09','2015-08-30 19:18:09'),
	(118,182,176,118,180,'C','2015-08-30 19:18:09','2015-08-30 19:18:09'),
	(119,182,176,119,540,'C','2015-08-30 19:18:09','2015-08-30 19:18:09'),
	(120,182,176,120,720,'C','2015-08-30 19:18:09','2015-08-30 19:18:09'),
	(121,182,176,121,180,'C','2015-08-30 19:18:09','2015-08-30 19:18:09'),
	(122,182,176,122,300,'C','2015-08-30 19:18:09','2015-08-30 19:18:09'),
	(123,182,176,123,300,'C','2015-08-30 19:18:09','2015-08-30 19:18:09'),
	(124,182,176,124,150,'C','2015-08-30 19:18:09','2015-08-30 19:18:09'),
	(125,182,176,125,150,'C','2015-08-30 19:18:09','2015-08-30 19:18:09'),
	(126,182,176,126,300,'C','2015-08-30 19:18:09','2015-08-30 19:18:09'),
	(127,182,176,127,120,'C','2015-08-30 19:18:09','2015-08-30 19:18:09'),
	(128,182,176,128,300,'C','2015-08-30 19:18:09','2015-08-30 19:18:09'),
	(129,182,176,129,120,'C','2015-08-30 19:18:09','2015-08-30 19:18:09'),
	(130,182,176,130,240,'C','2015-08-30 19:18:09','2015-08-30 19:18:09'),
	(131,182,176,131,240,'C','2015-08-30 19:18:09','2015-08-30 19:18:09'),
	(132,182,176,132,120,'C','2015-08-30 19:18:09','2015-08-30 19:18:09'),
	(133,182,176,133,120,'C','2015-08-30 19:18:09','2015-08-30 19:18:09'),
	(134,182,176,134,240,'C','2015-08-30 19:18:09','2015-08-30 19:18:09'),
	(135,182,176,135,240,'C','2015-08-30 19:18:09','2015-08-30 19:18:09'),
	(136,182,176,136,360,'C','2015-08-30 19:18:09','2015-08-30 19:18:09'),
	(137,182,176,137,120,'C','2015-08-30 19:18:09','2015-08-30 19:18:09'),
	(138,182,176,138,120,'C','2015-08-30 19:18:09','2015-08-30 19:18:09'),
	(139,182,176,139,300,'C','2015-08-30 19:18:09','2015-08-30 19:18:09'),
	(140,182,176,140,150,'C','2015-08-30 19:18:09','2015-08-30 19:18:09'),
	(141,187,180,141,60,'C','2015-08-30 19:18:09','2015-08-30 19:18:09'),
	(142,187,180,142,60,'C','2015-08-30 19:18:09','2015-08-30 19:18:09'),
	(143,42,39,143,400,'C','2015-08-30 19:18:09','2015-08-30 19:18:09'),
	(144,42,39,144,600,'C','2015-08-30 19:18:09','2015-08-30 19:18:09'),
	(145,191,184,145,120,'C','2015-08-30 19:18:09','2015-08-30 19:18:09'),
	(146,191,184,146,120,'C','2015-08-30 19:18:09','2015-08-30 19:18:09'),
	(147,191,184,147,300,'C','2015-08-30 19:18:09','2015-08-30 19:18:09'),
	(148,191,184,148,375,'C','2015-08-30 19:18:09','2015-08-30 19:18:09'),
	(149,201,194,149,250,'C','2015-08-30 19:18:09','2015-08-30 19:18:09'),
	(150,216,211,150,90,'C','2015-08-30 19:18:09','2015-08-30 19:18:09'),
	(151,216,211,151,300,'C','2015-08-30 19:18:09','2015-08-30 19:18:09'),
	(152,216,211,152,300,'C','2015-08-30 19:18:09','2015-08-30 19:18:09'),
	(153,216,211,153,300,'C','2015-08-30 19:18:09','2015-08-30 19:18:09'),
	(154,216,211,154,300,'C','2015-08-30 19:18:09','2015-08-30 19:18:09'),
	(155,216,211,155,120,'C','2015-08-30 19:18:09','2015-08-30 19:18:09'),
	(156,216,211,156,100,'C','2015-08-30 19:18:09','2015-08-30 19:18:09'),
	(157,220,216,157,400,'C','2015-08-30 19:18:09','2015-08-30 19:18:09'),
	(158,220,216,158,130,'C','2015-08-30 19:18:09','2015-08-30 19:18:09'),
	(159,220,216,159,150,'C','2015-08-30 19:18:09','2015-08-30 19:18:09'),
	(160,220,216,160,300,'C','2015-08-30 19:18:09','2015-08-30 19:18:09'),
	(161,220,216,161,80,'C','2015-08-30 19:18:09','2015-08-30 19:18:09'),
	(162,222,219,162,300,'C','2015-08-30 19:18:09','2015-08-30 19:18:09'),
	(163,222,219,163,300,'C','2015-08-30 19:18:09','2015-08-30 19:18:09'),
	(164,222,219,164,120,'C','2015-08-30 19:18:09','2015-08-30 19:18:09'),
	(165,222,219,165,120,'C','2015-08-30 19:18:09','2015-08-30 19:18:09'),
	(166,222,219,166,100,'C','2015-08-30 19:18:09','2015-08-30 19:18:09'),
	(167,222,219,167,200,'C','2015-08-30 19:18:09','2015-08-30 19:18:09'),
	(168,226,223,168,500,'C','2015-08-30 19:18:09','2015-08-30 19:18:09'),
	(169,232,238,169,50,'C','2015-08-30 19:18:09','2015-08-30 19:18:09'),
	(170,232,238,170,500,'C','2015-08-30 19:18:09','2015-08-30 19:18:09'),
	(171,242,241,171,400,'C','2015-08-30 19:18:09','2015-08-30 19:18:09'),
	(172,248,247,172,150,'C','2015-08-30 19:18:09','2015-08-30 19:18:09'),
	(173,254,254,173,550,'C','2015-08-30 19:18:09','2015-08-30 19:18:09'),
	(174,254,254,174,350,'C','2015-08-30 19:18:09','2015-08-30 19:18:09'),
	(175,258,262,175,1250,'C','2015-08-30 19:18:09','2015-08-30 19:18:09'),
	(176,264,270,176,300,'C','2015-08-30 19:18:09','2015-08-30 19:18:09'),
	(177,297,306,177,150,'C','2015-08-30 19:18:09','2015-08-30 19:18:09'),
	(178,314,324,178,350,'C','2015-08-30 19:18:09','2015-08-30 19:18:09'),
	(179,314,324,179,250,'C','2015-08-30 19:18:09','2015-08-30 19:18:09'),
	(180,314,324,180,900,'C','2015-08-30 19:18:09','2015-08-30 19:18:09'),
	(181,314,324,181,300,'C','2015-08-30 19:18:09','2015-08-30 19:18:09'),
	(182,320,333,182,100,'C','2015-08-30 19:18:09','2015-08-30 19:18:09'),
	(183,322,335,183,100,'C','2015-08-30 19:18:09','2015-08-30 19:18:09'),
	(184,328,343,184,240,'C','2015-08-30 19:18:09','2015-08-30 19:18:09'),
	(185,328,343,185,120,'C','2015-08-30 19:18:09','2015-08-30 19:18:09'),
	(186,331,346,186,30,'C','2015-08-30 19:18:09','2015-08-30 19:18:09'),
	(187,331,346,187,60,'C','2015-08-30 19:18:09','2015-08-30 19:18:09'),
	(188,331,346,188,150,'C','2015-08-30 19:18:09','2015-08-30 19:18:09'),
	(189,331,346,189,150,'C','2015-08-30 19:18:09','2015-08-30 19:18:09'),
	(190,331,346,190,150,'C','2015-08-30 19:18:09','2015-08-30 19:18:09'),
	(191,331,346,191,300,'C','2015-08-30 19:18:09','2015-08-30 19:18:09'),
	(192,331,346,192,300,'C','2015-08-30 19:18:09','2015-08-30 19:18:09'),
	(193,331,346,193,300,'C','2015-08-30 19:18:09','2015-08-30 19:18:09'),
	(194,331,346,194,150,'C','2015-08-30 19:18:09','2015-08-30 19:18:09'),
	(195,331,346,195,150,'C','2015-08-30 19:18:09','2015-08-30 19:18:09'),
	(196,331,346,196,75,'C','2015-08-30 19:18:09','2015-08-30 19:18:09'),
	(197,331,346,197,150,'C','2015-08-30 19:18:09','2015-08-30 19:18:09'),
	(198,331,346,198,225,'C','2015-08-30 19:18:09','2015-08-30 19:18:09'),
	(199,331,346,199,300,'C','2015-08-30 19:18:09','2015-08-30 19:18:09'),
	(200,331,346,200,225,'C','2015-08-30 19:18:09','2015-08-30 19:18:09'),
	(201,341,357,201,180,'C','2015-08-30 19:18:09','2015-08-30 19:18:09'),
	(202,341,357,202,150,'C','2015-08-30 19:18:09','2015-08-30 19:18:09'),
	(203,341,357,203,120,'C','2015-08-30 19:18:09','2015-08-30 19:18:09'),
	(204,341,357,204,240,'C','2015-08-30 19:18:09','2015-08-30 19:18:09'),
	(205,341,357,205,120,'C','2015-08-30 19:18:09','2015-08-30 19:18:09'),
	(206,341,357,206,240,'C','2015-08-30 19:18:09','2015-08-30 19:18:09'),
	(207,341,357,207,240,'C','2015-08-30 19:18:09','2015-08-30 19:18:09'),
	(208,342,358,208,300,'C','2015-08-30 19:18:09','2015-08-30 19:18:09'),
	(209,342,358,209,225,'C','2015-08-30 19:18:09','2015-08-30 19:18:09'),
	(210,345,361,210,120,'C','2015-08-30 19:18:09','2015-08-30 19:18:09'),
	(211,345,361,211,120,'C','2015-08-30 19:18:09','2015-08-30 19:18:09'),
	(212,345,361,212,240,'C','2015-08-30 19:18:09','2015-08-30 19:18:09'),
	(213,345,361,213,240,'C','2015-08-30 19:18:09','2015-08-30 19:18:09'),
	(214,345,361,214,120,'C','2015-08-30 19:18:09','2015-08-30 19:18:09'),
	(215,345,361,215,120,'C','2015-08-30 19:18:09','2015-08-30 19:18:09'),
	(216,345,361,216,240,'C','2015-08-30 19:18:09','2015-08-30 19:18:09'),
	(217,357,377,217,250,'C','2015-08-30 19:18:09','2015-08-30 19:18:09'),
	(218,359,379,218,100,'C','2015-08-30 19:18:09','2015-08-30 19:18:09'),
	(219,359,379,219,400,'C','2015-08-30 19:18:09','2015-08-30 19:18:09'),
	(220,369,389,220,300,'C','2015-08-30 19:18:09','2015-08-30 19:18:09'),
	(221,369,389,221,400,'C','2015-08-30 19:18:09','2015-08-30 19:18:09'),
	(222,2,1,222,29400,'C','2015-08-30 19:18:10','2015-08-30 19:18:10'),
	(223,2,1,223,29400,'C','2015-08-30 19:18:10','2015-08-30 19:18:10'),
	(224,6,3,224,19380,'C','2015-08-30 19:18:10','2015-08-30 19:18:10'),
	(225,10,8,225,10190.5,'C','2015-08-30 19:18:10','2015-08-30 19:18:10'),
	(226,10,8,226,14940,'C','2015-08-30 19:18:10','2015-08-30 19:18:10'),
	(227,10,8,227,14940,'C','2015-08-30 19:18:10','2015-08-30 19:18:10'),
	(228,12,10,228,15720,'C','2015-08-30 19:18:10','2015-08-30 19:18:10'),
	(229,14,12,229,24780,'C','2015-08-30 19:18:10','2015-08-30 19:18:10'),
	(230,15,13,230,17760,'C','2015-08-30 19:18:10','2015-08-30 19:18:10'),
	(231,16,14,231,17820,'C','2015-08-30 19:18:10','2015-08-30 19:18:10'),
	(232,19,17,232,16920,'C','2015-08-30 19:18:10','2015-08-30 19:18:10'),
	(233,21,19,233,35,'C','2015-08-30 19:18:10','2015-08-30 19:18:10'),
	(234,21,19,234,18900,'C','2015-08-30 19:18:10','2015-08-30 19:18:10'),
	(235,21,19,235,18900,'C','2015-08-30 19:18:10','2015-08-30 19:18:10'),
	(236,21,19,236,18900,'C','2015-08-30 19:18:10','2015-08-30 19:18:10'),
	(237,21,19,237,18900,'C','2015-08-30 19:18:10','2015-08-30 19:18:10'),
	(238,22,20,238,18900,'C','2015-08-30 19:18:10','2015-08-30 19:18:10'),
	(239,23,21,239,2920,'C','2015-08-30 19:18:10','2015-08-30 19:18:10'),
	(240,23,21,240,17520,'C','2015-08-30 19:18:10','2015-08-30 19:18:10'),
	(241,25,22,241,3231.58,'C','2015-08-30 19:18:10','2015-08-30 19:18:10'),
	(242,25,22,242,3666,'C','2015-08-30 19:18:10','2015-08-30 19:18:10'),
	(243,27,24,243,716,'C','2015-08-30 19:18:10','2015-08-30 19:18:10'),
	(244,27,24,244,18720,'C','2015-08-30 19:18:10','2015-08-30 19:18:10'),
	(245,27,24,245,18720,'C','2015-08-30 19:18:10','2015-08-30 19:18:10'),
	(246,29,26,246,13321.12,'C','2015-08-30 19:18:10','2015-08-30 19:18:10'),
	(247,36,33,247,16800,'C','2015-08-30 19:18:10','2015-08-30 19:18:10'),
	(248,36,33,248,16800,'C','2015-08-30 19:18:10','2015-08-30 19:18:10'),
	(249,38,34,249,18300,'C','2015-08-30 19:18:10','2015-08-30 19:18:10'),
	(250,39,35,250,19620,'C','2015-08-30 19:18:10','2015-08-30 19:18:10'),
	(251,40,36,251,18060,'C','2015-08-30 19:18:10','2015-08-30 19:18:10'),
	(252,42,38,252,15196.5,'C','2015-08-30 19:18:10','2015-08-30 19:18:10'),
	(253,42,38,253,15196.5,'C','2015-08-30 19:18:10','2015-08-30 19:18:10'),
	(254,42,38,254,15196.5,'C','2015-08-30 19:18:10','2015-08-30 19:18:10'),
	(255,42,38,255,3223.5,'C','2015-08-30 19:18:10','2015-08-30 19:18:10'),
	(256,42,38,256,18420,'C','2015-08-30 19:18:10','2015-08-30 19:18:10'),
	(257,42,38,257,18420,'C','2015-08-30 19:18:10','2015-08-30 19:18:10'),
	(258,42,38,258,18420,'C','2015-08-30 19:18:10','2015-08-30 19:18:10'),
	(259,42,38,259,18420,'C','2015-08-30 19:18:10','2015-08-30 19:18:10'),
	(260,44,41,260,21780,'C','2015-08-30 19:18:10','2015-08-30 19:18:10'),
	(261,46,43,261,24600,'C','2015-08-30 19:18:10','2015-08-30 19:18:10'),
	(262,49,46,262,17100,'C','2015-08-30 19:18:10','2015-08-30 19:18:10'),
	(263,51,48,263,16980,'C','2015-08-30 19:18:10','2015-08-30 19:18:10'),
	(264,53,49,264,3283.73,'C','2015-08-30 19:18:10','2015-08-30 19:18:10'),
	(265,53,49,265,18780,'C','2015-08-30 19:18:10','2015-08-30 19:18:10'),
	(266,53,49,266,18780,'C','2015-08-30 19:18:10','2015-08-30 19:18:10'),
	(267,57,53,267,14196,'C','2015-08-30 19:18:10','2015-08-30 19:18:10'),
	(268,57,53,268,14196,'C','2015-08-30 19:18:10','2015-08-30 19:18:10'),
	(269,57,53,269,14196,'C','2015-08-30 19:18:10','2015-08-30 19:18:10'),
	(270,57,53,270,18018,'C','2015-08-30 19:18:10','2015-08-30 19:18:10'),
	(271,57,53,271,18018,'C','2015-08-30 19:18:10','2015-08-30 19:18:10'),
	(272,57,53,272,18018,'C','2015-08-30 19:18:10','2015-08-30 19:18:10'),
	(273,57,53,273,3822,'C','2015-08-30 19:18:10','2015-08-30 19:18:10'),
	(274,57,53,274,21840,'C','2015-08-30 19:18:10','2015-08-30 19:18:10'),
	(275,57,53,275,21840,'C','2015-08-30 19:18:10','2015-08-30 19:18:10'),
	(276,57,53,276,21840,'C','2015-08-30 19:18:10','2015-08-30 19:18:10'),
	(277,57,53,277,21840,'C','2015-08-30 19:18:10','2015-08-30 19:18:10'),
	(278,61,56,278,19140,'C','2015-08-30 19:18:10','2015-08-30 19:18:10'),
	(279,62,57,279,22740,'C','2015-08-30 19:18:10','2015-08-30 19:18:10'),
	(280,62,57,280,22740,'C','2015-08-30 19:18:10','2015-08-30 19:18:10'),
	(281,64,59,281,22920,'C','2015-08-30 19:18:10','2015-08-30 19:18:10'),
	(282,67,61,282,16860,'C','2015-08-30 19:18:10','2015-08-30 19:18:10'),
	(283,68,62,283,16860,'C','2015-08-30 19:18:10','2015-08-30 19:18:10'),
	(284,70,64,284,15960,'C','2015-08-30 19:18:10','2015-08-30 19:18:10'),
	(285,71,65,285,14471.69,'C','2015-08-30 19:18:10','2015-08-30 19:18:10'),
	(286,71,65,286,17820,'C','2015-08-30 19:18:10','2015-08-30 19:18:10'),
	(287,71,65,287,17820,'C','2015-08-30 19:18:10','2015-08-30 19:18:10'),
	(288,71,65,288,17820,'C','2015-08-30 19:18:10','2015-08-30 19:18:10'),
	(289,75,69,289,17520,'C','2015-08-30 19:18:10','2015-08-30 19:18:10'),
	(290,77,70,290,17473.5,'C','2015-08-30 19:18:10','2015-08-30 19:18:10'),
	(291,78,71,291,14580,'C','2015-08-30 19:18:10','2015-08-30 19:18:10'),
	(292,78,71,292,14580,'C','2015-08-30 19:18:10','2015-08-30 19:18:10'),
	(293,79,72,293,10741.5,'C','2015-08-30 19:18:10','2015-08-30 19:18:10'),
	(294,79,72,294,10741.5,'C','2015-08-30 19:18:10','2015-08-30 19:18:10'),
	(295,79,72,295,10741.5,'C','2015-08-30 19:18:10','2015-08-30 19:18:10'),
	(296,79,72,296,2278.5,'C','2015-08-30 19:18:10','2015-08-30 19:18:10'),
	(297,79,72,297,13020,'C','2015-08-30 19:18:10','2015-08-30 19:18:10'),
	(298,79,72,298,13020,'C','2015-08-30 19:18:10','2015-08-30 19:18:10'),
	(299,79,72,299,13020,'C','2015-08-30 19:18:10','2015-08-30 19:18:10'),
	(300,79,72,300,13020,'C','2015-08-30 19:18:10','2015-08-30 19:18:10'),
	(301,80,73,301,1367.49,'C','2015-08-30 19:18:10','2015-08-30 19:18:10'),
	(302,80,73,302,11700,'C','2015-08-30 19:18:10','2015-08-30 19:18:10'),
	(303,80,73,303,7800,'C','2015-08-30 19:18:10','2015-08-30 19:18:10'),
	(304,80,73,304,2850,'C','2015-08-30 19:18:10','2015-08-30 19:18:10'),
	(305,80,73,305,3150,'C','2015-08-30 19:18:10','2015-08-30 19:18:10'),
	(306,80,73,306,18000,'C','2015-08-30 19:18:10','2015-08-30 19:18:10'),
	(307,80,73,307,18000,'C','2015-08-30 19:18:10','2015-08-30 19:18:10'),
	(308,80,73,308,18000,'C','2015-08-30 19:18:10','2015-08-30 19:18:10'),
	(309,80,73,309,18000,'C','2015-08-30 19:18:10','2015-08-30 19:18:10'),
	(310,85,77,310,9652.5,'C','2015-08-30 19:18:10','2015-08-30 19:18:10'),
	(311,85,77,311,9652.5,'C','2015-08-30 19:18:10','2015-08-30 19:18:10'),
	(312,85,77,312,9652.5,'C','2015-08-30 19:18:10','2015-08-30 19:18:10'),
	(313,85,77,313,2047.5,'C','2015-08-30 19:18:10','2015-08-30 19:18:10'),
	(314,85,77,314,11700,'C','2015-08-30 19:18:10','2015-08-30 19:18:10'),
	(315,85,77,315,11700,'C','2015-08-30 19:18:10','2015-08-30 19:18:10'),
	(316,85,77,316,11700,'C','2015-08-30 19:18:10','2015-08-30 19:18:10'),
	(317,85,77,317,11700,'C','2015-08-30 19:18:10','2015-08-30 19:18:10'),
	(318,82,74,318,7291.68,'C','2015-08-30 19:18:10','2015-08-30 19:18:10'),
	(319,82,74,319,10840.5,'C','2015-08-30 19:18:10','2015-08-30 19:18:10'),
	(320,82,74,320,10840.5,'C','2015-08-30 19:18:10','2015-08-30 19:18:10'),
	(321,82,74,321,2299.5,'C','2015-08-30 19:18:10','2015-08-30 19:18:10'),
	(322,82,74,322,13140,'C','2015-08-30 19:18:10','2015-08-30 19:18:10'),
	(323,82,74,323,13140,'C','2015-08-30 19:18:10','2015-08-30 19:18:10'),
	(324,82,74,324,13140,'C','2015-08-30 19:18:10','2015-08-30 19:18:10'),
	(325,82,74,325,13140,'C','2015-08-30 19:18:10','2015-08-30 19:18:10'),
	(326,83,75,326,3706.5,'C','2015-08-30 19:18:10','2015-08-30 19:18:10'),
	(327,83,75,327,3706.5,'C','2015-08-30 19:18:10','2015-08-30 19:18:10'),
	(328,83,75,328,21180,'C','2015-08-30 19:18:10','2015-08-30 19:18:10'),
	(329,83,75,329,21180,'C','2015-08-30 19:18:10','2015-08-30 19:18:10'),
	(330,83,75,330,21180,'C','2015-08-30 19:18:10','2015-08-30 19:18:10'),
	(331,89,81,331,20760,'C','2015-08-30 19:18:10','2015-08-30 19:18:10'),
	(332,89,81,332,20760,'C','2015-08-30 19:18:10','2015-08-30 19:18:10'),
	(333,90,82,333,22740,'C','2015-08-30 19:18:10','2015-08-30 19:18:10'),
	(334,90,82,334,22740,'C','2015-08-30 19:18:10','2015-08-30 19:18:10'),
	(335,94,85,335,11388,'C','2015-08-30 19:18:10','2015-08-30 19:18:10'),
	(336,94,85,336,11388,'C','2015-08-30 19:18:10','2015-08-30 19:18:10'),
	(337,94,85,337,11388,'C','2015-08-30 19:18:10','2015-08-30 19:18:10'),
	(338,94,85,338,11388,'C','2015-08-30 19:18:10','2015-08-30 19:18:10'),
	(339,94,85,339,11388,'C','2015-08-30 19:18:10','2015-08-30 19:18:10'),
	(340,94,85,340,11388,'C','2015-08-30 19:18:10','2015-08-30 19:18:10'),
	(341,94,85,341,11388,'C','2015-08-30 19:18:10','2015-08-30 19:18:10'),
	(342,94,85,342,11388,'C','2015-08-30 19:18:10','2015-08-30 19:18:10'),
	(343,94,85,343,17520,'C','2015-08-30 19:18:10','2015-08-30 19:18:10'),
	(344,94,85,344,17520,'C','2015-08-30 19:18:10','2015-08-30 19:18:10'),
	(345,94,85,345,17520,'C','2015-08-30 19:18:10','2015-08-30 19:18:10'),
	(346,96,87,346,17039.96,'C','2015-08-30 19:18:10','2015-08-30 19:18:10'),
	(347,96,87,347,17040,'C','2015-08-30 19:18:10','2015-08-30 19:18:10'),
	(348,100,91,348,3159,'C','2015-08-30 19:18:10','2015-08-30 19:18:10'),
	(349,100,91,349,12028.5,'C','2015-08-30 19:18:10','2015-08-30 19:18:10'),
	(350,100,91,350,12028.5,'C','2015-08-30 19:18:10','2015-08-30 19:18:10'),
	(351,100,91,351,12028.5,'C','2015-08-30 19:18:10','2015-08-30 19:18:10'),
	(352,100,91,352,2551.5,'C','2015-08-30 19:18:10','2015-08-30 19:18:10'),
	(353,100,91,353,14580,'C','2015-08-30 19:18:10','2015-08-30 19:18:10'),
	(354,100,91,354,14580,'C','2015-08-30 19:18:10','2015-08-30 19:18:10'),
	(355,100,91,355,14580,'C','2015-08-30 19:18:10','2015-08-30 19:18:10'),
	(356,100,91,356,14580,'C','2015-08-30 19:18:10','2015-08-30 19:18:10'),
	(357,106,97,357,13920,'C','2015-08-30 19:18:10','2015-08-30 19:18:10'),
	(358,111,102,358,7975.5,'C','2015-08-30 19:18:10','2015-08-30 19:18:10'),
	(359,111,102,359,17460,'C','2015-08-30 19:18:10','2015-08-30 19:18:10'),
	(360,111,102,360,17460,'C','2015-08-30 19:18:10','2015-08-30 19:18:10'),
	(361,115,107,361,15960,'C','2015-08-30 19:18:10','2015-08-30 19:18:10'),
	(362,117,108,362,17520,'C','2015-08-30 19:18:10','2015-08-30 19:18:10'),
	(363,118,109,363,21060,'C','2015-08-30 19:18:10','2015-08-30 19:18:10'),
	(364,123,117,364,9652.5,'C','2015-08-30 19:18:10','2015-08-30 19:18:10'),
	(365,123,117,365,9652.5,'C','2015-08-30 19:18:10','2015-08-30 19:18:10'),
	(366,123,117,366,9652.5,'C','2015-08-30 19:18:10','2015-08-30 19:18:10'),
	(367,123,117,367,2047.5,'C','2015-08-30 19:18:10','2015-08-30 19:18:10'),
	(368,123,117,368,11700,'C','2015-08-30 19:18:10','2015-08-30 19:18:10'),
	(369,123,117,369,11700,'C','2015-08-30 19:18:10','2015-08-30 19:18:10'),
	(370,123,117,370,11700,'C','2015-08-30 19:18:10','2015-08-30 19:18:10'),
	(371,123,117,371,11700,'C','2015-08-30 19:18:10','2015-08-30 19:18:10'),
	(372,124,118,372,7799.92,'C','2015-08-30 19:18:10','2015-08-30 19:18:10'),
	(373,125,119,373,19260,'C','2015-08-30 19:18:10','2015-08-30 19:18:10'),
	(374,126,120,374,8840,'C','2015-08-30 19:18:10','2015-08-30 19:18:10'),
	(375,128,122,375,14580,'C','2015-08-30 19:18:10','2015-08-30 19:18:10'),
	(376,129,124,376,21600,'C','2015-08-30 19:18:10','2015-08-30 19:18:10'),
	(377,131,125,377,13560,'C','2015-08-30 19:18:10','2015-08-30 19:18:10'),
	(378,132,126,378,13500,'C','2015-08-30 19:18:10','2015-08-30 19:18:10'),
	(379,134,128,379,8179,'C','2015-08-30 19:18:10','2015-08-30 19:18:10'),
	(380,134,128,380,12760,'C','2015-08-30 19:18:10','2015-08-30 19:18:10'),
	(381,135,129,381,26580,'C','2015-08-30 19:18:10','2015-08-30 19:18:10'),
	(382,136,130,382,22740,'C','2015-08-30 19:18:10','2015-08-30 19:18:10'),
	(383,138,131,383,21540,'C','2015-08-30 19:18:10','2015-08-30 19:18:10'),
	(384,139,132,384,21600,'C','2015-08-30 19:18:10','2015-08-30 19:18:10'),
	(385,140,133,385,16340,'C','2015-08-30 19:18:10','2015-08-30 19:18:10'),
	(386,140,133,386,16740,'C','2015-08-30 19:18:10','2015-08-30 19:18:10'),
	(387,141,134,387,18840,'C','2015-08-30 19:18:10','2015-08-30 19:18:10'),
	(388,141,134,388,18840,'C','2015-08-30 19:18:10','2015-08-30 19:18:10'),
	(389,143,136,389,17280,'C','2015-08-30 19:18:10','2015-08-30 19:18:10'),
	(390,145,138,390,20280,'C','2015-08-30 19:18:10','2015-08-30 19:18:10'),
	(391,146,139,391,19380,'C','2015-08-30 19:18:10','2015-08-30 19:18:10'),
	(392,149,142,392,9440,'C','2015-08-30 19:18:10','2015-08-30 19:18:10'),
	(393,151,145,393,14220,'C','2015-08-30 19:18:10','2015-08-30 19:18:10'),
	(394,153,147,394,20160,'C','2015-08-30 19:18:10','2015-08-30 19:18:10'),
	(395,153,147,395,20160,'C','2015-08-30 19:18:10','2015-08-30 19:18:10'),
	(396,154,148,396,2500,'C','2015-08-30 19:18:10','2015-08-30 19:18:10'),
	(397,154,148,397,2500,'C','2015-08-30 19:18:10','2015-08-30 19:18:10'),
	(398,154,148,398,2500,'C','2015-08-30 19:18:10','2015-08-30 19:18:10'),
	(399,154,148,399,19140,'C','2015-08-30 19:18:10','2015-08-30 19:18:10'),
	(400,156,150,400,10500,'C','2015-08-30 19:18:10','2015-08-30 19:18:10'),
	(401,162,154,401,24120,'C','2015-08-30 19:18:10','2015-08-30 19:18:10'),
	(402,162,154,402,24120,'C','2015-08-30 19:18:10','2015-08-30 19:18:10'),
	(403,165,157,403,19140,'C','2015-08-30 19:18:10','2015-08-30 19:18:10'),
	(404,166,158,404,19680,'C','2015-08-30 19:18:10','2015-08-30 19:18:10'),
	(405,167,159,405,11500,'C','2015-08-30 19:18:10','2015-08-30 19:18:10'),
	(406,167,159,406,17880,'C','2015-08-30 19:18:10','2015-08-30 19:18:10'),
	(407,170,163,407,14040,'C','2015-08-30 19:18:10','2015-08-30 19:18:10'),
	(408,170,163,408,14040,'C','2015-08-30 19:18:10','2015-08-30 19:18:10'),
	(409,170,163,409,14040,'C','2015-08-30 19:18:10','2015-08-30 19:18:10'),
	(410,170,163,410,14040,'C','2015-08-30 19:18:10','2015-08-30 19:18:10'),
	(411,170,163,411,17820,'C','2015-08-30 19:18:10','2015-08-30 19:18:10'),
	(412,170,163,412,17820,'C','2015-08-30 19:18:10','2015-08-30 19:18:10'),
	(413,170,163,413,17820,'C','2015-08-30 19:18:10','2015-08-30 19:18:10'),
	(414,170,163,414,3780,'C','2015-08-30 19:18:10','2015-08-30 19:18:10'),
	(415,170,163,415,21600,'C','2015-08-30 19:18:10','2015-08-30 19:18:10'),
	(416,170,163,416,21600,'C','2015-08-30 19:18:10','2015-08-30 19:18:10'),
	(417,170,163,417,21600,'C','2015-08-30 19:18:10','2015-08-30 19:18:10'),
	(418,170,163,418,21600,'C','2015-08-30 19:18:10','2015-08-30 19:18:10'),
	(419,171,164,419,14820,'C','2015-08-30 19:18:10','2015-08-30 19:18:10'),
	(420,172,165,420,20460,'C','2015-08-30 19:18:10','2015-08-30 19:18:10'),
	(421,174,167,421,14122.46,'C','2015-08-30 19:18:10','2015-08-30 19:18:10'),
	(422,174,167,422,14760,'C','2015-08-30 19:18:10','2015-08-30 19:18:10'),
	(423,174,167,423,14760,'C','2015-08-30 19:18:10','2015-08-30 19:18:10'),
	(424,175,168,424,20880,'C','2015-08-30 19:18:10','2015-08-30 19:18:10'),
	(425,176,169,425,25200,'C','2015-08-30 19:18:10','2015-08-30 19:18:10'),
	(426,176,169,426,25200,'C','2015-08-30 19:18:10','2015-08-30 19:18:10'),
	(427,177,172,427,373.6,'C','2015-08-30 19:18:10','2015-08-30 19:18:10'),
	(428,177,172,428,18660,'C','2015-08-30 19:18:10','2015-08-30 19:18:10'),
	(429,177,172,429,18660,'C','2015-08-30 19:18:10','2015-08-30 19:18:10'),
	(430,177,172,430,18660,'C','2015-08-30 19:18:10','2015-08-30 19:18:10'),
	(431,179,173,431,21240,'C','2015-08-30 19:18:10','2015-08-30 19:18:10'),
	(432,181,175,432,11284.15,'C','2015-08-30 19:18:10','2015-08-30 19:18:10'),
	(433,181,175,433,3769.5,'C','2015-08-30 19:18:10','2015-08-30 19:18:10'),
	(434,181,175,434,21540,'C','2015-08-30 19:18:10','2015-08-30 19:18:10'),
	(435,181,175,435,21540,'C','2015-08-30 19:18:10','2015-08-30 19:18:10'),
	(436,181,175,436,21540,'C','2015-08-30 19:18:10','2015-08-30 19:18:10'),
	(437,181,175,437,21540,'C','2015-08-30 19:18:10','2015-08-30 19:18:10'),
	(438,182,176,438,5082,'C','2015-08-30 19:18:10','2015-08-30 19:18:10'),
	(439,182,176,439,14520,'C','2015-08-30 19:18:10','2015-08-30 19:18:10'),
	(440,182,176,440,14520,'C','2015-08-30 19:18:10','2015-08-30 19:18:10'),
	(441,183,177,441,13560,'C','2015-08-30 19:18:10','2015-08-30 19:18:10'),
	(442,183,177,442,13560,'C','2015-08-30 19:18:10','2015-08-30 19:18:10'),
	(443,184,178,443,13920,'C','2015-08-30 19:18:10','2015-08-30 19:18:10'),
	(444,184,178,444,13920,'C','2015-08-30 19:18:10','2015-08-30 19:18:10'),
	(445,184,178,445,13920,'C','2015-08-30 19:18:10','2015-08-30 19:18:10'),
	(446,189,182,446,13960,'C','2015-08-30 19:18:10','2015-08-30 19:18:10'),
	(447,42,39,447,11975,'C','2015-08-30 19:18:10','2015-08-30 19:18:10'),
	(448,42,39,448,3675,'C','2015-08-30 19:18:10','2015-08-30 19:18:10'),
	(449,42,39,449,21000,'C','2015-08-30 19:18:10','2015-08-30 19:18:10'),
	(450,42,39,450,21000,'C','2015-08-30 19:18:10','2015-08-30 19:18:10'),
	(451,42,39,451,21000,'C','2015-08-30 19:18:10','2015-08-30 19:18:10'),
	(452,42,39,452,21000,'C','2015-08-30 19:18:10','2015-08-30 19:18:10'),
	(453,191,184,453,14340,'C','2015-08-30 19:18:10','2015-08-30 19:18:10'),
	(454,191,184,454,14340,'C','2015-08-30 19:18:10','2015-08-30 19:18:10'),
	(455,191,184,455,14340,'C','2015-08-30 19:18:10','2015-08-30 19:18:10'),
	(456,194,187,456,14640,'C','2015-08-30 19:18:10','2015-08-30 19:18:10'),
	(457,196,188,457,2500,'C','2015-08-30 19:18:10','2015-08-30 19:18:10'),
	(458,196,188,458,11193,'C','2015-08-30 19:18:10','2015-08-30 19:18:10'),
	(459,196,188,459,4145.77,'C','2015-08-30 19:18:10','2015-08-30 19:18:10'),
	(460,196,188,460,17220,'C','2015-08-30 19:18:10','2015-08-30 19:18:10'),
	(461,196,188,461,17220,'C','2015-08-30 19:18:10','2015-08-30 19:18:10'),
	(462,196,188,462,17220,'C','2015-08-30 19:18:10','2015-08-30 19:18:10'),
	(463,198,191,463,13560,'C','2015-08-30 19:18:10','2015-08-30 19:18:10'),
	(464,198,191,464,13560,'C','2015-08-30 19:18:10','2015-08-30 19:18:10'),
	(465,198,191,465,13560,'C','2015-08-30 19:18:10','2015-08-30 19:18:10'),
	(466,201,194,466,1055.93,'C','2015-08-30 19:18:10','2015-08-30 19:18:10'),
	(467,201,194,467,14100,'C','2015-08-30 19:18:10','2015-08-30 19:18:10'),
	(468,201,194,468,14100,'C','2015-08-30 19:18:10','2015-08-30 19:18:10'),
	(469,201,194,469,14100,'C','2015-08-30 19:18:10','2015-08-30 19:18:10'),
	(470,201,194,470,14100,'C','2015-08-30 19:18:10','2015-08-30 19:18:10'),
	(471,202,195,471,13200,'C','2015-08-30 19:18:10','2015-08-30 19:18:10'),
	(472,210,205,472,13320,'C','2015-08-30 19:18:10','2015-08-30 19:18:10'),
	(473,210,205,473,13320,'C','2015-08-30 19:18:10','2015-08-30 19:18:10'),
	(474,210,205,474,13320,'C','2015-08-30 19:18:10','2015-08-30 19:18:10'),
	(475,211,206,475,13500,'C','2015-08-30 19:18:10','2015-08-30 19:18:10'),
	(476,211,206,476,13560,'C','2015-08-30 19:18:10','2015-08-30 19:18:10'),
	(477,211,206,477,13560,'C','2015-08-30 19:18:10','2015-08-30 19:18:10'),
	(478,216,211,478,14280,'C','2015-08-30 19:18:10','2015-08-30 19:18:10'),
	(479,218,213,479,13920,'C','2015-08-30 19:18:10','2015-08-30 19:18:10'),
	(480,218,213,480,13920,'C','2015-08-30 19:18:10','2015-08-30 19:18:10'),
	(481,218,213,481,13920,'C','2015-08-30 19:18:10','2015-08-30 19:18:10'),
	(482,218,214,482,13500,'C','2015-08-30 19:18:10','2015-08-30 19:18:10'),
	(483,218,214,483,13500,'C','2015-08-30 19:18:10','2015-08-30 19:18:10'),
	(484,218,214,484,13500,'C','2015-08-30 19:18:10','2015-08-30 19:18:10'),
	(485,220,216,485,13740,'C','2015-08-30 19:18:10','2015-08-30 19:18:10'),
	(486,222,219,486,5070,'C','2015-08-30 19:18:10','2015-08-30 19:18:10'),
	(487,222,219,487,14520,'C','2015-08-30 19:18:10','2015-08-30 19:18:10'),
	(488,223,220,488,17820,'C','2015-08-30 19:18:10','2015-08-30 19:18:10'),
	(489,224,221,489,17748,'C','2015-08-30 19:18:10','2015-08-30 19:18:10'),
	(490,226,223,490,8319,'C','2015-08-30 19:18:10','2015-08-30 19:18:10'),
	(491,226,223,491,2961,'C','2015-08-30 19:18:10','2015-08-30 19:18:10'),
	(492,226,223,492,16920,'C','2015-08-30 19:18:10','2015-08-30 19:18:10'),
	(493,226,223,493,16920,'C','2015-08-30 19:18:10','2015-08-30 19:18:10'),
	(494,231,228,494,1441.27,'C','2015-08-30 19:18:10','2015-08-30 19:18:10'),
	(495,231,228,495,1597.5,'C','2015-08-30 19:18:10','2015-08-30 19:18:10'),
	(496,231,228,496,16500,'C','2015-08-30 19:18:10','2015-08-30 19:18:10'),
	(497,231,228,497,16500,'C','2015-08-30 19:18:10','2015-08-30 19:18:10'),
	(498,231,228,498,16500,'C','2015-08-30 19:18:10','2015-08-30 19:18:10'),
	(499,232,229,499,12292.5,'C','2015-08-30 19:18:10','2015-08-30 19:18:10'),
	(500,232,229,500,12622.5,'C','2015-08-30 19:18:10','2015-08-30 19:18:10'),
	(501,232,229,501,12622.5,'C','2015-08-30 19:18:10','2015-08-30 19:18:10'),
	(502,232,229,502,2677.5,'C','2015-08-30 19:18:10','2015-08-30 19:18:10'),
	(503,232,229,503,15300,'C','2015-08-30 19:18:10','2015-08-30 19:18:10'),
	(504,232,229,504,15300,'C','2015-08-30 19:18:10','2015-08-30 19:18:10'),
	(505,232,229,505,15300,'C','2015-08-30 19:18:10','2015-08-30 19:18:10'),
	(506,232,229,506,15300,'C','2015-08-30 19:18:10','2015-08-30 19:18:10'),
	(507,235,232,507,12900,'C','2015-08-30 19:18:10','2015-08-30 19:18:10'),
	(508,235,233,508,12900,'C','2015-08-30 19:18:10','2015-08-30 19:18:10'),
	(509,237,235,509,12900,'C','2015-08-30 19:18:10','2015-08-30 19:18:10'),
	(510,232,238,510,820,'C','2015-08-30 19:18:10','2015-08-30 19:18:10'),
	(511,242,241,511,12900,'C','2015-08-30 19:18:10','2015-08-30 19:18:10'),
	(512,243,242,512,15180,'C','2015-08-30 19:18:10','2015-08-30 19:18:10'),
	(513,243,242,513,15180,'C','2015-08-30 19:18:10','2015-08-30 19:18:10'),
	(514,248,247,514,13312.62,'C','2015-08-30 19:18:10','2015-08-30 19:18:10'),
	(515,248,247,515,14280,'C','2015-08-30 19:18:10','2015-08-30 19:18:10'),
	(516,248,247,516,14280,'C','2015-08-30 19:18:10','2015-08-30 19:18:10'),
	(517,248,247,517,14280,'C','2015-08-30 19:18:10','2015-08-30 19:18:10'),
	(518,248,247,518,14280,'C','2015-08-30 19:18:10','2015-08-30 19:18:10'),
	(519,248,248,519,967.37,'C','2015-08-30 19:18:10','2015-08-30 19:18:10'),
	(520,248,248,520,14280,'C','2015-08-30 19:18:10','2015-08-30 19:18:10'),
	(521,249,249,521,16440,'C','2015-08-30 19:18:10','2015-08-30 19:18:10'),
	(522,251,251,522,2500,'C','2015-08-30 19:18:10','2015-08-30 19:18:10'),
	(523,251,251,523,2500,'C','2015-08-30 19:18:10','2015-08-30 19:18:10'),
	(524,251,251,524,2500,'C','2015-08-30 19:18:10','2015-08-30 19:18:10'),
	(525,251,251,525,2500,'C','2015-08-30 19:18:10','2015-08-30 19:18:10'),
	(526,251,251,526,9165,'C','2015-08-30 19:18:10','2015-08-30 19:18:10'),
	(527,251,251,527,9165,'C','2015-08-30 19:18:10','2015-08-30 19:18:10'),
	(528,251,251,528,9165,'C','2015-08-30 19:18:10','2015-08-30 19:18:10'),
	(529,251,251,529,9165,'C','2015-08-30 19:18:10','2015-08-30 19:18:10'),
	(530,251,251,530,9165,'C','2015-08-30 19:18:10','2015-08-30 19:18:10'),
	(531,251,251,531,9165,'C','2015-08-30 19:18:10','2015-08-30 19:18:10'),
	(532,251,251,532,9165,'C','2015-08-30 19:18:10','2015-08-30 19:18:10'),
	(533,251,251,533,9165,'C','2015-08-30 19:18:10','2015-08-30 19:18:10'),
	(534,251,251,534,9165,'C','2015-08-30 19:18:10','2015-08-30 19:18:10'),
	(535,251,251,535,9165,'C','2015-08-30 19:18:10','2015-08-30 19:18:10'),
	(536,251,251,536,9165,'C','2015-08-30 19:18:10','2015-08-30 19:18:10'),
	(537,251,251,537,9165,'C','2015-08-30 19:18:10','2015-08-30 19:18:10'),
	(538,251,251,538,11632.5,'C','2015-08-30 19:18:10','2015-08-30 19:18:10'),
	(539,251,251,539,11632.5,'C','2015-08-30 19:18:10','2015-08-30 19:18:10'),
	(540,251,251,540,11632.5,'C','2015-08-30 19:18:10','2015-08-30 19:18:10'),
	(541,251,251,541,2467.5,'C','2015-08-30 19:18:10','2015-08-30 19:18:10'),
	(542,251,251,542,14100,'C','2015-08-30 19:18:10','2015-08-30 19:18:10'),
	(543,251,251,543,14100,'C','2015-08-30 19:18:10','2015-08-30 19:18:10'),
	(544,251,251,544,14100,'C','2015-08-30 19:18:10','2015-08-30 19:18:10'),
	(545,251,251,545,14100,'C','2015-08-30 19:18:10','2015-08-30 19:18:10'),
	(546,254,254,546,2902,'C','2015-08-30 19:18:10','2015-08-30 19:18:10'),
	(547,254,254,547,8853,'C','2015-08-30 19:18:10','2015-08-30 19:18:10'),
	(548,254,254,548,11236.5,'C','2015-08-30 19:18:10','2015-08-30 19:18:10'),
	(549,254,254,549,11236.5,'C','2015-08-30 19:18:10','2015-08-30 19:18:10'),
	(550,254,254,550,11236.5,'C','2015-08-30 19:18:10','2015-08-30 19:18:10'),
	(551,254,254,551,2383.5,'C','2015-08-30 19:18:10','2015-08-30 19:18:10'),
	(552,254,254,552,13620,'C','2015-08-30 19:18:10','2015-08-30 19:18:10'),
	(553,254,254,553,13620,'C','2015-08-30 19:18:10','2015-08-30 19:18:10'),
	(554,254,254,554,13620,'C','2015-08-30 19:18:10','2015-08-30 19:18:10'),
	(555,254,254,555,13620,'C','2015-08-30 19:18:10','2015-08-30 19:18:10'),
	(556,255,255,556,13500,'C','2015-08-30 19:18:10','2015-08-30 19:18:10'),
	(557,255,255,557,13500,'C','2015-08-30 19:18:10','2015-08-30 19:18:10'),
	(558,261,266,558,12360,'C','2015-08-30 19:18:10','2015-08-30 19:18:10'),
	(559,264,270,559,12300,'C','2015-08-30 19:18:10','2015-08-30 19:18:10'),
	(560,264,271,560,12300,'C','2015-08-30 19:18:10','2015-08-30 19:18:10'),
	(561,265,272,561,19320,'C','2015-08-30 19:18:10','2015-08-30 19:18:10'),
	(562,266,273,562,12540,'C','2015-08-30 19:18:10','2015-08-30 19:18:10'),
	(563,267,274,563,12240,'C','2015-08-30 19:18:10','2015-08-30 19:18:10'),
	(564,271,278,564,18300,'C','2015-08-30 19:18:10','2015-08-30 19:18:10'),
	(565,271,278,565,18300,'C','2015-08-30 19:18:10','2015-08-30 19:18:10'),
	(566,271,278,566,18300,'C','2015-08-30 19:18:10','2015-08-30 19:18:10'),
	(567,272,279,567,4787,'C','2015-08-30 19:18:10','2015-08-30 19:18:10'),
	(568,272,279,568,10647,'C','2015-08-30 19:18:10','2015-08-30 19:18:10'),
	(569,272,279,569,16380,'C','2015-08-30 19:18:10','2015-08-30 19:18:10'),
	(570,272,279,570,16380,'C','2015-08-30 19:18:10','2015-08-30 19:18:10'),
	(571,272,279,571,16380,'C','2015-08-30 19:18:10','2015-08-30 19:18:10'),
	(572,274,281,572,14025.67,'C','2015-08-30 19:18:10','2015-08-30 19:18:10'),
	(573,274,281,573,15000,'C','2015-08-30 19:18:10','2015-08-30 19:18:10'),
	(574,274,281,574,15000,'C','2015-08-30 19:18:10','2015-08-30 19:18:10'),
	(575,274,281,575,15000,'C','2015-08-30 19:18:10','2015-08-30 19:18:10'),
	(576,275,282,576,15840,'C','2015-08-30 19:18:10','2015-08-30 19:18:10'),
	(577,277,284,577,1041.86,'C','2015-08-30 19:18:10','2015-08-30 19:18:10'),
	(578,277,284,578,14700,'C','2015-08-30 19:18:10','2015-08-30 19:18:10'),
	(579,278,285,579,2500,'C','2015-08-30 19:18:10','2015-08-30 19:18:10'),
	(580,278,285,580,2500,'C','2015-08-30 19:18:10','2015-08-30 19:18:10'),
	(581,278,285,581,2500,'C','2015-08-30 19:18:10','2015-08-30 19:18:10'),
	(582,278,285,582,2500,'C','2015-08-30 19:18:10','2015-08-30 19:18:10'),
	(583,278,285,583,676.32,'C','2015-08-30 19:18:10','2015-08-30 19:18:10'),
	(584,278,285,584,9555,'C','2015-08-30 19:18:10','2015-08-30 19:18:10'),
	(585,278,285,585,9555,'C','2015-08-30 19:18:10','2015-08-30 19:18:10'),
	(586,278,285,586,9555,'C','2015-08-30 19:18:10','2015-08-30 19:18:10'),
	(587,278,285,587,9555,'C','2015-08-30 19:18:10','2015-08-30 19:18:10'),
	(588,278,285,588,9555,'C','2015-08-30 19:18:10','2015-08-30 19:18:10'),
	(589,278,285,589,9555,'C','2015-08-30 19:18:10','2015-08-30 19:18:10'),
	(590,278,285,590,9555,'C','2015-08-30 19:18:10','2015-08-30 19:18:10'),
	(591,278,285,591,9555,'C','2015-08-30 19:18:10','2015-08-30 19:18:10'),
	(592,278,285,592,9555,'C','2015-08-30 19:18:10','2015-08-30 19:18:10'),
	(593,278,285,593,9555,'C','2015-08-30 19:18:10','2015-08-30 19:18:10'),
	(594,278,285,594,9555,'C','2015-08-30 19:18:10','2015-08-30 19:18:10'),
	(595,278,285,595,9555,'C','2015-08-30 19:18:10','2015-08-30 19:18:10'),
	(596,278,285,596,9555,'C','2015-08-30 19:18:10','2015-08-30 19:18:10'),
	(597,278,285,597,9555,'C','2015-08-30 19:18:10','2015-08-30 19:18:10'),
	(598,278,285,598,12127.5,'C','2015-08-30 19:18:10','2015-08-30 19:18:10'),
	(599,278,285,599,12127.5,'C','2015-08-30 19:18:10','2015-08-30 19:18:10'),
	(600,278,285,600,12127.5,'C','2015-08-30 19:18:10','2015-08-30 19:18:10'),
	(601,278,285,601,2572.5,'C','2015-08-30 19:18:10','2015-08-30 19:18:10'),
	(602,278,285,602,14700,'C','2015-08-30 19:18:10','2015-08-30 19:18:10'),
	(603,278,285,603,14700,'C','2015-08-30 19:18:10','2015-08-30 19:18:10'),
	(604,278,285,604,14700,'C','2015-08-30 19:18:10','2015-08-30 19:18:10'),
	(605,278,285,605,14700,'C','2015-08-30 19:18:10','2015-08-30 19:18:10'),
	(606,279,286,606,14640,'C','2015-08-30 19:18:10','2015-08-30 19:18:10'),
	(607,281,288,607,14040,'C','2015-08-30 19:18:10','2015-08-30 19:18:10'),
	(608,281,289,608,13440,'C','2015-08-30 19:18:10','2015-08-30 19:18:10'),
	(609,282,290,609,14040,'C','2015-08-30 19:18:10','2015-08-30 19:18:10'),
	(610,284,292,610,12240,'C','2015-08-30 19:18:10','2015-08-30 19:18:10'),
	(611,284,292,611,12240,'C','2015-08-30 19:18:10','2015-08-30 19:18:10'),
	(612,290,298,612,15420,'C','2015-08-30 19:18:10','2015-08-30 19:18:10'),
	(613,292,300,613,14520,'C','2015-08-30 19:18:10','2015-08-30 19:18:10'),
	(614,292,300,614,14520,'C','2015-08-30 19:18:10','2015-08-30 19:18:10'),
	(615,292,300,615,14520,'C','2015-08-30 19:18:10','2015-08-30 19:18:10'),
	(616,292,301,616,13380,'C','2015-08-30 19:18:10','2015-08-30 19:18:10'),
	(617,292,301,617,13380,'C','2015-08-30 19:18:10','2015-08-30 19:18:10'),
	(618,292,301,618,13380,'C','2015-08-30 19:18:10','2015-08-30 19:18:10'),
	(619,293,302,619,13860,'C','2015-08-30 19:18:10','2015-08-30 19:18:10'),
	(620,295,304,620,14640,'C','2015-08-30 19:18:10','2015-08-30 19:18:10'),
	(621,297,306,621,14340,'C','2015-08-30 19:18:10','2015-08-30 19:18:10'),
	(622,297,306,622,14340,'C','2015-08-30 19:18:10','2015-08-30 19:18:10'),
	(623,299,309,623,19080,'C','2015-08-30 19:18:10','2015-08-30 19:18:10'),
	(624,299,310,624,16140,'C','2015-08-30 19:18:10','2015-08-30 19:18:10'),
	(625,300,311,625,15780,'C','2015-08-30 19:18:10','2015-08-30 19:18:10'),
	(626,255,256,626,15840,'C','2015-08-30 19:18:10','2015-08-30 19:18:10'),
	(627,255,256,627,15840,'C','2015-08-30 19:18:10','2015-08-30 19:18:10'),
	(628,302,313,628,13341.12,'C','2015-08-30 19:18:10','2015-08-30 19:18:10'),
	(629,302,313,629,16080,'C','2015-08-30 19:18:10','2015-08-30 19:18:10'),
	(630,302,313,630,16080,'C','2015-08-30 19:18:10','2015-08-30 19:18:10'),
	(631,302,313,631,16080,'C','2015-08-30 19:18:10','2015-08-30 19:18:10'),
	(632,255,258,632,2226,'C','2015-08-30 19:18:10','2015-08-30 19:18:10'),
	(633,255,258,633,2226,'C','2015-08-30 19:18:10','2015-08-30 19:18:10'),
	(634,255,258,634,12720,'C','2015-08-30 19:18:10','2015-08-30 19:18:10'),
	(635,255,258,635,12720,'C','2015-08-30 19:18:10','2015-08-30 19:18:10'),
	(636,255,258,636,12720,'C','2015-08-30 19:18:10','2015-08-30 19:18:10'),
	(637,304,314,637,12120,'C','2015-08-30 19:18:10','2015-08-30 19:18:10'),
	(638,305,315,638,13080,'C','2015-08-30 19:18:10','2015-08-30 19:18:10'),
	(639,306,316,639,12420,'C','2015-08-30 19:18:10','2015-08-30 19:18:10'),
	(640,306,316,640,12420,'C','2015-08-30 19:18:10','2015-08-30 19:18:10'),
	(641,306,316,641,12420,'C','2015-08-30 19:18:10','2015-08-30 19:18:10'),
	(642,307,317,642,15000,'C','2015-08-30 19:18:10','2015-08-30 19:18:10'),
	(643,307,317,643,15000,'C','2015-08-30 19:18:10','2015-08-30 19:18:10'),
	(644,308,318,644,10000,'C','2015-08-30 19:18:10','2015-08-30 19:18:10'),
	(645,309,319,645,12660,'C','2015-08-30 19:18:10','2015-08-30 19:18:10'),
	(646,311,321,646,8160,'C','2015-08-30 19:18:10','2015-08-30 19:18:10'),
	(647,312,322,647,12240,'C','2015-08-30 19:18:10','2015-08-30 19:18:10'),
	(648,314,324,648,3573.09,'C','2015-08-30 19:18:10','2015-08-30 19:18:10'),
	(649,314,324,649,12240,'C','2015-08-30 19:18:10','2015-08-30 19:18:10'),
	(650,255,257,650,13380,'C','2015-08-30 19:18:10','2015-08-30 19:18:10'),
	(651,255,257,651,13380,'C','2015-08-30 19:18:10','2015-08-30 19:18:10'),
	(652,318,330,652,9316.58,'C','2015-08-30 19:18:10','2015-08-30 19:18:10'),
	(653,318,331,653,7386.35,'C','2015-08-30 19:18:10','2015-08-30 19:18:10'),
	(654,319,332,654,12180,'C','2015-08-30 19:18:10','2015-08-30 19:18:10'),
	(655,320,333,655,7490.89,'C','2015-08-30 19:18:10','2015-08-30 19:18:10'),
	(656,320,333,656,5382,'C','2015-08-30 19:18:10','2015-08-30 19:18:10'),
	(657,320,333,657,5382,'C','2015-08-30 19:18:10','2015-08-30 19:18:10'),
	(658,320,333,658,2691,'C','2015-08-30 19:18:10','2015-08-30 19:18:10'),
	(659,320,333,659,8073,'C','2015-08-30 19:18:10','2015-08-30 19:18:10'),
	(660,320,333,660,12420,'C','2015-08-30 19:18:10','2015-08-30 19:18:10'),
	(661,320,333,661,12420,'C','2015-08-30 19:18:10','2015-08-30 19:18:10'),
	(662,320,333,662,12420,'C','2015-08-30 19:18:10','2015-08-30 19:18:10'),
	(663,322,335,663,12240,'C','2015-08-30 19:18:10','2015-08-30 19:18:10'),
	(664,322,335,664,12240,'C','2015-08-30 19:18:10','2015-08-30 19:18:10'),
	(665,325,340,665,8931.23,'C','2015-08-30 19:18:10','2015-08-30 19:18:10'),
	(666,325,340,666,13740,'C','2015-08-30 19:18:10','2015-08-30 19:18:10'),
	(667,325,340,667,13740,'C','2015-08-30 19:18:10','2015-08-30 19:18:10'),
	(668,326,341,668,13740,'C','2015-08-30 19:18:10','2015-08-30 19:18:10'),
	(669,326,341,669,13740,'C','2015-08-30 19:18:10','2015-08-30 19:18:10'),
	(670,327,342,670,2656.5,'C','2015-08-30 19:18:10','2015-08-30 19:18:10'),
	(671,327,342,671,15180,'C','2015-08-30 19:18:10','2015-08-30 19:18:10'),
	(672,327,342,672,15180,'C','2015-08-30 19:18:10','2015-08-30 19:18:10'),
	(673,327,342,673,15180,'C','2015-08-30 19:18:10','2015-08-30 19:18:10'),
	(674,327,342,674,15180,'C','2015-08-30 19:18:10','2015-08-30 19:18:10'),
	(675,328,343,675,16920,'C','2015-08-30 19:18:10','2015-08-30 19:18:10'),
	(676,328,343,676,16920,'C','2015-08-30 19:18:10','2015-08-30 19:18:10'),
	(677,331,346,677,14520,'C','2015-08-30 19:18:10','2015-08-30 19:18:10'),
	(678,333,348,678,14100,'C','2015-08-30 19:18:10','2015-08-30 19:18:10'),
	(679,334,349,679,15180,'C','2015-08-30 19:18:10','2015-08-30 19:18:10'),
	(680,335,350,680,12060,'C','2015-08-30 19:18:10','2015-08-30 19:18:10'),
	(681,335,350,681,12060,'C','2015-08-30 19:18:10','2015-08-30 19:18:10'),
	(682,335,351,682,14160,'C','2015-08-30 19:18:10','2015-08-30 19:18:10'),
	(683,335,351,683,14160,'C','2015-08-30 19:18:10','2015-08-30 19:18:10'),
	(684,330,352,684,15960,'C','2015-08-30 19:18:10','2015-08-30 19:18:10'),
	(685,337,353,685,15960,'C','2015-08-30 19:18:10','2015-08-30 19:18:10'),
	(686,338,354,686,14280,'C','2015-08-30 19:18:10','2015-08-30 19:18:10'),
	(687,338,354,687,14280,'C','2015-08-30 19:18:10','2015-08-30 19:18:10'),
	(688,338,354,688,14280,'C','2015-08-30 19:18:10','2015-08-30 19:18:10'),
	(689,339,355,689,15480,'C','2015-08-30 19:18:10','2015-08-30 19:18:10'),
	(690,340,356,690,17700,'C','2015-08-30 19:18:10','2015-08-30 19:18:10'),
	(691,341,357,691,2090.5,'C','2015-08-30 19:18:10','2015-08-30 19:18:10'),
	(692,341,357,692,16020,'C','2015-08-30 19:18:10','2015-08-30 19:18:10'),
	(693,342,358,693,10077.33,'C','2015-08-30 19:18:10','2015-08-30 19:18:10'),
	(694,342,358,694,17880,'C','2015-08-30 19:18:10','2015-08-30 19:18:10'),
	(695,343,359,695,2371.32,'C','2015-08-30 19:18:10','2015-08-30 19:18:10'),
	(696,343,359,696,10842,'C','2015-08-30 19:18:10','2015-08-30 19:18:10'),
	(697,343,359,697,10842,'C','2015-08-30 19:18:10','2015-08-30 19:18:10'),
	(698,343,359,698,13761,'C','2015-08-30 19:18:10','2015-08-30 19:18:10'),
	(699,343,359,699,13761,'C','2015-08-30 19:18:10','2015-08-30 19:18:10'),
	(700,343,359,700,13761,'C','2015-08-30 19:18:10','2015-08-30 19:18:10'),
	(701,343,359,701,2919,'C','2015-08-30 19:18:10','2015-08-30 19:18:10'),
	(702,343,359,702,16680,'C','2015-08-30 19:18:10','2015-08-30 19:18:10'),
	(703,343,359,703,16680,'C','2015-08-30 19:18:10','2015-08-30 19:18:10'),
	(704,343,359,704,16680,'C','2015-08-30 19:18:10','2015-08-30 19:18:10'),
	(705,343,359,705,16680,'C','2015-08-30 19:18:10','2015-08-30 19:18:10'),
	(706,345,361,706,10413,'C','2015-08-30 19:18:10','2015-08-30 19:18:10'),
	(707,345,361,707,10413,'C','2015-08-30 19:18:10','2015-08-30 19:18:10'),
	(708,345,361,708,10413,'C','2015-08-30 19:18:10','2015-08-30 19:18:10'),
	(709,345,361,709,10413,'C','2015-08-30 19:18:10','2015-08-30 19:18:10'),
	(710,345,361,710,10413,'C','2015-08-30 19:18:10','2015-08-30 19:18:10'),
	(711,345,361,711,10413,'C','2015-08-30 19:18:10','2015-08-30 19:18:10'),
	(712,345,361,712,13216.5,'C','2015-08-30 19:18:10','2015-08-30 19:18:10'),
	(713,345,361,713,13216.5,'C','2015-08-30 19:18:10','2015-08-30 19:18:10'),
	(714,345,361,714,13216.5,'C','2015-08-30 19:18:10','2015-08-30 19:18:10'),
	(715,345,361,715,2803.5,'C','2015-08-30 19:18:10','2015-08-30 19:18:10'),
	(716,345,361,716,16020,'C','2015-08-30 19:18:10','2015-08-30 19:18:10'),
	(717,345,361,717,16020,'C','2015-08-30 19:18:10','2015-08-30 19:18:10'),
	(718,345,361,718,16020,'C','2015-08-30 19:18:10','2015-08-30 19:18:10'),
	(719,345,361,719,16020,'C','2015-08-30 19:18:10','2015-08-30 19:18:10'),
	(720,347,363,720,16080,'C','2015-08-30 19:18:10','2015-08-30 19:18:10'),
	(721,352,368,721,12540,'C','2015-08-30 19:18:10','2015-08-30 19:18:10'),
	(722,352,369,722,12120,'C','2015-08-30 19:18:10','2015-08-30 19:18:10'),
	(723,352,370,723,12900,'C','2015-08-30 19:18:10','2015-08-30 19:18:10'),
	(724,354,372,724,12900,'C','2015-08-30 19:18:10','2015-08-30 19:18:10'),
	(725,354,372,725,12900,'C','2015-08-30 19:18:10','2015-08-30 19:18:10'),
	(726,354,372,726,12900,'C','2015-08-30 19:18:10','2015-08-30 19:18:10'),
	(727,352,373,727,10098,'C','2015-08-30 19:18:10','2015-08-30 19:18:10'),
	(728,352,373,728,10098,'C','2015-08-30 19:18:10','2015-08-30 19:18:10'),
	(729,352,373,729,10098,'C','2015-08-30 19:18:10','2015-08-30 19:18:10'),
	(730,352,373,730,2142,'C','2015-08-30 19:18:10','2015-08-30 19:18:10'),
	(731,352,373,731,12240,'C','2015-08-30 19:18:10','2015-08-30 19:18:10'),
	(732,352,373,732,12240,'C','2015-08-30 19:18:10','2015-08-30 19:18:10'),
	(733,352,373,733,12240,'C','2015-08-30 19:18:10','2015-08-30 19:18:10'),
	(734,352,373,734,12240,'C','2015-08-30 19:18:10','2015-08-30 19:18:10'),
	(735,355,374,735,13500,'C','2015-08-30 19:18:10','2015-08-30 19:18:10'),
	(736,355,374,736,13500,'C','2015-08-30 19:18:10','2015-08-30 19:18:10'),
	(737,355,374,737,13500,'C','2015-08-30 19:18:10','2015-08-30 19:18:10'),
	(738,350,374,738,7956,'C','2015-08-30 19:18:10','2015-08-30 19:18:10'),
	(739,350,374,739,7956,'C','2015-08-30 19:18:10','2015-08-30 19:18:10'),
	(740,350,374,740,7956,'C','2015-08-30 19:18:10','2015-08-30 19:18:10'),
	(741,350,374,741,7956,'C','2015-08-30 19:18:10','2015-08-30 19:18:10'),
	(742,350,374,742,10098,'C','2015-08-30 19:18:10','2015-08-30 19:18:10'),
	(743,350,374,743,10098,'C','2015-08-30 19:18:10','2015-08-30 19:18:10'),
	(744,350,374,744,10098,'C','2015-08-30 19:18:10','2015-08-30 19:18:10'),
	(745,350,374,745,2142,'C','2015-08-30 19:18:10','2015-08-30 19:18:10'),
	(746,350,374,746,12240,'C','2015-08-30 19:18:10','2015-08-30 19:18:10'),
	(747,350,374,747,12240,'C','2015-08-30 19:18:10','2015-08-30 19:18:10'),
	(748,350,374,748,12240,'C','2015-08-30 19:18:10','2015-08-30 19:18:10'),
	(749,350,374,749,12240,'C','2015-08-30 19:18:10','2015-08-30 19:18:10'),
	(750,352,375,750,7956,'C','2015-08-30 19:18:10','2015-08-30 19:18:10'),
	(751,352,375,751,7956,'C','2015-08-30 19:18:10','2015-08-30 19:18:10'),
	(752,352,375,752,7956,'C','2015-08-30 19:18:10','2015-08-30 19:18:10'),
	(753,352,375,753,7956,'C','2015-08-30 19:18:10','2015-08-30 19:18:10'),
	(754,352,375,754,10098,'C','2015-08-30 19:18:10','2015-08-30 19:18:10'),
	(755,352,375,755,10098,'C','2015-08-30 19:18:10','2015-08-30 19:18:10'),
	(756,352,375,756,10098,'C','2015-08-30 19:18:10','2015-08-30 19:18:10'),
	(757,352,375,757,2142,'C','2015-08-30 19:18:10','2015-08-30 19:18:10'),
	(758,352,375,758,12240,'C','2015-08-30 19:18:10','2015-08-30 19:18:10'),
	(759,352,375,759,12240,'C','2015-08-30 19:18:10','2015-08-30 19:18:10'),
	(760,352,375,760,12240,'C','2015-08-30 19:18:10','2015-08-30 19:18:10'),
	(761,352,375,761,12240,'C','2015-08-30 19:18:10','2015-08-30 19:18:10'),
	(762,356,376,762,13140,'C','2015-08-30 19:18:10','2015-08-30 19:18:10'),
	(763,357,377,763,12240,'C','2015-08-30 19:18:10','2015-08-30 19:18:10'),
	(764,359,379,764,13860,'C','2015-08-30 19:18:10','2015-08-30 19:18:10'),
	(765,359,379,765,13860,'C','2015-08-30 19:18:10','2015-08-30 19:18:10'),
	(766,360,380,766,561.69,'C','2015-08-30 19:18:10','2015-08-30 19:18:10'),
	(767,360,380,767,14220,'C','2015-08-30 19:18:10','2015-08-30 19:18:10'),
	(768,360,380,768,14220,'C','2015-08-30 19:18:10','2015-08-30 19:18:10'),
	(769,360,380,769,14220,'C','2015-08-30 19:18:10','2015-08-30 19:18:10'),
	(770,360,380,770,14220,'C','2015-08-30 19:18:10','2015-08-30 19:18:10'),
	(771,362,382,771,4006.53,'C','2015-08-30 19:18:10','2015-08-30 19:18:10'),
	(772,362,382,772,4274.91,'C','2015-08-30 19:18:10','2015-08-30 19:18:10'),
	(773,362,382,773,4274.91,'C','2015-08-30 19:18:10','2015-08-30 19:18:10'),
	(774,362,382,774,4274.91,'C','2015-08-30 19:18:10','2015-08-30 19:18:10'),
	(775,362,382,775,4274.91,'C','2015-08-30 19:18:10','2015-08-30 19:18:10'),
	(776,362,382,776,4402.71,'C','2015-08-30 19:18:10','2015-08-30 19:18:10'),
	(777,362,382,777,4402.71,'C','2015-08-30 19:18:10','2015-08-30 19:18:10'),
	(778,362,382,778,4402.71,'C','2015-08-30 19:18:10','2015-08-30 19:18:10'),
	(779,362,382,779,4402.71,'C','2015-08-30 19:18:10','2015-08-30 19:18:10'),
	(780,362,382,780,4734.99,'C','2015-08-30 19:18:10','2015-08-30 19:18:10'),
	(781,362,382,781,4734.99,'C','2015-08-30 19:18:10','2015-08-30 19:18:10'),
	(782,362,382,782,4734.99,'C','2015-08-30 19:18:10','2015-08-30 19:18:10'),
	(783,362,382,783,4734.99,'C','2015-08-30 19:18:10','2015-08-30 19:18:10'),
	(784,362,382,784,4734.99,'C','2015-08-30 19:18:10','2015-08-30 19:18:10'),
	(785,362,382,785,4734.99,'C','2015-08-30 19:18:10','2015-08-30 19:18:10'),
	(786,362,382,786,4734.99,'C','2015-08-30 19:18:10','2015-08-30 19:18:10'),
	(787,362,382,787,4734.99,'C','2015-08-30 19:18:10','2015-08-30 19:18:10'),
	(788,362,382,788,4734.99,'C','2015-08-30 19:18:10','2015-08-30 19:18:10'),
	(789,362,382,789,4734.99,'C','2015-08-30 19:18:10','2015-08-30 19:18:10'),
	(790,362,382,790,4734.99,'C','2015-08-30 19:18:10','2015-08-30 19:18:10'),
	(791,362,382,791,4734.99,'C','2015-08-30 19:18:10','2015-08-30 19:18:10'),
	(792,362,382,792,4734.99,'C','2015-08-30 19:18:10','2015-08-30 19:18:10'),
	(793,362,382,793,4734.99,'C','2015-08-30 19:18:10','2015-08-30 19:18:10'),
	(794,362,382,794,4734.99,'C','2015-08-30 19:18:10','2015-08-30 19:18:10'),
	(795,362,382,795,4734.99,'C','2015-08-30 19:18:10','2015-08-30 19:18:10'),
	(796,362,382,796,4734.99,'C','2015-08-30 19:18:10','2015-08-30 19:18:10'),
	(797,362,382,797,4734.99,'C','2015-08-30 19:18:10','2015-08-30 19:18:10'),
	(798,362,382,798,8307,'C','2015-08-30 19:18:10','2015-08-30 19:18:10'),
	(799,362,382,799,8307,'C','2015-08-30 19:18:10','2015-08-30 19:18:10'),
	(800,362,382,800,8307,'C','2015-08-30 19:18:10','2015-08-30 19:18:10'),
	(801,362,382,801,8307,'C','2015-08-30 19:18:10','2015-08-30 19:18:10'),
	(802,362,382,802,8307,'C','2015-08-30 19:18:10','2015-08-30 19:18:10'),
	(803,362,382,803,8307,'C','2015-08-30 19:18:10','2015-08-30 19:18:10'),
	(804,362,382,804,8307,'C','2015-08-30 19:18:10','2015-08-30 19:18:10'),
	(805,362,382,805,8307,'C','2015-08-30 19:18:10','2015-08-30 19:18:10'),
	(806,362,382,806,8307,'C','2015-08-30 19:18:10','2015-08-30 19:18:10'),
	(807,362,382,807,8307,'C','2015-08-30 19:18:10','2015-08-30 19:18:10'),
	(808,362,382,808,8307,'C','2015-08-30 19:18:10','2015-08-30 19:18:10'),
	(809,362,382,809,8307,'C','2015-08-30 19:18:10','2015-08-30 19:18:10'),
	(810,362,382,810,8307,'C','2015-08-30 19:18:10','2015-08-30 19:18:10'),
	(811,362,382,811,8307,'C','2015-08-30 19:18:10','2015-08-30 19:18:10'),
	(812,362,382,812,10543.5,'C','2015-08-30 19:18:10','2015-08-30 19:18:10'),
	(813,362,382,813,10543.5,'C','2015-08-30 19:18:10','2015-08-30 19:18:10'),
	(814,362,382,814,10543.5,'C','2015-08-30 19:18:10','2015-08-30 19:18:10'),
	(815,362,382,815,2236.5,'C','2015-08-30 19:18:10','2015-08-30 19:18:10'),
	(816,362,382,816,12780,'C','2015-08-30 19:18:10','2015-08-30 19:18:10'),
	(817,362,382,817,12780,'C','2015-08-30 19:18:10','2015-08-30 19:18:10'),
	(818,362,382,818,12780,'C','2015-08-30 19:18:10','2015-08-30 19:18:10'),
	(819,362,382,819,12780,'C','2015-08-30 19:18:10','2015-08-30 19:18:10'),
	(820,362,382,820,2500,'C','2015-08-30 19:18:10','2015-08-30 19:18:10'),
	(821,362,382,821,2500,'C','2015-08-30 19:18:10','2015-08-30 19:18:10'),
	(822,362,382,822,2500,'C','2015-08-30 19:18:10','2015-08-30 19:18:10'),
	(823,362,382,823,2500,'C','2015-08-30 19:18:10','2015-08-30 19:18:10'),
	(824,365,385,824,12780,'C','2015-08-30 19:18:10','2015-08-30 19:18:10'),
	(825,366,386,825,13140,'C','2015-08-30 19:18:10','2015-08-30 19:18:10'),
	(826,367,387,826,12120,'C','2015-08-30 19:18:10','2015-08-30 19:18:10'),
	(827,369,389,827,10147.5,'C','2015-08-30 19:18:10','2015-08-30 19:18:10'),
	(828,369,389,828,10147.5,'C','2015-08-30 19:18:10','2015-08-30 19:18:10'),
	(829,369,389,829,2152.5,'C','2015-08-30 19:18:10','2015-08-30 19:18:10'),
	(830,369,389,830,12300,'C','2015-08-30 19:18:10','2015-08-30 19:18:10'),
	(831,369,389,831,12300,'C','2015-08-30 19:18:10','2015-08-30 19:18:10'),
	(832,369,389,832,12300,'C','2015-08-30 19:18:10','2015-08-30 19:18:10'),
	(833,369,389,833,12300,'C','2015-08-30 19:18:10','2015-08-30 19:18:10'),
	(834,364,390,834,13018.5,'C','2015-08-30 19:18:10','2015-08-30 19:18:10'),
	(835,364,390,835,13018.5,'C','2015-08-30 19:18:10','2015-08-30 19:18:10'),
	(836,364,390,836,2761.5,'C','2015-08-30 19:18:10','2015-08-30 19:18:10'),
	(837,364,390,837,15780,'C','2015-08-30 19:18:10','2015-08-30 19:18:10'),
	(838,364,390,838,15780,'C','2015-08-30 19:18:10','2015-08-30 19:18:10'),
	(839,364,390,839,15780,'C','2015-08-30 19:18:10','2015-08-30 19:18:10'),
	(840,364,390,840,15780,'C','2015-08-30 19:18:10','2015-08-30 19:18:10'),
	(841,370,391,841,13140,'C','2015-08-30 19:18:10','2015-08-30 19:18:10'),
	(842,371,392,842,8190,'C','2015-08-30 19:18:10','2015-08-30 19:18:10'),
	(843,371,392,843,8190,'C','2015-08-30 19:18:10','2015-08-30 19:18:10'),
	(844,371,392,844,8190,'C','2015-08-30 19:18:10','2015-08-30 19:18:10'),
	(845,371,392,845,8190,'C','2015-08-30 19:18:10','2015-08-30 19:18:10'),
	(846,371,392,846,8190,'C','2015-08-30 19:18:10','2015-08-30 19:18:10'),
	(847,371,392,847,8190,'C','2015-08-30 19:18:10','2015-08-30 19:18:10'),
	(848,371,392,848,8190,'C','2015-08-30 19:18:10','2015-08-30 19:18:10'),
	(849,371,392,849,8190,'C','2015-08-30 19:18:10','2015-08-30 19:18:10'),
	(850,371,392,850,10395,'C','2015-08-30 19:18:10','2015-08-30 19:18:10'),
	(851,371,392,851,10395,'C','2015-08-30 19:18:10','2015-08-30 19:18:10'),
	(852,371,392,852,10395,'C','2015-08-30 19:18:10','2015-08-30 19:18:10'),
	(853,371,392,853,2205,'C','2015-08-30 19:18:10','2015-08-30 19:18:10'),
	(854,371,392,854,12600,'C','2015-08-30 19:18:10','2015-08-30 19:18:10'),
	(855,371,392,855,12600,'C','2015-08-30 19:18:10','2015-08-30 19:18:10'),
	(856,371,392,856,12600,'C','2015-08-30 19:18:10','2015-08-30 19:18:10'),
	(857,371,392,857,12600,'C','2015-08-30 19:18:10','2015-08-30 19:18:10'),
	(858,373,394,858,12120,'C','2015-08-30 19:18:10','2015-08-30 19:18:10'),
	(859,374,395,859,10642.5,'C','2015-08-30 19:18:10','2015-08-30 19:18:10'),
	(860,374,395,860,12900,'C','2015-08-30 19:18:10','2015-08-30 19:18:10'),
	(861,374,395,861,12900,'C','2015-08-30 19:18:10','2015-08-30 19:18:10'),
	(862,374,396,862,2500,'C','2015-08-30 19:18:10','2015-08-30 19:18:10'),
	(863,374,396,863,2500,'C','2015-08-30 19:18:10','2015-08-30 19:18:10'),
	(864,374,396,864,11037,'C','2015-08-30 19:18:10','2015-08-30 19:18:10'),
	(865,374,396,865,11037,'C','2015-08-30 19:18:10','2015-08-30 19:18:10'),
	(866,374,396,866,14008.5,'C','2015-08-30 19:18:10','2015-08-30 19:18:10'),
	(867,374,396,867,16980,'C','2015-08-30 19:18:10','2015-08-30 19:18:10'),
	(868,374,396,868,16980,'C','2015-08-30 19:18:10','2015-08-30 19:18:10'),
	(869,374,400,869,17160,'C','2015-08-30 19:18:10','2015-08-30 19:18:10'),
	(870,379,401,870,12600,'C','2015-08-30 19:18:10','2015-08-30 19:18:10'),
	(871,379,401,871,12600,'C','2015-08-30 19:18:10','2015-08-30 19:18:10'),
	(872,379,402,872,15840,'C','2015-08-30 19:18:10','2015-08-30 19:18:10'),
	(873,379,402,873,15840,'C','2015-08-30 19:18:10','2015-08-30 19:18:10'),
	(874,380,403,874,13440,'C','2015-08-30 19:18:10','2015-08-30 19:18:10'),
	(875,381,404,875,15840,'C','2015-08-30 19:18:10','2015-08-30 19:18:10'),
	(876,6,3,876,200,'C','2015-08-30 19:18:10','2015-08-30 19:18:10'),
	(877,6,3,877,600,'C','2015-08-30 19:18:10','2015-08-30 19:18:10'),
	(878,6,3,878,100,'C','2015-08-30 19:18:10','2015-08-30 19:18:10'),
	(879,6,3,879,290,'C','2015-08-30 19:18:10','2015-08-30 19:18:10'),
	(880,12,10,880,370,'C','2015-08-30 19:18:10','2015-08-30 19:18:10'),
	(881,14,12,881,100,'C','2015-08-30 19:18:10','2015-08-30 19:18:10'),
	(882,15,13,882,400,'C','2015-08-30 19:18:10','2015-08-30 19:18:10'),
	(883,16,14,883,100,'C','2015-08-30 19:18:10','2015-08-30 19:18:10'),
	(884,19,17,884,100,'C','2015-08-30 19:18:10','2015-08-30 19:18:10'),
	(885,21,19,885,250,'C','2015-08-30 19:18:10','2015-08-30 19:18:10'),
	(886,22,20,886,100,'C','2015-08-30 19:18:10','2015-08-30 19:18:10'),
	(887,23,21,887,200,'C','2015-08-30 19:18:10','2015-08-30 19:18:10'),
	(888,23,21,888,900,'C','2015-08-30 19:18:10','2015-08-30 19:18:10'),
	(889,23,21,889,100,'C','2015-08-30 19:18:10','2015-08-30 19:18:10'),
	(890,23,21,890,100,'C','2015-08-30 19:18:10','2015-08-30 19:18:10'),
	(891,25,22,891,180,'C','2015-08-30 19:18:10','2015-08-30 19:18:10'),
	(892,27,24,892,100,'C','2015-08-30 19:18:10','2015-08-30 19:18:10'),
	(893,27,24,893,100,'C','2015-08-30 19:18:10','2015-08-30 19:18:10'),
	(894,27,24,894,100,'C','2015-08-30 19:18:10','2015-08-30 19:18:10'),
	(895,27,24,895,100,'C','2015-08-30 19:18:10','2015-08-30 19:18:10'),
	(896,27,24,896,100,'C','2015-08-30 19:18:10','2015-08-30 19:18:10'),
	(897,27,24,897,100,'C','2015-08-30 19:18:10','2015-08-30 19:18:10'),
	(898,36,33,898,400,'C','2015-08-30 19:18:10','2015-08-30 19:18:10'),
	(899,36,33,899,360,'C','2015-08-30 19:18:10','2015-08-30 19:18:10'),
	(900,36,33,900,200,'C','2015-08-30 19:18:10','2015-08-30 19:18:10'),
	(901,36,33,901,200,'C','2015-08-30 19:18:10','2015-08-30 19:18:10'),
	(902,39,35,902,600,'C','2015-08-30 19:18:10','2015-08-30 19:18:10'),
	(903,49,46,903,200,'C','2015-08-30 19:18:10','2015-08-30 19:18:10'),
	(904,49,46,904,100,'C','2015-08-30 19:18:10','2015-08-30 19:18:10'),
	(905,51,48,905,380,'C','2015-08-30 19:18:10','2015-08-30 19:18:10'),
	(906,51,48,906,100,'C','2015-08-30 19:18:10','2015-08-30 19:18:10'),
	(907,51,48,907,400,'C','2015-08-30 19:18:10','2015-08-30 19:18:10'),
	(908,53,49,908,100,'C','2015-08-30 19:18:10','2015-08-30 19:18:10'),
	(909,53,49,909,350,'C','2015-08-30 19:18:10','2015-08-30 19:18:10'),
	(910,53,49,910,100,'C','2015-08-30 19:18:10','2015-08-30 19:18:10'),
	(911,53,49,911,100,'C','2015-08-30 19:18:10','2015-08-30 19:18:10'),
	(912,53,49,912,100,'C','2015-08-30 19:18:10','2015-08-30 19:18:10'),
	(913,53,49,913,100,'C','2015-08-30 19:18:10','2015-08-30 19:18:10'),
	(914,53,49,914,150,'C','2015-08-30 19:18:10','2015-08-30 19:18:10'),
	(915,53,49,915,100,'C','2015-08-30 19:18:10','2015-08-30 19:18:10'),
	(916,53,49,916,200,'C','2015-08-30 19:18:10','2015-08-30 19:18:10'),
	(917,53,49,917,100,'C','2015-08-30 19:18:10','2015-08-30 19:18:10'),
	(918,57,53,918,60,'C','2015-08-30 19:18:10','2015-08-30 19:18:10'),
	(919,57,53,919,120,'C','2015-08-30 19:18:10','2015-08-30 19:18:10'),
	(920,61,56,920,510,'C','2015-08-30 19:18:10','2015-08-30 19:18:10'),
	(921,62,57,921,460,'C','2015-08-30 19:18:10','2015-08-30 19:18:10'),
	(922,66,60,922,200,'C','2015-08-30 19:18:10','2015-08-30 19:18:10'),
	(923,66,60,923,200,'C','2015-08-30 19:18:10','2015-08-30 19:18:10'),
	(924,66,60,924,200,'C','2015-08-30 19:18:10','2015-08-30 19:18:10'),
	(925,71,65,925,1600,'C','2015-08-30 19:18:10','2015-08-30 19:18:10'),
	(926,71,65,926,100,'C','2015-08-30 19:18:10','2015-08-30 19:18:10'),
	(927,71,65,927,100,'C','2015-08-30 19:18:10','2015-08-30 19:18:10'),
	(928,71,65,928,100,'C','2015-08-30 19:18:10','2015-08-30 19:18:10'),
	(929,71,65,929,100,'C','2015-08-30 19:18:10','2015-08-30 19:18:10'),
	(930,71,65,930,100,'C','2015-08-30 19:18:10','2015-08-30 19:18:10'),
	(931,71,65,931,200,'C','2015-08-30 19:18:10','2015-08-30 19:18:10'),
	(932,75,69,932,390,'C','2015-08-30 19:18:10','2015-08-30 19:18:10'),
	(933,75,69,933,880,'C','2015-08-30 19:18:10','2015-08-30 19:18:10'),
	(934,75,69,934,260,'C','2015-08-30 19:18:10','2015-08-30 19:18:10'),
	(935,75,69,935,64,'C','2015-08-30 19:18:10','2015-08-30 19:18:10'),
	(936,77,70,936,200,'C','2015-08-30 19:18:10','2015-08-30 19:18:10'),
	(937,77,70,937,200,'C','2015-08-30 19:18:10','2015-08-30 19:18:10'),
	(938,77,70,938,100,'C','2015-08-30 19:18:10','2015-08-30 19:18:10'),
	(939,77,70,939,100,'C','2015-08-30 19:18:10','2015-08-30 19:18:10'),
	(940,77,70,940,620,'C','2015-08-30 19:18:10','2015-08-30 19:18:10'),
	(941,78,71,941,230,'C','2015-08-30 19:18:10','2015-08-30 19:18:10'),
	(942,78,71,942,280,'C','2015-08-30 19:18:10','2015-08-30 19:18:10'),
	(943,78,71,943,250,'C','2015-08-30 19:18:10','2015-08-30 19:18:10'),
	(944,78,71,944,250,'C','2015-08-30 19:18:10','2015-08-30 19:18:10'),
	(945,78,71,945,260,'C','2015-08-30 19:18:10','2015-08-30 19:18:10'),
	(946,79,72,946,1800,'C','2015-08-30 19:18:10','2015-08-30 19:18:10'),
	(947,80,73,947,120,'C','2015-08-30 19:18:10','2015-08-30 19:18:10'),
	(948,80,73,948,100,'C','2015-08-30 19:18:10','2015-08-30 19:18:10'),
	(949,80,73,949,200,'C','2015-08-30 19:18:10','2015-08-30 19:18:10'),
	(950,80,73,950,100,'C','2015-08-30 19:18:10','2015-08-30 19:18:10'),
	(951,80,73,951,100,'C','2015-08-30 19:18:10','2015-08-30 19:18:10'),
	(952,80,73,952,200,'C','2015-08-30 19:18:10','2015-08-30 19:18:10'),
	(953,80,73,953,200,'C','2015-08-30 19:18:10','2015-08-30 19:18:10'),
	(954,80,73,954,200,'C','2015-08-30 19:18:10','2015-08-30 19:18:10'),
	(955,85,77,955,60,'C','2015-08-30 19:18:10','2015-08-30 19:18:10'),
	(956,85,77,956,200,'C','2015-08-30 19:18:10','2015-08-30 19:18:10'),
	(957,85,77,957,220,'C','2015-08-30 19:18:10','2015-08-30 19:18:10'),
	(958,82,74,958,10,'C','2015-08-30 19:18:10','2015-08-30 19:18:10'),
	(959,82,74,959,2160,'C','2015-08-30 19:18:10','2015-08-30 19:18:10'),
	(960,82,74,960,4660,'C','2015-08-30 19:18:10','2015-08-30 19:18:10'),
	(961,82,74,961,1200,'C','2015-08-30 19:18:10','2015-08-30 19:18:10'),
	(962,82,74,962,100,'C','2015-08-30 19:18:10','2015-08-30 19:18:10'),
	(963,82,74,963,340,'C','2015-08-30 19:18:10','2015-08-30 19:18:10'),
	(964,82,74,964,450,'C','2015-08-30 19:18:10','2015-08-30 19:18:10'),
	(965,82,74,965,200,'C','2015-08-30 19:18:10','2015-08-30 19:18:10'),
	(966,83,75,966,200,'C','2015-08-30 19:18:10','2015-08-30 19:18:10'),
	(967,83,75,967,200,'C','2015-08-30 19:18:10','2015-08-30 19:18:10'),
	(968,83,75,968,200,'C','2015-08-30 19:18:10','2015-08-30 19:18:10'),
	(969,83,75,969,400,'C','2015-08-30 19:18:10','2015-08-30 19:18:10'),
	(970,83,75,970,300,'C','2015-08-30 19:18:10','2015-08-30 19:18:10'),
	(971,83,75,971,1200,'C','2015-08-30 19:18:10','2015-08-30 19:18:10'),
	(972,83,75,972,100,'C','2015-08-30 19:18:10','2015-08-30 19:18:10'),
	(973,83,75,973,200,'C','2015-08-30 19:18:10','2015-08-30 19:18:10'),
	(974,83,75,974,200,'C','2015-08-30 19:18:10','2015-08-30 19:18:10'),
	(975,83,75,975,100,'C','2015-08-30 19:18:10','2015-08-30 19:18:10'),
	(976,83,75,976,400,'C','2015-08-30 19:18:10','2015-08-30 19:18:10'),
	(977,83,75,977,100,'C','2015-08-30 19:18:10','2015-08-30 19:18:10'),
	(978,83,75,978,100,'C','2015-08-30 19:18:10','2015-08-30 19:18:10'),
	(979,83,75,979,100,'C','2015-08-30 19:18:10','2015-08-30 19:18:10'),
	(980,83,75,980,200,'C','2015-08-30 19:18:10','2015-08-30 19:18:10'),
	(981,83,75,981,100,'C','2015-08-30 19:18:10','2015-08-30 19:18:10'),
	(982,83,75,982,200,'C','2015-08-30 19:18:10','2015-08-30 19:18:10'),
	(983,83,75,983,600,'C','2015-08-30 19:18:10','2015-08-30 19:18:10'),
	(984,83,75,984,200,'C','2015-08-30 19:18:10','2015-08-30 19:18:10'),
	(985,83,75,985,340,'C','2015-08-30 19:18:10','2015-08-30 19:18:10'),
	(986,83,75,986,100,'C','2015-08-30 19:18:10','2015-08-30 19:18:10'),
	(987,83,75,987,100,'C','2015-08-30 19:18:10','2015-08-30 19:18:10'),
	(988,83,75,988,100,'C','2015-08-30 19:18:10','2015-08-30 19:18:10'),
	(989,83,75,989,300,'C','2015-08-30 19:18:10','2015-08-30 19:18:10'),
	(990,83,75,990,1210,'C','2015-08-30 19:18:10','2015-08-30 19:18:10'),
	(991,83,75,991,600,'C','2015-08-30 19:18:10','2015-08-30 19:18:10'),
	(992,83,75,992,100,'C','2015-08-30 19:18:10','2015-08-30 19:18:10'),
	(993,83,75,993,340,'C','2015-08-30 19:18:10','2015-08-30 19:18:10'),
	(994,83,75,994,100,'C','2015-08-30 19:18:10','2015-08-30 19:18:10'),
	(995,83,75,995,200,'C','2015-08-30 19:18:10','2015-08-30 19:18:10'),
	(996,83,75,996,100,'C','2015-08-30 19:18:10','2015-08-30 19:18:10'),
	(997,94,85,997,500,'C','2015-08-30 19:18:10','2015-08-30 19:18:10'),
	(998,94,85,998,280,'C','2015-08-30 19:18:10','2015-08-30 19:18:10'),
	(999,94,85,999,400,'C','2015-08-30 19:18:10','2015-08-30 19:18:10'),
	(1000,94,85,1000,370,'C','2015-08-30 19:18:10','2015-08-30 19:18:10'),
	(1001,94,85,1001,340,'C','2015-08-30 19:18:10','2015-08-30 19:18:10'),
	(1002,94,85,1002,240,'C','2015-08-30 19:18:10','2015-08-30 19:18:10'),
	(1003,94,85,1003,400,'C','2015-08-30 19:18:10','2015-08-30 19:18:10'),
	(1004,96,87,1004,100,'C','2015-08-30 19:18:10','2015-08-30 19:18:10'),
	(1005,96,87,1005,100,'C','2015-08-30 19:18:10','2015-08-30 19:18:10'),
	(1006,96,87,1006,200,'C','2015-08-30 19:18:10','2015-08-30 19:18:10'),
	(1007,100,91,1007,100,'C','2015-08-30 19:18:10','2015-08-30 19:18:10'),
	(1008,100,91,1008,100,'C','2015-08-30 19:18:10','2015-08-30 19:18:10'),
	(1009,106,97,1009,340,'C','2015-08-30 19:18:10','2015-08-30 19:18:10'),
	(1010,111,102,1010,270,'C','2015-08-30 19:18:10','2015-08-30 19:18:10'),
	(1011,117,108,1011,650,'C','2015-08-30 19:18:10','2015-08-30 19:18:10'),
	(1012,123,117,1012,200,'C','2015-08-30 19:18:10','2015-08-30 19:18:10'),
	(1013,123,117,1013,510,'C','2015-08-30 19:18:10','2015-08-30 19:18:10'),
	(1014,123,117,1014,340,'C','2015-08-30 19:18:10','2015-08-30 19:18:10'),
	(1015,123,117,1015,100,'C','2015-08-30 19:18:10','2015-08-30 19:18:10'),
	(1016,123,117,1016,530,'C','2015-08-30 19:18:10','2015-08-30 19:18:10'),
	(1017,123,117,1017,510,'C','2015-08-30 19:18:10','2015-08-30 19:18:10'),
	(1018,123,117,1018,510,'C','2015-08-30 19:18:10','2015-08-30 19:18:10'),
	(1019,123,117,1019,490,'C','2015-08-30 19:18:10','2015-08-30 19:18:10'),
	(1020,123,117,1020,340,'C','2015-08-30 19:18:10','2015-08-30 19:18:10'),
	(1021,123,117,1021,670,'C','2015-08-30 19:18:10','2015-08-30 19:18:10'),
	(1022,129,124,1022,100,'C','2015-08-30 19:18:10','2015-08-30 19:18:10'),
	(1023,129,124,1023,100,'C','2015-08-30 19:18:10','2015-08-30 19:18:10'),
	(1024,129,124,1024,470,'C','2015-08-30 19:18:10','2015-08-30 19:18:10'),
	(1025,131,125,1025,200,'C','2015-08-30 19:18:10','2015-08-30 19:18:10'),
	(1026,131,125,1026,350,'C','2015-08-30 19:18:10','2015-08-30 19:18:10'),
	(1027,132,126,1027,340,'C','2015-08-30 19:18:10','2015-08-30 19:18:10'),
	(1028,134,128,1028,796.25,'C','2015-08-30 19:18:10','2015-08-30 19:18:10'),
	(1029,134,128,1029,380,'C','2015-08-30 19:18:10','2015-08-30 19:18:10'),
	(1030,134,128,1030,100,'C','2015-08-30 19:18:10','2015-08-30 19:18:10'),
	(1031,134,128,1031,1800,'C','2015-08-30 19:18:10','2015-08-30 19:18:10'),
	(1032,134,128,1032,100,'C','2015-08-30 19:18:10','2015-08-30 19:18:10'),
	(1033,134,128,1033,100,'C','2015-08-30 19:18:10','2015-08-30 19:18:10'),
	(1034,134,128,1034,100,'C','2015-08-30 19:18:10','2015-08-30 19:18:10'),
	(1035,134,128,1035,300,'C','2015-08-30 19:18:10','2015-08-30 19:18:10'),
	(1036,135,129,1036,200,'C','2015-08-30 19:18:10','2015-08-30 19:18:10'),
	(1037,138,131,1037,280,'C','2015-08-30 19:18:10','2015-08-30 19:18:10'),
	(1038,141,134,1038,200,'C','2015-08-30 19:18:10','2015-08-30 19:18:10'),
	(1039,141,134,1039,100,'C','2015-08-30 19:18:10','2015-08-30 19:18:10'),
	(1040,141,134,1040,100,'C','2015-08-30 19:18:10','2015-08-30 19:18:10'),
	(1041,143,136,1041,100,'C','2015-08-30 19:18:10','2015-08-30 19:18:10'),
	(1042,143,136,1042,350,'C','2015-08-30 19:18:10','2015-08-30 19:18:10'),
	(1043,146,139,1043,200,'C','2015-08-30 19:18:10','2015-08-30 19:18:10'),
	(1044,146,139,1044,200,'C','2015-08-30 19:18:10','2015-08-30 19:18:10'),
	(1045,151,145,1045,410,'C','2015-08-30 19:18:10','2015-08-30 19:18:10'),
	(1046,151,145,1046,100,'C','2015-08-30 19:18:10','2015-08-30 19:18:10'),
	(1047,153,147,1047,100,'C','2015-08-30 19:18:10','2015-08-30 19:18:10'),
	(1048,153,147,1048,100,'C','2015-08-30 19:18:10','2015-08-30 19:18:10'),
	(1049,153,147,1049,200,'C','2015-08-30 19:18:10','2015-08-30 19:18:10'),
	(1050,153,147,1050,200,'C','2015-08-30 19:18:10','2015-08-30 19:18:10'),
	(1051,153,147,1051,470,'C','2015-08-30 19:18:10','2015-08-30 19:18:10'),
	(1052,154,148,1052,2850,'C','2015-08-30 19:18:10','2015-08-30 19:18:10'),
	(1053,158,152,1053,270,'C','2015-08-30 19:18:10','2015-08-30 19:18:10'),
	(1054,158,152,1054,270,'C','2015-08-30 19:18:10','2015-08-30 19:18:10'),
	(1055,158,152,1055,200,'C','2015-08-30 19:18:10','2015-08-30 19:18:10'),
	(1056,158,152,1056,390,'C','2015-08-30 19:18:10','2015-08-30 19:18:10'),
	(1057,158,152,1057,380,'C','2015-08-30 19:18:10','2015-08-30 19:18:10'),
	(1058,158,152,1058,380,'C','2015-08-30 19:18:10','2015-08-30 19:18:10'),
	(1059,158,152,1059,300,'C','2015-08-30 19:18:10','2015-08-30 19:18:10'),
	(1060,158,152,1060,200,'C','2015-08-30 19:18:10','2015-08-30 19:18:10'),
	(1061,158,152,1061,100,'C','2015-08-30 19:18:10','2015-08-30 19:18:10'),
	(1062,158,152,1062,200,'C','2015-08-30 19:18:10','2015-08-30 19:18:10'),
	(1063,158,152,1063,390,'C','2015-08-30 19:18:10','2015-08-30 19:18:10'),
	(1064,160,153,1064,100,'C','2015-08-30 19:18:10','2015-08-30 19:18:10'),
	(1065,160,153,1065,360,'C','2015-08-30 19:18:10','2015-08-30 19:18:10'),
	(1066,165,157,1066,100,'C','2015-08-30 19:18:10','2015-08-30 19:18:10'),
	(1067,167,159,1067,390,'C','2015-08-30 19:18:10','2015-08-30 19:18:10'),
	(1068,172,165,1068,450,'C','2015-08-30 19:18:10','2015-08-30 19:18:10'),
	(1069,172,165,1069,320,'C','2015-08-30 19:18:10','2015-08-30 19:18:10'),
	(1070,172,165,1070,200,'C','2015-08-30 19:18:10','2015-08-30 19:18:10'),
	(1071,177,172,1071,380,'C','2015-08-30 19:18:10','2015-08-30 19:18:10'),
	(1072,177,172,1072,550,'C','2015-08-30 19:18:10','2015-08-30 19:18:10'),
	(1073,179,173,1073,200,'C','2015-08-30 19:18:10','2015-08-30 19:18:10'),
	(1074,179,173,1074,480,'C','2015-08-30 19:18:10','2015-08-30 19:18:10'),
	(1075,181,175,1075,100,'C','2015-08-30 19:18:10','2015-08-30 19:18:10'),
	(1076,181,175,1076,420,'C','2015-08-30 19:18:10','2015-08-30 19:18:10'),
	(1077,181,175,1077,450,'C','2015-08-30 19:18:10','2015-08-30 19:18:10'),
	(1078,181,175,1078,100,'C','2015-08-30 19:18:10','2015-08-30 19:18:10'),
	(1079,182,176,1079,100,'C','2015-08-30 19:18:10','2015-08-30 19:18:10'),
	(1080,182,176,1080,100,'C','2015-08-30 19:18:10','2015-08-30 19:18:10'),
	(1081,182,176,1081,100,'C','2015-08-30 19:18:10','2015-08-30 19:18:10'),
	(1082,182,176,1082,600,'C','2015-08-30 19:18:10','2015-08-30 19:18:10'),
	(1083,182,176,1083,100,'C','2015-08-30 19:18:10','2015-08-30 19:18:10'),
	(1084,182,176,1084,200,'C','2015-08-30 19:18:10','2015-08-30 19:18:10'),
	(1085,182,176,1085,200,'C','2015-08-30 19:18:10','2015-08-30 19:18:10'),
	(1086,182,176,1086,200,'C','2015-08-30 19:18:10','2015-08-30 19:18:10'),
	(1087,182,176,1087,200,'C','2015-08-30 19:18:10','2015-08-30 19:18:10'),
	(1088,182,176,1088,100,'C','2015-08-30 19:18:10','2015-08-30 19:18:10'),
	(1089,183,177,1089,100,'C','2015-08-30 19:18:10','2015-08-30 19:18:10'),
	(1090,183,177,1090,100,'C','2015-08-30 19:18:10','2015-08-30 19:18:10'),
	(1091,184,178,1091,100,'C','2015-08-30 19:18:10','2015-08-30 19:18:10'),
	(1092,187,180,1092,100,'C','2015-08-30 19:18:10','2015-08-30 19:18:10'),
	(1093,187,180,1093,1600,'C','2015-08-30 19:18:10','2015-08-30 19:18:10'),
	(1094,187,180,1094,100,'C','2015-08-30 19:18:10','2015-08-30 19:18:10'),
	(1095,191,184,1095,530,'C','2015-08-30 19:18:10','2015-08-30 19:18:10'),
	(1096,191,184,1096,470,'C','2015-08-30 19:18:10','2015-08-30 19:18:10'),
	(1097,191,184,1097,200,'C','2015-08-30 19:18:10','2015-08-30 19:18:10'),
	(1098,191,184,1098,480,'C','2015-08-30 19:18:10','2015-08-30 19:18:10'),
	(1099,194,187,1099,100,'C','2015-08-30 19:18:10','2015-08-30 19:18:10'),
	(1100,198,191,1100,200,'C','2015-08-30 19:18:10','2015-08-30 19:18:10'),
	(1101,198,191,1101,200,'C','2015-08-30 19:18:10','2015-08-30 19:18:10'),
	(1102,198,191,1102,340,'C','2015-08-30 19:18:10','2015-08-30 19:18:10'),
	(1103,198,191,1103,100,'C','2015-08-30 19:18:10','2015-08-30 19:18:10'),
	(1104,198,191,1104,240,'C','2015-08-30 19:18:10','2015-08-30 19:18:10'),
	(1105,198,191,1105,240,'C','2015-08-30 19:18:10','2015-08-30 19:18:10'),
	(1106,201,194,1106,300,'C','2015-08-30 19:18:10','2015-08-30 19:18:10'),
	(1107,216,211,1107,100,'C','2015-08-30 19:18:10','2015-08-30 19:18:10'),
	(1108,216,211,1108,100,'C','2015-08-30 19:18:10','2015-08-30 19:18:10'),
	(1109,216,211,1109,200,'C','2015-08-30 19:18:10','2015-08-30 19:18:10'),
	(1110,216,211,1110,100,'C','2015-08-30 19:18:10','2015-08-30 19:18:10'),
	(1111,220,216,1111,730,'C','2015-08-30 19:18:10','2015-08-30 19:18:10'),
	(1112,222,219,1112,620,'C','2015-08-30 19:18:10','2015-08-30 19:18:10'),
	(1113,222,219,1113,200,'C','2015-08-30 19:18:10','2015-08-30 19:18:10'),
	(1114,222,219,1114,400,'C','2015-08-30 19:18:10','2015-08-30 19:18:10'),
	(1115,222,219,1115,100,'C','2015-08-30 19:18:10','2015-08-30 19:18:10'),
	(1116,222,219,1116,200,'C','2015-08-30 19:18:10','2015-08-30 19:18:10'),
	(1117,223,220,1117,1200,'C','2015-08-30 19:18:10','2015-08-30 19:18:10'),
	(1118,224,221,1118,200,'C','2015-08-30 19:18:10','2015-08-30 19:18:10'),
	(1119,224,221,1119,200,'C','2015-08-30 19:18:10','2015-08-30 19:18:10'),
	(1120,226,223,1120,150,'C','2015-08-30 19:18:10','2015-08-30 19:18:10'),
	(1121,226,223,1121,100,'C','2015-08-30 19:18:10','2015-08-30 19:18:10'),
	(1122,226,223,1122,100,'C','2015-08-30 19:18:10','2015-08-30 19:18:10'),
	(1123,226,223,1123,200,'C','2015-08-30 19:18:10','2015-08-30 19:18:10'),
	(1124,226,223,1124,880,'C','2015-08-30 19:18:10','2015-08-30 19:18:10'),
	(1125,226,223,1125,400,'C','2015-08-30 19:18:10','2015-08-30 19:18:10'),
	(1126,226,223,1126,200,'C','2015-08-30 19:18:10','2015-08-30 19:18:10'),
	(1127,231,228,1127,100,'C','2015-08-30 19:18:10','2015-08-30 19:18:10'),
	(1128,231,228,1128,100,'C','2015-08-30 19:18:10','2015-08-30 19:18:10'),
	(1129,231,228,1129,100,'C','2015-08-30 19:18:10','2015-08-30 19:18:10'),
	(1130,231,228,1130,100,'C','2015-08-30 19:18:10','2015-08-30 19:18:10'),
	(1131,231,228,1131,300,'C','2015-08-30 19:18:10','2015-08-30 19:18:10'),
	(1132,231,228,1132,100,'C','2015-08-30 19:18:10','2015-08-30 19:18:10'),
	(1133,231,228,1133,100,'C','2015-08-30 19:18:10','2015-08-30 19:18:10'),
	(1134,231,228,1134,100,'C','2015-08-30 19:18:10','2015-08-30 19:18:10'),
	(1135,237,235,1135,460,'C','2015-08-30 19:18:10','2015-08-30 19:18:10'),
	(1136,242,241,1136,640,'C','2015-08-30 19:18:10','2015-08-30 19:18:10'),
	(1137,248,247,1137,900,'C','2015-08-30 19:18:10','2015-08-30 19:18:10'),
	(1138,254,254,1138,980,'C','2015-08-30 19:18:10','2015-08-30 19:18:10'),
	(1139,254,254,1139,2610,'C','2015-08-30 19:18:10','2015-08-30 19:18:10'),
	(1140,254,254,1140,3320,'C','2015-08-30 19:18:10','2015-08-30 19:18:10'),
	(1141,254,254,1141,3920,'C','2015-08-30 19:18:10','2015-08-30 19:18:10'),
	(1142,254,254,1142,5020,'C','2015-08-30 19:18:10','2015-08-30 19:18:10'),
	(1143,254,254,1143,2320,'C','2015-08-30 19:18:10','2015-08-30 19:18:10'),
	(1144,254,254,1144,3770,'C','2015-08-30 19:18:10','2015-08-30 19:18:10'),
	(1145,254,254,1145,3820,'C','2015-08-30 19:18:10','2015-08-30 19:18:10'),
	(1146,254,254,1146,620,'C','2015-08-30 19:18:10','2015-08-30 19:18:10'),
	(1147,254,254,1147,4280,'C','2015-08-30 19:18:10','2015-08-30 19:18:10'),
	(1148,254,254,1148,400,'C','2015-08-30 19:18:10','2015-08-30 19:18:10'),
	(1149,254,254,1149,5200,'C','2015-08-30 19:18:10','2015-08-30 19:18:10'),
	(1150,254,254,1150,400,'C','2015-08-30 19:18:10','2015-08-30 19:18:10'),
	(1151,254,254,1151,4060,'C','2015-08-30 19:18:10','2015-08-30 19:18:10'),
	(1152,254,254,1152,3600,'C','2015-08-30 19:18:10','2015-08-30 19:18:10'),
	(1153,254,254,1153,400,'C','2015-08-30 19:18:10','2015-08-30 19:18:10'),
	(1154,254,254,1154,600,'C','2015-08-30 19:18:10','2015-08-30 19:18:10'),
	(1155,254,254,1155,600,'C','2015-08-30 19:18:10','2015-08-30 19:18:10'),
	(1156,254,254,1156,600,'C','2015-08-30 19:18:10','2015-08-30 19:18:10'),
	(1157,254,254,1157,600,'C','2015-08-30 19:18:10','2015-08-30 19:18:10'),
	(1158,254,254,1158,100,'C','2015-08-30 19:18:10','2015-08-30 19:18:10'),
	(1159,254,254,1159,360,'C','2015-08-30 19:18:10','2015-08-30 19:18:10'),
	(1160,254,254,1160,100,'C','2015-08-30 19:18:10','2015-08-30 19:18:10'),
	(1161,254,254,1161,100,'C','2015-08-30 19:18:10','2015-08-30 19:18:10'),
	(1162,254,254,1162,100,'C','2015-08-30 19:18:10','2015-08-30 19:18:10'),
	(1163,254,254,1163,100,'C','2015-08-30 19:18:10','2015-08-30 19:18:10'),
	(1164,264,270,1164,100,'C','2015-08-30 19:18:10','2015-08-30 19:18:10'),
	(1165,264,270,1165,200,'C','2015-08-30 19:18:10','2015-08-30 19:18:10'),
	(1166,264,270,1166,100,'C','2015-08-30 19:18:10','2015-08-30 19:18:10'),
	(1167,274,281,1167,250,'C','2015-08-30 19:18:10','2015-08-30 19:18:10'),
	(1168,274,281,1168,100,'C','2015-08-30 19:18:10','2015-08-30 19:18:10'),
	(1169,274,281,1169,240,'C','2015-08-30 19:18:10','2015-08-30 19:18:10'),
	(1170,274,281,1170,250,'C','2015-08-30 19:18:10','2015-08-30 19:18:10'),
	(1171,284,292,1171,250,'C','2015-08-30 19:18:10','2015-08-30 19:18:10'),
	(1172,290,298,1172,100,'C','2015-08-30 19:18:10','2015-08-30 19:18:10'),
	(1173,292,300,1173,100,'C','2015-08-30 19:18:10','2015-08-30 19:18:10'),
	(1174,302,313,1174,200,'C','2015-08-30 19:18:10','2015-08-30 19:18:10'),
	(1175,306,316,1175,200,'C','2015-08-30 19:18:10','2015-08-30 19:18:10'),
	(1176,311,321,1176,200,'C','2015-08-30 19:18:10','2015-08-30 19:18:10'),
	(1177,311,321,1177,620,'C','2015-08-30 19:18:10','2015-08-30 19:18:10'),
	(1178,312,322,1178,350,'C','2015-08-30 19:18:10','2015-08-30 19:18:10'),
	(1179,255,257,1179,100,'C','2015-08-30 19:18:10','2015-08-30 19:18:10'),
	(1180,328,343,1180,100,'C','2015-08-30 19:18:10','2015-08-30 19:18:10'),
	(1181,331,346,1181,100,'C','2015-08-30 19:18:10','2015-08-30 19:18:10'),
	(1182,331,346,1182,200,'C','2015-08-30 19:18:10','2015-08-30 19:18:10'),
	(1183,331,346,1183,100,'C','2015-08-30 19:18:10','2015-08-30 19:18:10'),
	(1184,341,357,1184,100,'C','2015-08-30 19:18:10','2015-08-30 19:18:10'),
	(1185,341,357,1185,200,'C','2015-08-30 19:18:10','2015-08-30 19:18:10'),
	(1186,341,357,1186,100,'C','2015-08-30 19:18:10','2015-08-30 19:18:10'),
	(1187,341,357,1187,200,'C','2015-08-30 19:18:10','2015-08-30 19:18:10'),
	(1188,342,358,1188,100,'C','2015-08-30 19:18:10','2015-08-30 19:18:10'),
	(1189,342,358,1189,1200,'C','2015-08-30 19:18:10','2015-08-30 19:18:10'),
	(1190,345,361,1190,1200,'C','2015-08-30 19:18:10','2015-08-30 19:18:10'),
	(1191,354,372,1191,620,'C','2015-08-30 19:18:10','2015-08-30 19:18:10'),
	(1192,354,372,1192,100,'C','2015-08-30 19:18:10','2015-08-30 19:18:10'),
	(1193,354,372,1193,300,'C','2015-08-30 19:18:10','2015-08-30 19:18:10'),
	(1194,357,377,1194,200,'C','2015-08-30 19:18:10','2015-08-30 19:18:10'),
	(1195,366,386,1195,100,'C','2015-08-30 19:18:10','2015-08-30 19:18:10'),
	(1196,374,400,1196,200,'C','2015-08-30 19:18:10','2015-08-30 19:18:10'),
	(1198,7,4,0,-2000,'D','2015-08-30 19:44:17','2015-08-30 19:44:17'),
	(1199,30,27,0,-23.02,'D','2015-08-30 19:44:17','2015-08-30 19:44:17'),
	(1200,35,32,0,-140,'D','2015-08-30 19:44:17','2015-08-30 19:44:17'),
	(1201,45,42,0,-14100,'D','2015-08-30 19:44:17','2015-08-30 19:44:17'),
	(1202,65,60,0,-47,'D','2015-08-30 19:44:17','2015-08-30 19:44:17'),
	(1203,65,60,0,-16020,'D','2015-08-30 19:44:17','2015-08-30 19:44:17'),
	(1204,72,66,0,-14700,'D','2015-08-30 19:44:17','2015-08-30 19:44:17'),
	(1205,86,78,0,-17880,'D','2015-08-30 19:44:17','2015-08-30 19:44:17'),
	(1206,97,88,0,-19080,'D','2015-08-30 19:44:17','2015-08-30 19:44:17'),
	(1207,147,140,0,-21660,'D','2015-08-30 19:44:17','2015-08-30 19:44:17'),
	(1208,147,140,0,-227.43,'D','2015-08-30 19:44:17','2015-08-30 19:44:17'),
	(1209,152,146,0,-13860,'D','2015-08-30 19:44:17','2015-08-30 19:44:17'),
	(1210,152,146,0,-145.53,'D','2015-08-30 19:44:17','2015-08-30 19:44:17'),
	(1211,158,152,0,-17460,'D','2015-08-30 19:44:17','2015-08-30 19:44:17'),
	(1212,160,153,0,-14340,'D','2015-08-30 19:44:17','2015-08-30 19:44:17'),
	(1213,164,156,0,-21660,'D','2015-08-30 19:44:17','2015-08-30 19:44:17'),
	(1214,180,174,0,-12660,'D','2015-08-30 19:44:17','2015-08-30 19:44:17'),
	(1215,212,207,0,-12480,'D','2015-08-30 19:44:17','2015-08-30 19:44:17'),
	(1216,214,209,0,-13920,'D','2015-08-30 19:44:17','2015-08-30 19:44:17'),
	(1217,225,222,0,-17892.2,'D','2015-08-30 19:44:17','2015-08-30 19:44:17'),
	(1218,230,227,0,-22641,'D','2015-08-30 19:44:17','2015-08-30 19:44:17'),
	(1219,239,237,0,-12900,'D','2015-08-30 19:44:17','2015-08-30 19:44:17'),
	(1220,240,238,0,-12370,'D','2015-08-30 19:44:17','2015-08-30 19:44:17'),
	(1221,240,240,0,-12240,'D','2015-08-30 19:44:17','2015-08-30 19:44:17'),
	(1222,240,239,0,-12780,'D','2015-08-30 19:44:17','2015-08-30 19:44:17'),
	(1223,244,243,0,-14940,'D','2015-08-30 19:44:17','2015-08-30 19:44:17'),
	(1224,250,250,0,-15780,'D','2015-08-30 19:44:17','2015-08-30 19:44:17'),
	(1225,262,267,0,-13620,'D','2015-08-30 19:44:17','2015-08-30 19:44:17'),
	(1226,262,268,0,-13620,'D','2015-08-30 19:44:17','2015-08-30 19:44:17'),
	(1227,263,269,0,-14580,'D','2015-08-30 19:44:17','2015-08-30 19:44:17'),
	(1228,268,275,0,-12240,'D','2015-08-30 19:44:17','2015-08-30 19:44:17'),
	(1229,269,276,0,54.97,'C','2015-08-30 19:44:17','2015-08-30 19:44:17'),
	(1230,273,280,0,-17040,'D','2015-08-30 19:44:17','2015-08-30 19:44:17'),
	(1231,273,280,0,-17040,'D','2015-08-30 19:44:17','2015-08-30 19:44:17'),
	(1232,276,283,0,-18000,'D','2015-08-30 19:44:17','2015-08-30 19:44:17'),
	(1233,280,287,0,-14460,'D','2015-08-30 19:44:17','2015-08-30 19:44:17'),
	(1234,285,293,0,-15740,'D','2015-08-30 19:44:17','2015-08-30 19:44:17'),
	(1235,288,296,0,-14700,'D','2015-08-30 19:44:17','2015-08-30 19:44:17'),
	(1236,289,297,0,-17160,'D','2015-08-30 19:44:17','2015-08-30 19:44:17'),
	(1237,294,303,0,-12120,'D','2015-08-30 19:44:17','2015-08-30 19:44:17'),
	(1238,294,303,0,-127.26,'D','2015-08-30 19:44:17','2015-08-30 19:44:17'),
	(1239,296,305,0,-12180,'D','2015-08-30 19:44:17','2015-08-30 19:44:17'),
	(1240,318,330,0,-15480,'D','2015-08-30 19:44:17','2015-08-30 19:44:17'),
	(1241,318,331,0,-12240,'D','2015-08-30 19:44:17','2015-08-30 19:44:17'),
	(1242,321,334,0,-128.52,'D','2015-08-30 19:44:17','2015-08-30 19:44:17'),
	(1243,321,334,0,-12240,'D','2015-08-30 19:44:17','2015-08-30 19:44:17'),
	(1244,329,344,0,-14940,'D','2015-08-30 19:44:17','2015-08-30 19:44:17'),
	(1245,330,345,0,-13080,'D','2015-08-30 19:44:17','2015-08-30 19:44:17'),
	(1246,346,362,0,-11540,'D','2015-08-30 19:44:17','2015-08-30 19:44:17'),
	(1247,348,364,0,-12180,'D','2015-08-30 19:44:17','2015-08-30 19:44:17'),
	(1248,349,365,0,-10186,'D','2015-08-30 19:44:17','2015-08-30 19:44:17'),
	(1249,350,366,0,-12792.93,'D','2015-08-30 19:44:17','2015-08-30 19:44:17'),
	(1250,363,383,0,-10940,'D','2015-08-30 19:44:17','2015-08-30 19:44:17'),
	(1251,375,397,0,-12720,'D','2015-08-30 19:44:17','2015-08-30 19:44:17'),
	(1252,376,398,0,-13035.45,'D','2015-08-30 19:44:17','2015-08-30 19:44:17');

/*!40000 ALTER TABLE `ledger` ENABLE KEYS */;
UNLOCK TABLES;

DELIMITER ;;
/*!50003 SET SESSION SQL_MODE="" */;;
/*!50003 CREATE */ /*!50017 DEFINER=`cbotor`@`%` */ /*!50003 TRIGGER `update_ledger_summary` AFTER INSERT ON `ledger` FOR EACH ROW begin

declare ls_amount double;
declare userFound int;
declare total_amount double;

set userFound = 0;


select count(*) into userFound from ledger_summary where user_id = new.user_id and house_id = new.house_id;


if (userFound = 1) then
	-- select amount into ls_amount from ledger_summary where user_id = new.user_id and house_id = new.house_id;
	select coalesce(sum(amount),0)  into total_amount from ledger where user_id = new.user_id and house_id = new.house_id;

	-- set ls_amount = ls_amount + new.amount;
   	update ledger_summary set amount = total_amount, updated_at = now() where user_id = new.user_id and house_id = new.house_id; 
else 
	insert into ledger_summary (user_id,house_id,amount,created_at,updated_at) values (new.user_id,new.house_id,new.amount,now(),now());
end if;	
	   


end */;;
/*!50003 SET SESSION SQL_MODE="" */;;
/*!50003 CREATE */ /*!50017 DEFINER=`cbotor`@`%` */ /*!50003 TRIGGER `update_ls` AFTER DELETE ON `ledger` FOR EACH ROW begin

declare ls_amount double;
declare userFound int;
declare total_amount double;

set userFound = 0;


select count(*) into userFound from ledger_summary where user_id = old.user_id and house_id = old.house_id;


if (userFound = 1) then
	-- select amount into ls_amount from ledger_summary where user_id = new.user_id and house_id = new.house_id;
	select coalesce(sum(amount),0) into total_amount from ledger where user_id = old.user_id and house_id = old.house_id;

	-- set ls_amount = ls_amount + new.amount;
   	update ledger_summary set amount = total_amount, updated_at = now() where user_id = old.user_id and house_id = old.house_id; 
else 
	insert into ledger_summary (user_id,house_id,amount,created_at,updated_at) values (old.user_id,old.house_id,old.amount,now(),now());
end if;	
	   


end */;;
DELIMITER ;
/*!50003 SET SESSION SQL_MODE=@OLD_SQL_MODE */;


# Dump of table ledger_summary
# ------------------------------------------------------------

DROP TABLE IF EXISTS `ledger_summary`;

CREATE TABLE `ledger_summary` (
  `id` int(11) unsigned NOT NULL AUTO_INCREMENT,
  `user_id` int(11) DEFAULT NULL,
  `house_id` int(11) DEFAULT NULL,
  `amount` double DEFAULT '0',
  `created_at` datetime DEFAULT NULL,
  `updated_at` datetime DEFAULT NULL,
  `penalty` double DEFAULT '0',
  PRIMARY KEY (`id`)
) ENGINE=MyISAM DEFAULT CHARSET=latin1;

LOCK TABLES `ledger_summary` WRITE;
/*!40000 ALTER TABLE `ledger_summary` DISABLE KEYS */;

INSERT INTO `ledger_summary` (`id`, `user_id`, `house_id`, `amount`, `created_at`, `updated_at`, `penalty`)
VALUES
	(1,10,8,40370.5,'2015-08-30 19:18:09','2015-08-30 19:18:10',0),
	(2,12,10,16290,'2015-08-30 19:18:09','2015-08-30 19:18:10',0),
	(3,19,17,18270,'2015-08-30 19:18:09','2015-08-30 19:18:10',0),
	(4,36,33,34910,'2015-08-30 19:18:09','2015-08-30 19:18:10',0),
	(5,40,36,18460,'2015-08-30 19:18:09','2015-08-30 19:18:10',0),
	(6,42,38,124958,'2015-08-30 19:18:09','2015-08-30 19:18:10',0),
	(7,53,49,45248.73,'2015-08-30 19:18:09','2015-08-30 19:18:10',0),
	(8,57,53,188304,'2015-08-30 19:18:09','2015-08-30 19:18:10',0),
	(9,62,57,46180,'2015-08-30 19:18:09','2015-08-30 19:18:10',0),
	(10,64,59,23020,'2015-08-30 19:18:09','2015-08-30 19:18:10',0),
	(11,66,60,1850,'2015-08-30 19:18:09','2015-08-30 19:18:10',0),
	(12,70,64,16360,'2015-08-30 19:18:09','2015-08-30 19:18:10',0),
	(13,77,70,18993.5,'2015-08-30 19:18:09','2015-08-30 19:18:10',0),
	(14,79,72,90113,'2015-08-30 19:18:09','2015-08-30 19:18:10',0),
	(15,82,74,94712.18,'2015-08-30 19:18:09','2015-08-30 19:18:10',0),
	(16,83,75,80363,'2015-08-30 19:18:09','2015-08-30 19:18:10',0),
	(17,89,81,41620,'2015-08-30 19:18:09','2015-08-30 19:18:10',0),
	(18,96,87,34579.96,'2015-08-30 19:18:09','2015-08-30 19:18:10',0),
	(19,100,91,100616,'2015-08-30 19:18:09','2015-08-30 19:18:10',0),
	(20,106,97,16370,'2015-08-30 19:18:09','2015-08-30 19:18:10',0),
	(21,125,119,20280,'2015-08-30 19:18:09','2015-08-30 19:18:10',0),
	(22,126,120,8850,'2015-08-30 19:18:09','2015-08-30 19:18:10',0),
	(23,129,124,22470,'2015-08-30 19:18:09','2015-08-30 19:18:10',0),
	(24,131,125,15270,'2015-08-30 19:18:09','2015-08-30 19:18:10',0),
	(25,134,128,32325.25,'2015-08-30 19:18:09','2015-08-30 19:18:10',0),
	(26,138,131,22020,'2015-08-30 19:18:09','2015-08-30 19:18:10',0),
	(27,141,134,38740,'2015-08-30 19:18:09','2015-08-30 19:18:10',0),
	(28,146,139,20080,'2015-08-30 19:18:09','2015-08-30 19:18:10',0),
	(29,151,145,15090,'2015-08-30 19:18:09','2015-08-30 19:18:10',0),
	(30,153,147,41540,'2015-08-30 19:18:09','2015-08-30 19:18:10',0),
	(31,165,157,19600,'2015-08-30 19:18:09','2015-08-30 19:18:10',0),
	(32,182,176,41632,'2015-08-30 19:18:09','2015-08-30 19:18:10',0),
	(33,187,180,1920,'2015-08-30 19:18:09','2015-08-30 19:18:10',0),
	(34,42,39,100650,'2015-08-30 19:18:09','2015-08-30 19:18:10',0),
	(35,191,184,45615,'2015-08-30 19:18:09','2015-08-30 19:18:10',0),
	(36,201,194,58005.93,'2015-08-30 19:18:09','2015-08-30 19:18:10',0),
	(37,216,211,16290,'2015-08-30 19:18:09','2015-08-30 19:18:10',0),
	(38,220,216,15530,'2015-08-30 19:18:09','2015-08-30 19:18:10',0),
	(39,222,219,22250,'2015-08-30 19:18:09','2015-08-30 19:18:10',0),
	(40,226,223,47650,'2015-08-30 19:18:09','2015-08-30 19:18:10',0),
	(41,232,238,1370,'2015-08-30 19:18:09','2015-08-30 19:18:10',0),
	(42,242,241,13940,'2015-08-30 19:18:09','2015-08-30 19:18:10',0),
	(43,248,247,71482.62,'2015-08-30 19:18:09','2015-08-30 19:18:10',0),
	(44,254,254,151208,'2015-08-30 19:18:09','2015-08-30 19:18:10',0),
	(45,258,262,1250,'2015-08-30 19:18:09','2015-08-30 19:18:09',0),
	(46,264,270,13000,'2015-08-30 19:18:09','2015-08-30 19:18:10',0),
	(47,297,306,28830,'2015-08-30 19:18:09','2015-08-30 19:18:10',0),
	(48,314,324,17613.09,'2015-08-30 19:18:09','2015-08-30 19:18:10',0),
	(49,320,333,66378.89,'2015-08-30 19:18:09','2015-08-30 19:18:10',0),
	(50,322,335,24580,'2015-08-30 19:18:09','2015-08-30 19:18:10',0),
	(51,328,343,34300,'2015-08-30 19:18:09','2015-08-30 19:18:10',0),
	(52,331,346,17635,'2015-08-30 19:18:09','2015-08-30 19:18:10',0),
	(53,341,357,20000.5,'2015-08-30 19:18:09','2015-08-30 19:18:10',0),
	(54,342,358,29782.33,'2015-08-30 19:18:09','2015-08-30 19:18:10',0),
	(55,345,361,171411,'2015-08-30 19:18:09','2015-08-30 19:18:10',0),
	(56,357,377,12690,'2015-08-30 19:18:09','2015-08-30 19:18:10',0),
	(57,359,379,28220,'2015-08-30 19:18:09','2015-08-30 19:18:10',0),
	(58,369,389,72347.5,'2015-08-30 19:18:09','2015-08-30 19:18:10',0),
	(59,2,1,58800,'2015-08-30 19:18:10','2015-08-30 19:18:10',0),
	(60,6,3,20570,'2015-08-30 19:18:10','2015-08-30 19:18:10',0),
	(61,14,12,24880,'2015-08-30 19:18:10','2015-08-30 19:18:10',0),
	(62,15,13,18160,'2015-08-30 19:18:10','2015-08-30 19:18:10',0),
	(63,16,14,17920,'2015-08-30 19:18:10','2015-08-30 19:18:10',0),
	(64,21,19,75885,'2015-08-30 19:18:10','2015-08-30 19:18:10',0),
	(65,22,20,19000,'2015-08-30 19:18:10','2015-08-30 19:18:10',0),
	(66,23,21,21740,'2015-08-30 19:18:10','2015-08-30 19:18:10',0),
	(67,25,22,7077.58,'2015-08-30 19:18:10','2015-08-30 19:18:10',0),
	(68,27,24,38756,'2015-08-30 19:18:10','2015-08-30 19:18:10',0),
	(69,29,26,13321.12,'2015-08-30 19:18:10','2015-08-30 19:18:10',0),
	(70,38,34,18300,'2015-08-30 19:18:10','2015-08-30 19:18:10',0),
	(71,39,35,20220,'2015-08-30 19:18:10','2015-08-30 19:18:10',0),
	(72,44,41,21780,'2015-08-30 19:18:10','2015-08-30 19:18:10',0),
	(73,46,43,24600,'2015-08-30 19:18:10','2015-08-30 19:18:10',0),
	(74,49,46,17400,'2015-08-30 19:18:10','2015-08-30 19:18:10',0),
	(75,51,48,17860,'2015-08-30 19:18:10','2015-08-30 19:18:10',0),
	(76,61,56,19650,'2015-08-30 19:18:10','2015-08-30 19:18:10',0),
	(77,67,61,16860,'2015-08-30 19:18:10','2015-08-30 19:18:10',0),
	(78,68,62,16860,'2015-08-30 19:18:10','2015-08-30 19:18:10',0),
	(79,71,65,70231.69,'2015-08-30 19:18:10','2015-08-30 19:18:10',0),
	(80,75,69,19114,'2015-08-30 19:18:10','2015-08-30 19:18:10',0),
	(81,78,71,30430,'2015-08-30 19:18:10','2015-08-30 19:18:10',0),
	(82,80,73,100087.49,'2015-08-30 19:18:10','2015-08-30 19:18:10',0),
	(83,85,77,78285,'2015-08-30 19:18:10','2015-08-30 19:18:10',0),
	(84,90,82,45480,'2015-08-30 19:18:10','2015-08-30 19:18:10',0),
	(85,94,85,146194,'2015-08-30 19:18:10','2015-08-30 19:18:10',0),
	(86,111,102,43165.5,'2015-08-30 19:18:10','2015-08-30 19:18:10',0),
	(87,115,107,15960,'2015-08-30 19:18:10','2015-08-30 19:18:10',0),
	(88,117,108,18170,'2015-08-30 19:18:10','2015-08-30 19:18:10',0),
	(89,118,109,21060,'2015-08-30 19:18:10','2015-08-30 19:18:10',0),
	(90,123,117,82005,'2015-08-30 19:18:10','2015-08-30 19:18:10',0),
	(91,124,118,7799.92,'2015-08-30 19:18:10','2015-08-30 19:18:10',0),
	(92,128,122,14580,'2015-08-30 19:18:10','2015-08-30 19:18:10',0),
	(93,132,126,13840,'2015-08-30 19:18:10','2015-08-30 19:18:10',0),
	(94,135,129,26780,'2015-08-30 19:18:10','2015-08-30 19:18:10',0),
	(95,136,130,22740,'2015-08-30 19:18:10','2015-08-30 19:18:10',0),
	(96,139,132,21600,'2015-08-30 19:18:10','2015-08-30 19:18:10',0),
	(97,140,133,33080,'2015-08-30 19:18:10','2015-08-30 19:18:10',0),
	(98,143,136,17730,'2015-08-30 19:18:10','2015-08-30 19:18:10',0),
	(99,145,138,20280,'2015-08-30 19:18:10','2015-08-30 19:18:10',0),
	(100,149,142,9440,'2015-08-30 19:18:10','2015-08-30 19:18:10',0),
	(101,154,148,29490,'2015-08-30 19:18:10','2015-08-30 19:18:10',0),
	(102,156,150,10500,'2015-08-30 19:18:10','2015-08-30 19:18:10',0),
	(103,162,154,48240,'2015-08-30 19:18:10','2015-08-30 19:18:10',0),
	(104,166,158,19680,'2015-08-30 19:18:10','2015-08-30 19:18:10',0),
	(105,167,159,29770,'2015-08-30 19:18:10','2015-08-30 19:18:10',0),
	(106,170,163,199800,'2015-08-30 19:18:10','2015-08-30 19:18:10',0),
	(107,171,164,14820,'2015-08-30 19:18:10','2015-08-30 19:18:10',0),
	(108,172,165,21430,'2015-08-30 19:18:10','2015-08-30 19:18:10',0),
	(109,174,167,43642.46,'2015-08-30 19:18:10','2015-08-30 19:18:10',0),
	(110,175,168,20880,'2015-08-30 19:18:10','2015-08-30 19:18:10',0),
	(111,176,169,50400,'2015-08-30 19:18:10','2015-08-30 19:18:10',0),
	(112,177,172,57283.6,'2015-08-30 19:18:10','2015-08-30 19:18:10',0),
	(113,179,173,21920,'2015-08-30 19:18:10','2015-08-30 19:18:10',0),
	(114,181,175,102283.65,'2015-08-30 19:18:10','2015-08-30 19:18:10',0),
	(115,183,177,27320,'2015-08-30 19:18:10','2015-08-30 19:18:10',0),
	(116,184,178,41860,'2015-08-30 19:18:10','2015-08-30 19:18:10',0),
	(117,189,182,13960,'2015-08-30 19:18:10','2015-08-30 19:18:10',0),
	(118,194,187,14740,'2015-08-30 19:18:10','2015-08-30 19:18:10',0),
	(119,196,188,69498.77,'2015-08-30 19:18:10','2015-08-30 19:18:10',0),
	(120,198,191,42000,'2015-08-30 19:18:10','2015-08-30 19:18:10',0),
	(121,202,195,13200,'2015-08-30 19:18:10','2015-08-30 19:18:10',0),
	(122,210,205,39960,'2015-08-30 19:18:10','2015-08-30 19:18:10',0),
	(123,211,206,40620,'2015-08-30 19:18:10','2015-08-30 19:18:10',0),
	(124,218,213,41760,'2015-08-30 19:18:10','2015-08-30 19:18:10',0),
	(125,218,214,40500,'2015-08-30 19:18:10','2015-08-30 19:18:10',0),
	(126,223,220,19020,'2015-08-30 19:18:10','2015-08-30 19:18:10',0),
	(127,224,221,18148,'2015-08-30 19:18:10','2015-08-30 19:18:10',0),
	(128,231,228,53538.77,'2015-08-30 19:18:10','2015-08-30 19:18:10',0),
	(129,232,229,101415,'2015-08-30 19:18:10','2015-08-30 19:18:10',0),
	(130,235,232,12900,'2015-08-30 19:18:10','2015-08-30 19:18:10',0),
	(131,235,233,12900,'2015-08-30 19:18:10','2015-08-30 19:18:10',0),
	(132,237,235,13360,'2015-08-30 19:18:10','2015-08-30 19:18:10',0),
	(133,243,242,30360,'2015-08-30 19:18:10','2015-08-30 19:18:10',0),
	(134,248,248,15247.37,'2015-08-30 19:18:10','2015-08-30 19:18:10',0),
	(135,249,249,16440,'2015-08-30 19:18:10','2015-08-30 19:18:10',0),
	(136,251,251,213745,'2015-08-30 19:18:10','2015-08-30 19:18:10',0),
	(137,255,255,27000,'2015-08-30 19:18:10','2015-08-30 19:18:10',0),
	(138,261,266,12360,'2015-08-30 19:18:10','2015-08-30 19:18:10',0),
	(139,264,271,12300,'2015-08-30 19:18:10','2015-08-30 19:18:10',0),
	(140,265,272,19320,'2015-08-30 19:18:10','2015-08-30 19:18:10',0),
	(141,266,273,12540,'2015-08-30 19:18:10','2015-08-30 19:18:10',0),
	(142,267,274,12240,'2015-08-30 19:18:10','2015-08-30 19:18:10',0),
	(143,271,278,54900,'2015-08-30 19:18:10','2015-08-30 19:18:10',0),
	(144,272,279,64574,'2015-08-30 19:18:10','2015-08-30 19:18:10',0),
	(145,274,281,59865.67,'2015-08-30 19:18:10','2015-08-30 19:18:10',0),
	(146,275,282,15840,'2015-08-30 19:18:10','2015-08-30 19:18:10',0),
	(147,277,284,15741.86,'2015-08-30 19:18:10','2015-08-30 19:18:10',0),
	(148,278,285,242201.32,'2015-08-30 19:18:10','2015-08-30 19:18:10',0),
	(149,279,286,14640,'2015-08-30 19:18:10','2015-08-30 19:18:10',0),
	(150,281,288,14040,'2015-08-30 19:18:10','2015-08-30 19:18:10',0),
	(151,281,289,13440,'2015-08-30 19:18:10','2015-08-30 19:18:10',0),
	(152,282,290,14040,'2015-08-30 19:18:10','2015-08-30 19:18:10',0),
	(153,284,292,24730,'2015-08-30 19:18:10','2015-08-30 19:18:10',0),
	(154,290,298,15520,'2015-08-30 19:18:10','2015-08-30 19:18:10',0),
	(155,292,300,43660,'2015-08-30 19:18:10','2015-08-30 19:18:10',0),
	(156,292,301,40140,'2015-08-30 19:18:10','2015-08-30 19:18:10',0),
	(157,293,302,13860,'2015-08-30 19:18:10','2015-08-30 19:18:10',0),
	(158,295,304,14640,'2015-08-30 19:18:10','2015-08-30 19:18:10',0),
	(159,299,309,19080,'2015-08-30 19:18:10','2015-08-30 19:18:10',0),
	(160,299,310,16140,'2015-08-30 19:18:10','2015-08-30 19:18:10',0),
	(161,300,311,15780,'2015-08-30 19:18:10','2015-08-30 19:18:10',0),
	(162,255,256,31680,'2015-08-30 19:18:10','2015-08-30 19:18:10',0),
	(163,302,313,61781.12,'2015-08-30 19:18:10','2015-08-30 19:18:10',0),
	(164,255,258,42612,'2015-08-30 19:18:10','2015-08-30 19:18:10',0),
	(165,304,314,12120,'2015-08-30 19:18:10','2015-08-30 19:18:10',0),
	(166,305,315,13080,'2015-08-30 19:18:10','2015-08-30 19:18:10',0),
	(167,306,316,37460,'2015-08-30 19:18:10','2015-08-30 19:18:10',0),
	(168,307,317,30000,'2015-08-30 19:18:10','2015-08-30 19:18:10',0),
	(169,308,318,10000,'2015-08-30 19:18:10','2015-08-30 19:18:10',0),
	(170,309,319,12660,'2015-08-30 19:18:10','2015-08-30 19:18:10',0),
	(171,311,321,8980,'2015-08-30 19:18:10','2015-08-30 19:18:10',0),
	(172,312,322,12590,'2015-08-30 19:18:10','2015-08-30 19:18:10',0),
	(173,255,257,26860,'2015-08-30 19:18:10','2015-08-30 19:18:10',0),
	(174,318,330,-6163.42,'2015-08-30 19:18:10','2015-08-30 19:44:17',0),
	(175,318,331,-4853.65,'2015-08-30 19:18:10','2015-08-30 19:44:17',0),
	(176,319,332,12180,'2015-08-30 19:18:10','2015-08-30 19:18:10',0),
	(177,325,340,36411.23,'2015-08-30 19:18:10','2015-08-30 19:18:10',0),
	(178,326,341,27480,'2015-08-30 19:18:10','2015-08-30 19:18:10',0),
	(179,327,342,63376.5,'2015-08-30 19:18:10','2015-08-30 19:18:10',0),
	(180,333,348,14100,'2015-08-30 19:18:10','2015-08-30 19:18:10',0),
	(181,334,349,15180,'2015-08-30 19:18:10','2015-08-30 19:18:10',0),
	(182,335,350,24120,'2015-08-30 19:18:10','2015-08-30 19:18:10',0),
	(183,335,351,28320,'2015-08-30 19:18:10','2015-08-30 19:18:10',0),
	(184,330,352,15960,'2015-08-30 19:18:10','2015-08-30 19:18:10',0),
	(185,337,353,15960,'2015-08-30 19:18:10','2015-08-30 19:18:10',0),
	(186,338,354,42840,'2015-08-30 19:18:10','2015-08-30 19:18:10',0),
	(187,339,355,15480,'2015-08-30 19:18:10','2015-08-30 19:18:10',0),
	(188,340,356,17700,'2015-08-30 19:18:10','2015-08-30 19:18:10',0),
	(189,343,359,134977.32,'2015-08-30 19:18:10','2015-08-30 19:18:10',0),
	(190,347,363,16080,'2015-08-30 19:18:10','2015-08-30 19:18:10',0),
	(191,352,368,12540,'2015-08-30 19:18:10','2015-08-30 19:18:10',0),
	(192,352,369,12120,'2015-08-30 19:18:10','2015-08-30 19:18:10',0),
	(193,352,370,12900,'2015-08-30 19:18:10','2015-08-30 19:18:10',0),
	(194,354,372,39720,'2015-08-30 19:18:10','2015-08-30 19:18:10',0),
	(195,352,373,81396,'2015-08-30 19:18:10','2015-08-30 19:18:10',0),
	(196,355,374,40500,'2015-08-30 19:18:10','2015-08-30 19:18:10',0),
	(197,350,374,113220,'2015-08-30 19:18:10','2015-08-30 19:18:10',0),
	(198,352,375,113220,'2015-08-30 19:18:10','2015-08-30 19:18:10',0),
	(199,356,376,13140,'2015-08-30 19:18:10','2015-08-30 19:18:10',0),
	(200,360,380,57441.69,'2015-08-30 19:18:10','2015-08-30 19:18:10',0),
	(201,362,382,335231.83,'2015-08-30 19:18:10','2015-08-30 19:18:10',0),
	(202,365,385,12780,'2015-08-30 19:18:10','2015-08-30 19:18:10',0),
	(203,366,386,13240,'2015-08-30 19:18:10','2015-08-30 19:18:10',0),
	(204,367,387,12120,'2015-08-30 19:18:10','2015-08-30 19:18:10',0),
	(205,364,390,91918.5,'2015-08-30 19:18:10','2015-08-30 19:18:10',0),
	(206,370,391,13140,'2015-08-30 19:18:10','2015-08-30 19:18:10',0),
	(207,371,392,149310,'2015-08-30 19:18:10','2015-08-30 19:18:10',0),
	(208,373,394,12120,'2015-08-30 19:18:10','2015-08-30 19:18:10',0),
	(209,374,395,36442.5,'2015-08-30 19:18:10','2015-08-30 19:18:10',0),
	(210,374,396,75042.5,'2015-08-30 19:18:10','2015-08-30 19:18:10',0),
	(211,374,400,17360,'2015-08-30 19:18:10','2015-08-30 19:18:10',0),
	(212,379,401,25200,'2015-08-30 19:18:10','2015-08-30 19:18:10',0),
	(213,379,402,31680,'2015-08-30 19:18:10','2015-08-30 19:18:10',0),
	(214,380,403,13440,'2015-08-30 19:18:10','2015-08-30 19:18:10',0),
	(215,381,404,15840,'2015-08-30 19:18:10','2015-08-30 19:18:10',0),
	(216,158,152,-14380,'2015-08-30 19:18:10','2015-08-30 19:44:17',0),
	(217,160,153,-13880,'2015-08-30 19:18:10','2015-08-30 19:44:17',0),
	(218,7,4,-2000,'2015-08-30 19:44:17','2015-08-30 19:44:17',0),
	(219,30,27,-23.02,'2015-08-30 19:44:17','2015-08-30 19:44:17',0),
	(220,35,32,-140,'2015-08-30 19:44:17','2015-08-30 19:44:17',0),
	(221,45,42,-14100,'2015-08-30 19:44:17','2015-08-30 19:44:17',0),
	(222,65,60,-16067,'2015-08-30 19:44:17','2015-08-30 19:44:17',0),
	(223,72,66,-14700,'2015-08-30 19:44:17','2015-08-30 19:44:17',0),
	(224,86,78,-17880,'2015-08-30 19:44:17','2015-08-30 19:44:17',0),
	(225,97,88,-19080,'2015-08-30 19:44:17','2015-08-30 19:44:17',0),
	(226,147,140,-21887.43,'2015-08-30 19:44:17','2015-08-30 19:44:17',0),
	(227,152,146,-14005.53,'2015-08-30 19:44:17','2015-08-30 19:44:17',0),
	(228,164,156,-21660,'2015-08-30 19:44:17','2015-08-30 19:44:17',0),
	(229,180,174,-12660,'2015-08-30 19:44:17','2015-08-30 19:44:17',0),
	(230,212,207,-12480,'2015-08-30 19:44:17','2015-08-30 19:44:17',0),
	(231,214,209,-13920,'2015-08-30 19:44:17','2015-08-30 19:44:17',0),
	(232,225,222,-17892.2,'2015-08-30 19:44:17','2015-08-30 19:44:17',0),
	(233,230,227,-22641,'2015-08-30 19:44:17','2015-08-30 19:44:17',0),
	(234,239,237,-12900,'2015-08-30 19:44:17','2015-08-30 19:44:17',0),
	(235,240,238,-12370,'2015-08-30 19:44:17','2015-08-30 19:44:17',0),
	(236,240,240,-12240,'2015-08-30 19:44:17','2015-08-30 19:44:17',0),
	(237,240,239,-12780,'2015-08-30 19:44:17','2015-08-30 19:44:17',0),
	(238,244,243,-14940,'2015-08-30 19:44:17','2015-08-30 19:44:17',0),
	(239,250,250,-15780,'2015-08-30 19:44:17','2015-08-30 19:44:17',0),
	(240,262,267,-13620,'2015-08-30 19:44:17','2015-08-30 19:44:17',0),
	(241,262,268,-13620,'2015-08-30 19:44:17','2015-08-30 19:44:17',0),
	(242,263,269,-14580,'2015-08-30 19:44:17','2015-08-30 19:44:17',0),
	(243,268,275,-12240,'2015-08-30 19:44:17','2015-08-30 19:44:17',0),
	(244,269,276,54.97,'2015-08-30 19:44:17','2015-08-30 19:44:17',0),
	(245,273,280,-34080,'2015-08-30 19:44:17','2015-08-30 19:44:17',0),
	(246,276,283,-18000,'2015-08-30 19:44:17','2015-08-30 19:44:17',0),
	(247,280,287,-14460,'2015-08-30 19:44:17','2015-08-30 19:44:17',0),
	(248,285,293,-15740,'2015-08-30 19:44:17','2015-08-30 19:44:17',0),
	(249,288,296,-14700,'2015-08-30 19:44:17','2015-08-30 19:44:17',0),
	(250,289,297,-17160,'2015-08-30 19:44:17','2015-08-30 19:44:17',0),
	(251,294,303,-12247.26,'2015-08-30 19:44:17','2015-08-30 19:44:17',0),
	(252,296,305,-12180,'2015-08-30 19:44:17','2015-08-30 19:44:17',0),
	(253,321,334,-12368.52,'2015-08-30 19:44:17','2015-08-30 19:44:17',0),
	(254,329,344,-14940,'2015-08-30 19:44:17','2015-08-30 19:44:17',0),
	(255,330,345,-13080,'2015-08-30 19:44:17','2015-08-30 19:44:17',0),
	(256,346,362,-11540,'2015-08-30 19:44:17','2015-08-30 19:44:17',0),
	(257,348,364,-12180,'2015-08-30 19:44:17','2015-08-30 19:44:17',0),
	(258,349,365,-10186,'2015-08-30 19:44:17','2015-08-30 19:44:17',0),
	(259,350,366,-12792.93,'2015-08-30 19:44:17','2015-08-30 19:44:17',0),
	(260,363,383,-10940,'2015-08-30 19:44:17','2015-08-30 19:44:17',0),
	(261,375,397,-12720,'2015-08-30 19:44:17','2015-08-30 19:44:17',0),
	(262,376,398,-13035.45,'2015-08-30 19:44:17','2015-08-30 19:44:17',0);

/*!40000 ALTER TABLE `ledger_summary` ENABLE KEYS */;
UNLOCK TABLES;


# Dump of table leesee
# ------------------------------------------------------------

DROP TABLE IF EXISTS `leesee`;

CREATE TABLE `leesee` (
  `id` int(11) NOT NULL AUTO_INCREMENT,
  `user_id` int(11) DEFAULT NULL,
  `house_id` int(11) NOT NULL,
  `lastname` varchar(45) DEFAULT NULL,
  `firstname` varchar(45) DEFAULT NULL,
  `middlename` varchar(45) DEFAULT NULL,
  `birthdate` varchar(45) DEFAULT NULL,
  `civil_status` varchar(45) DEFAULT NULL,
  `mobile_number` varchar(45) DEFAULT NULL,
  `home_number` varchar(45) DEFAULT NULL,
  `email_address` varchar(45) DEFAULT NULL,
  `work_name` varchar(45) DEFAULT NULL,
  `work_address` varchar(45) DEFAULT NULL,
  `work_landline` varchar(45) DEFAULT NULL,
  `status` varchar(1) DEFAULT 'Y',
  `work_email` varchar(255) DEFAULT NULL,
  `work_mobile` varchar(255) DEFAULT NULL,
  `updated_at` timestamp NULL DEFAULT NULL,
  `created_at` timestamp NULL DEFAULT NULL,
  PRIMARY KEY (`id`),
  UNIQUE KEY `id_UNIQUE` (`id`),
  KEY `leesee_user_id_idx` (`user_id`),
  KEY `leesee_house_id_idx` (`house_id`),
  CONSTRAINT `leesee_house_id` FOREIGN KEY (`house_id`) REFERENCES `house` (`id`) ON DELETE CASCADE,
  CONSTRAINT `leesee_user_id` FOREIGN KEY (`user_id`) REFERENCES `users` (`id`) ON DELETE CASCADE
) ENGINE=InnoDB DEFAULT CHARSET=latin1;

LOCK TABLES `leesee` WRITE;
/*!40000 ALTER TABLE `leesee` DISABLE KEYS */;

INSERT INTO `leesee` (`id`, `user_id`, `house_id`, `lastname`, `firstname`, `middlename`, `birthdate`, `civil_status`, `mobile_number`, `home_number`, `email_address`, `work_name`, `work_address`, `work_landline`, `status`, `work_email`, `work_mobile`, `updated_at`, `created_at`)
VALUES
	(1,3,1,'CASADO','ROMELA',NULL,NULL,NULL,NULL,NULL,NULL,NULL,NULL,NULL,'A',NULL,NULL,'2015-08-11 20:05:49','2015-08-11 20:05:49'),
	(2,5,2,'TEODORO','WESLEY JOMER',NULL,NULL,NULL,NULL,NULL,NULL,NULL,NULL,NULL,'A',NULL,NULL,'2015-08-11 20:05:53','2015-08-11 20:05:53'),
	(3,24,21,'KIM','YOUJIN',NULL,NULL,NULL,NULL,NULL,NULL,NULL,NULL,NULL,'A',NULL,NULL,'2015-08-11 20:06:27','2015-08-11 20:06:27'),
	(4,37,33,'YAMAOKA','SAMMY',NULL,NULL,NULL,NULL,NULL,NULL,NULL,NULL,NULL,'A',NULL,NULL,'2015-08-11 20:06:48','2015-08-11 20:06:48'),
	(5,52,48,'KIM','KWANG HO',NULL,NULL,NULL,NULL,NULL,NULL,NULL,NULL,NULL,'A',NULL,NULL,'2015-08-11 20:07:14','2015-08-11 20:07:14'),
	(6,58,53,'DELA CRUZ','NORMAN',NULL,NULL,NULL,NULL,NULL,NULL,NULL,NULL,NULL,'A',NULL,NULL,'2015-08-11 20:07:23','2015-08-11 20:07:23'),
	(7,66,60,'YOU','NOEMI',NULL,NULL,NULL,NULL,NULL,NULL,NULL,NULL,NULL,'A',NULL,NULL,'2015-08-11 20:07:35','2015-08-11 20:07:35'),
	(8,73,66,'VITANGCOL','JONATHAN',NULL,NULL,NULL,NULL,NULL,NULL,NULL,NULL,NULL,'A',NULL,NULL,'2015-08-11 20:07:46','2015-08-11 20:07:46'),
	(9,76,69,'PARK','CHAN JOO',NULL,NULL,NULL,NULL,NULL,NULL,NULL,NULL,NULL,'A',NULL,NULL,'2015-08-11 20:07:52','2015-08-11 20:07:52'),
	(10,81,73,'CHUA','GERALD',NULL,NULL,NULL,NULL,NULL,NULL,NULL,NULL,NULL,'A',NULL,NULL,'2015-08-11 20:07:59','2015-08-11 20:07:59'),
	(11,92,83,'KIM','TAE',NULL,NULL,NULL,NULL,NULL,NULL,NULL,NULL,NULL,'A',NULL,NULL,'2015-08-11 20:08:15','2015-08-11 20:08:15'),
	(12,116,107,'RAMOS','RAMONCITO',NULL,NULL,NULL,NULL,NULL,NULL,NULL,NULL,NULL,'A',NULL,NULL,'2015-08-11 20:08:57','2015-08-11 20:08:57'),
	(13,130,123,'SOTTO','LALA',NULL,NULL,NULL,NULL,NULL,NULL,NULL,NULL,NULL,'A',NULL,NULL,'2015-08-11 20:09:26','2015-08-11 20:09:26'),
	(14,137,130,'VIDANES','NOERBERT',NULL,NULL,NULL,NULL,NULL,NULL,NULL,NULL,NULL,'A',NULL,NULL,'2015-08-11 20:09:37','2015-08-11 20:09:37'),
	(15,159,152,'KI','CHAE SOON',NULL,NULL,NULL,NULL,NULL,NULL,NULL,NULL,NULL,'A',NULL,NULL,'2015-08-11 20:10:14','2015-08-11 20:10:14'),
	(16,161,153,'KWON','MARVIN',NULL,NULL,NULL,NULL,NULL,NULL,NULL,NULL,NULL,'A',NULL,NULL,'2015-08-11 20:10:17','2015-08-11 20:10:17'),
	(17,168,159,'PARK','CHAN JOO II',NULL,NULL,NULL,NULL,NULL,NULL,NULL,NULL,NULL,'A',NULL,NULL,'2015-08-11 20:10:27','2015-08-11 20:10:27'),
	(18,178,172,'LEE','SANG HUN',NULL,NULL,NULL,NULL,NULL,NULL,NULL,NULL,NULL,'A',NULL,NULL,'2015-08-11 20:10:49','2015-08-11 20:10:49'),
	(19,185,178,'ANASTACIO','ANALIZA',NULL,NULL,NULL,NULL,NULL,NULL,NULL,NULL,NULL,'A',NULL,NULL,'2015-08-11 20:11:00','2015-08-11 20:11:00'),
	(20,195,187,'VILLANUEVA','ENRICO',NULL,NULL,NULL,NULL,NULL,NULL,NULL,NULL,NULL,'A',NULL,NULL,'2015-08-11 20:11:18','2015-08-11 20:11:18'),
	(21,241,238,'SOFISTA','MELANIE',NULL,NULL,NULL,NULL,NULL,NULL,NULL,NULL,NULL,'A',NULL,NULL,'2015-08-11 20:12:42','2015-08-11 20:12:42'),
	(22,303,313,'KIM','CHUISU',NULL,NULL,NULL,NULL,NULL,NULL,NULL,NULL,NULL,'A',NULL,NULL,'2015-08-11 20:14:51','2015-08-11 20:14:51');

/*!40000 ALTER TABLE `leesee` ENABLE KEYS */;
UNLOCK TABLES;


# Dump of table move_in_out
# ------------------------------------------------------------

DROP TABLE IF EXISTS `move_in_out`;

CREATE TABLE `move_in_out` (
  `id` int(11) NOT NULL AUTO_INCREMENT,
  `user_id` int(11) NOT NULL,
  `house_id` int(11) DEFAULT NULL,
  `move_in` varchar(45) DEFAULT NULL,
  `move_out` varchar(45) DEFAULT NULL,
  `created_at` timestamp NULL DEFAULT NULL,
  `updated_at` timestamp NULL DEFAULT NULL,
  PRIMARY KEY (`id`)
) ENGINE=InnoDB DEFAULT CHARSET=latin1;



# Dump of table occupant
# ------------------------------------------------------------

DROP TABLE IF EXISTS `occupant`;

CREATE TABLE `occupant` (
  `id` int(11) NOT NULL AUTO_INCREMENT,
  `user_id` int(11) DEFAULT NULL,
  `house_id` int(11) NOT NULL,
  `lastname` varchar(45) DEFAULT NULL,
  `firstname` varchar(45) DEFAULT NULL,
  `middlename` varchar(45) DEFAULT NULL,
  `birthdate` varchar(45) DEFAULT NULL,
  `relation_to_principal` varchar(45) DEFAULT NULL,
  `created_at` timestamp NULL DEFAULT NULL,
  `updated_at` timestamp NULL DEFAULT NULL,
  PRIMARY KEY (`id`),
  UNIQUE KEY `id_UNIQUE` (`id`),
  KEY `house_id_idx` (`house_id`),
  KEY `occupant_user_id_idx` (`user_id`)
) ENGINE=InnoDB DEFAULT CHARSET=latin1;



# Dump of table official_receipt
# ------------------------------------------------------------

DROP TABLE IF EXISTS `official_receipt`;

CREATE TABLE `official_receipt` (
  `id` int(11) unsigned NOT NULL AUTO_INCREMENT,
  `user_id` int(11) DEFAULT NULL,
  `house_id` int(11) DEFAULT NULL,
  `or_number` int(11) DEFAULT NULL,
  `job_order_id` int(11) DEFAULT NULL,
  `amount` double DEFAULT NULL,
  `bank_name` varchar(50) DEFAULT NULL,
  `cheque_number` varchar(50) DEFAULT NULL,
  `created_at` timestamp NULL DEFAULT NULL,
  `updated_at` timestamp NULL DEFAULT NULL,
  `status` varchar(255) DEFAULT NULL,
  PRIMARY KEY (`id`),
  KEY `job_order_id` (`job_order_id`)
) ENGINE=InnoDB DEFAULT CHARSET=latin1;


DELIMITER ;;
/*!50003 SET SESSION SQL_MODE="" */;;
/*!50003 CREATE */ /*!50017 DEFINER=`cbotor`@`%` */ /*!50003 TRIGGER `ledger_insert` AFTER INSERT ON `official_receipt` FOR EACH ROW begin

declare check_count integer;
declare header_id integer;
declare payeeName varchar(100);
declare payeeAddress varchar(100);
declare userId integer;
declare job_order_type_id integer;
declare description varchar(100);
declare requestId integer;

declare total_cost double;
declare paid_amount double;
declare paid_excess double;

declare d_amount double;
set d_amount = (new.amount) * -1;

insert into ledger (user_id,house_id,ref_id,amount,type,created_at,updated_at) values (new.user_id,new.house_id,new.job_order_id,d_amount,'D',now(),now());


set check_count = (select count(1) from official_receipt_header where or_number = new.or_number);
set userId = (select role_id from users where id = new.user_id);

if (check_count = 0) then

	if (userId = 3) then 
		select 
			upper(concat(o.lastname, " ", o.firstname)) as payeeName,
			upper(concat(h.addr_number, " ", h.addr_street)) as payeeAddress
		into 
			payeeName, payeeAddress
		from 
			users u, owner o, house h
		where 
			u.id = new.user_id and 
			h.id = new.house_id and 
			h.owner_id = o.id and 
			u.role_id = 3;
	end if;		
	
	if (userId = 4) then 
		select 
			upper(concat(l.lastname, " ", l.firstname)) as payeeName,
			upper(concat(h.addr_number, " ", h.addr_street)) as payeeAddress
		into 
			payeeName, payeeAddress
		from 
			users u, leesee l, house h
		where 
			u.id = new.user_id and 
			h.id = new.house_id and 
			h.id = l.house_id and
			u.role_id = '4'; 
	end if;

insert into official_receipt_header
(or_number,or_date,user_id,house_id,bank_name,cheque_number,payee_name,payee_address)
values
(new.or_number,new.created_at,new.user_id,new.house_id,new.bank_name,new.cheque_number,payeeName,payeeAddress);

end if;

set header_id = (select id from official_receipt_header where or_number = new.or_number and
user_id = new.user_id and house_id = new.house_id);

-- get description
select 
order_type_id, request_id 
into 
job_order_type_id,requestId
from 
job_orders 
where 
id = new.job_order_id;

if (job_order_type_id = 1) then -- amenity
	select a.description, ar.total_cost, ar.paid_amount 
	into
		description, total_cost, paid_amount
	from 
		amenity a, amenities_request ar 
	where 
		ar.id = requestId 
		and ar.amenity_id = a.id; 
end if;

if (job_order_type_id = 2) then -- service
	select s.description, sr.total_cost, sr.paid_amount 
	into
		description, total_cost, paid_amount  
	from 
		service s, service_request sr 
	where 
		sr.id = requestId 
		and sr.service_id = s.id; 
end if;

if (job_order_type_id = 3) then -- water
	select "Water Consumption", wr.amount, wr.paid_amount 
	into
		description, total_cost, paid_amount  
	from 
    	water_reading wr 
	where 
		wr.id = requestId; 
end if;

if (job_order_type_id = 4) then -- association due
	select "Association Due", ad.amount, ad.paid_amount 
	into
		description, total_cost, paid_amount  
	from 
    	association_due ad 
	where 
		ad.id = requestId; 
end if;

if (job_order_type_id = 6) then -- penalty due
	select "Penalty Due", ad.amount, ad.paid_amount 
	into
		description, total_cost, paid_amount  
	from 
    	adjustment ad 
	where 
		ad.id = requestId; 
end if;



insert into official_receipt_details
(header_id,ref_num,amount,description,cost, excess)
values
(header_id,new.job_order_id,new.amount,upper(description),(total_cost-paid_amount), (paid_amount - total_cost)+new.amount);


	
end */;;
/*!50003 SET SESSION SQL_MODE="" */;;
/*!50003 CREATE */ /*!50017 DEFINER=`cbotor`@`%` */ /*!50003 TRIGGER `cancel_or` AFTER UPDATE ON `official_receipt` FOR EACH ROW begin

declare job_order_id integer;
declare order_type varchar(50);
declare job_order_request_id integer;
declare paidamount double;
declare penaltyamount double;

select jot.description, jo.request_id into order_type, job_order_request_id from job_orders jo, job_order_type jot where jo.id = new.job_order_id and jo.order_type_id = jot.id;

update job_orders set status = 0 where id = new.job_order_id;
case order_type 
when 'Amenity' then 
   select paid_amount into paidamount from amenities_request where id = job_order_request_id;
	update amenities_request set status = 'Done', updated_at = now(), paid_amount = (paidamount - new.amount) where id = job_order_request_id;
	delete from ledger where ref_id = new.job_order_id and type = 'D';
	update ledger_summary set amount = (select sum(amount) from ledger where user_id = new.user_id and house_id = new.house_id) where user_id = new.user_id and house_id = new.house_id;
		
when 'Service' then 
	select paid_amount into paidamount from service_request where id = job_order_request_id;
	update service_request set status = 'Done', updated_at = now(), paid_amount = (paidamount - new.amount) where id = job_order_request_id;
	delete from ledger where ref_id = new.job_order_id;
	update ledger_summary set amount = (select sum(amount) from ledger where user_id = new.user_id and house_id = new.house_id) where user_id = new.user_id and house_id = new.house_id;


when 'Water' then 
	select paid_amount into paidamount from water_reading where id = job_order_request_id;
	update water_reading set status = 'Done', updated_at = now(), paid_amount = (paidamount - new.amount) where id = job_order_request_id;
	delete from ledger where ref_id = new.job_order_id and type = 'D'; 
update ledger_summary set amount = (select sum(amount) from ledger where user_id = new.user_id and house_id = new.house_id) where user_id = new.user_id and house_id = new.house_id;

when 'AssocDue' then 
	select paid_amount into paidamount from association_due where id = job_order_request_id;
	update association_due set status = 'Done', updated_at = now(), paid_amount = (paidamount - new.amount) where id = job_order_request_id;
	delete from ledger where ref_id = new.job_order_id and type = 'D';
update ledger_summary set amount = (select sum(amount) from ledger where user_id = new.user_id and house_id = new.house_id) where user_id = new.user_id and house_id = new.house_id;
	
when 'Adjustments' then 
	select paid_amount into paidamount from adjustment_request where id = job_order_request_id;
	update adjustment_request set status = 'Done', updated_at = now(), paid_amount = (paidamount - new.amount) where id = job_order_request_id;
	delete from ledger where ref_id = new.job_order_id and type = 'D'; 
update ledger_summary set amount = (select sum(amount) from ledger where user_id = new.user_id and house_id = new.house_id) where user_id = new.user_id and house_id = new.house_id;

when 'Penalty' then 
	select paid_amount into paidamount from adjustment where id = job_order_request_id;
	update adjustment set status = '0', updated_at = now(), paid_amount = (paidamount - new.amount) where id = job_order_request_id;
   delete from ledger where ref_id = new.job_order_id and type = 'D'; 
   select penalty into penaltyamount from ledger_summary where user_id = new.user_id and house_id = new.house_id;
   set penaltyamount := penaltyamount + new.amount;
   update ledger_summary set penalty = penaltyamount, amount = (select sum(amount) from ledger where user_id = new.user_id and house_id = new.house_id) where user_id = new.user_id and house_id = new.house_id;
	
end case;

end */;;
DELIMITER ;
/*!50003 SET SESSION SQL_MODE=@OLD_SQL_MODE */;


# Dump of table official_receipt_details
# ------------------------------------------------------------

DROP TABLE IF EXISTS `official_receipt_details`;

CREATE TABLE `official_receipt_details` (
  `id` int(11) unsigned NOT NULL AUTO_INCREMENT,
  `header_id` int(11) DEFAULT NULL,
  `ref_num` int(11) DEFAULT NULL,
  `description` varchar(100) DEFAULT NULL,
  `amount` double DEFAULT '0',
  `cost` double DEFAULT '0',
  `excess` double DEFAULT '0',
  PRIMARY KEY (`id`)
) ENGINE=InnoDB DEFAULT CHARSET=latin1;



# Dump of table official_receipt_header
# ------------------------------------------------------------

DROP TABLE IF EXISTS `official_receipt_header`;

CREATE TABLE `official_receipt_header` (
  `id` int(11) unsigned NOT NULL AUTO_INCREMENT,
  `or_number` int(11) DEFAULT NULL,
  `or_date` timestamp NULL DEFAULT NULL,
  `user_id` int(11) DEFAULT NULL,
  `house_id` int(11) DEFAULT NULL,
  `payee_name` varchar(100) DEFAULT NULL,
  `payee_address` varchar(100) DEFAULT NULL,
  `bank_name` varchar(100) DEFAULT NULL,
  `cheque_number` varchar(100) DEFAULT NULL,
  PRIMARY KEY (`id`)
) ENGINE=InnoDB DEFAULT CHARSET=latin1;



# Dump of table or_series
# ------------------------------------------------------------

DROP TABLE IF EXISTS `or_series`;

CREATE TABLE `or_series` (
  `id` int(11) unsigned NOT NULL AUTO_INCREMENT,
  `start_series` int(11) DEFAULT NULL,
  `end_series` int(11) DEFAULT NULL,
  `current` int(11) DEFAULT NULL,
  `created_at` timestamp NULL DEFAULT NULL,
  `updated_at` timestamp NULL DEFAULT NULL,
  PRIMARY KEY (`id`)
) ENGINE=InnoDB DEFAULT CHARSET=latin1;

LOCK TABLES `or_series` WRITE;
/*!40000 ALTER TABLE `or_series` DISABLE KEYS */;

INSERT INTO `or_series` (`id`, `start_series`, `end_series`, `current`, `created_at`, `updated_at`)
VALUES
	(1,100000,101000,100000,'2013-08-04 05:44:22','2015-06-02 00:24:39');

/*!40000 ALTER TABLE `or_series` ENABLE KEYS */;
UNLOCK TABLES;

DELIMITER ;;
/*!50003 SET SESSION SQL_MODE="" */;;
/*!50003 CREATE */ /*!50017 DEFINER=`cbotor`@`%` */ /*!50003 TRIGGER `or_series_history` AFTER UPDATE ON `or_series` FOR EACH ROW begin

insert into or_series_history (start_series,end_series,current,created_at,updated_at) values (old.start_series,old.end_series,old.current,old.created_at,now());

 
end */;;
DELIMITER ;
/*!50003 SET SESSION SQL_MODE=@OLD_SQL_MODE */;


# Dump of table or_series_history
# ------------------------------------------------------------

DROP TABLE IF EXISTS `or_series_history`;

CREATE TABLE `or_series_history` (
  `id` int(11) unsigned NOT NULL AUTO_INCREMENT,
  `start_series` int(11) DEFAULT NULL,
  `end_series` int(11) DEFAULT NULL,
  `current` int(11) DEFAULT NULL,
  `created_at` timestamp NULL DEFAULT NULL,
  `updated_at` timestamp NULL DEFAULT NULL,
  PRIMARY KEY (`id`)
) ENGINE=InnoDB DEFAULT CHARSET=latin1;



# Dump of table other_charges
# ------------------------------------------------------------

DROP TABLE IF EXISTS `other_charges`;

CREATE TABLE `other_charges` (
  `id` int(11) NOT NULL AUTO_INCREMENT,
  `code` varchar(45) DEFAULT NULL,
  `status` varchar(1) DEFAULT 't',
  `show_list` varchar(1) DEFAULT 't',
  `description` varchar(45) DEFAULT NULL,
  `created_at` timestamp NULL DEFAULT NULL,
  `updated_at` timestamp NULL DEFAULT NULL,
  PRIMARY KEY (`id`),
  UNIQUE KEY `id_UNIQUE` (`id`),
  UNIQUE KEY `code_UNIQUE` (`code`)
) ENGINE=InnoDB DEFAULT CHARSET=latin1;



# Dump of table owner
# ------------------------------------------------------------

DROP TABLE IF EXISTS `owner`;

CREATE TABLE `owner` (
  `id` int(11) NOT NULL AUTO_INCREMENT,
  `user_id` int(11) DEFAULT NULL,
  `lastname` varchar(45) DEFAULT NULL,
  `firstname` varchar(45) DEFAULT NULL,
  `middlename` varchar(45) DEFAULT NULL,
  `civil_status` varchar(45) DEFAULT NULL,
  `mobile_number` varchar(45) DEFAULT NULL,
  `home_number` varchar(45) DEFAULT NULL,
  `email_address` varchar(45) DEFAULT NULL,
  `work_name` varchar(45) DEFAULT NULL,
  `work_address` varchar(45) DEFAULT NULL,
  `work_landline` varchar(45) DEFAULT NULL,
  `work_mobile` varchar(45) DEFAULT NULL,
  `work_email` varchar(45) DEFAULT NULL,
  `status` varchar(1) DEFAULT 'A',
  `birthdate` varchar(45) DEFAULT NULL,
  `co_lastname` varchar(45) DEFAULT NULL,
  `co_firstname` varchar(45) DEFAULT NULL,
  `co_middlename` varchar(45) DEFAULT NULL,
  `created_at` timestamp NULL DEFAULT NULL,
  `updated_at` timestamp NULL DEFAULT NULL,
  PRIMARY KEY (`id`),
  KEY `owner_user_id_idx` (`user_id`),
  CONSTRAINT `owner_user_id` FOREIGN KEY (`user_id`) REFERENCES `users` (`id`) ON DELETE CASCADE
) ENGINE=InnoDB DEFAULT CHARSET=latin1;

LOCK TABLES `owner` WRITE;
/*!40000 ALTER TABLE `owner` DISABLE KEYS */;

INSERT INTO `owner` (`id`, `user_id`, `lastname`, `firstname`, `middlename`, `civil_status`, `mobile_number`, `home_number`, `email_address`, `work_name`, `work_address`, `work_landline`, `work_mobile`, `work_email`, `status`, `birthdate`, `co_lastname`, `co_firstname`, `co_middlename`, `created_at`, `updated_at`)
VALUES
	(1,2,'FARMANS','DEVELOPMENT',NULL,NULL,NULL,NULL,NULL,NULL,NULL,NULL,NULL,NULL,'A',NULL,'null','null',NULL,'2015-08-11 20:05:47','2015-08-11 20:05:47'),
	(2,4,'SANTOS','NORA',NULL,NULL,NULL,NULL,NULL,NULL,NULL,NULL,NULL,NULL,'A',NULL,'null','null',NULL,'2015-08-11 20:05:50','2015-08-11 20:05:50'),
	(3,6,'LOZADA','EFREN',NULL,NULL,NULL,NULL,NULL,NULL,NULL,NULL,NULL,NULL,'A',NULL,'LOZADA','RINA',NULL,'2015-08-11 20:05:53','2015-08-11 20:05:53'),
	(4,7,'ONG ANTE','MARIANO',NULL,NULL,NULL,NULL,NULL,NULL,NULL,NULL,NULL,NULL,'A',NULL,'ONG ANTE','LELECITA',NULL,'2015-08-11 20:05:55','2015-08-11 20:05:55'),
	(5,8,'CAPEDING','LEO',NULL,NULL,NULL,NULL,NULL,NULL,NULL,NULL,NULL,NULL,'A',NULL,'CAPEDING','MA. ROSARIO',NULL,'2015-08-11 20:05:59','2015-08-11 20:05:59'),
	(6,9,'LAI','WILLIAM',NULL,NULL,NULL,NULL,NULL,NULL,NULL,NULL,NULL,NULL,'A',NULL,'LAI','JULIE',NULL,'2015-08-11 20:06:01','2015-08-11 20:06:01'),
	(7,10,'REYES','RENE',NULL,NULL,NULL,NULL,NULL,NULL,NULL,NULL,NULL,NULL,'A',NULL,'null','null',NULL,'2015-08-11 20:06:02','2015-08-11 20:06:02'),
	(8,11,'CHUA','EDWIN',NULL,NULL,NULL,NULL,NULL,NULL,NULL,NULL,NULL,NULL,'A',NULL,'null','null',NULL,'2015-08-11 20:06:04','2015-08-11 20:06:04'),
	(9,12,'TIANGCO','ROBERTO',NULL,NULL,NULL,NULL,NULL,NULL,NULL,NULL,NULL,NULL,'A',NULL,'TIANGCO','MA. CATHRINA',NULL,'2015-08-11 20:06:06','2015-08-11 20:06:06'),
	(10,13,'ANTE','PETER LINUS',NULL,NULL,NULL,NULL,NULL,NULL,NULL,NULL,NULL,NULL,'A',NULL,'STA. MARIA','ANNA',NULL,'2015-08-11 20:06:08','2015-08-11 20:06:08'),
	(11,14,'YU','REGINALD',NULL,NULL,NULL,NULL,NULL,NULL,NULL,NULL,NULL,NULL,'A',NULL,'null','null',NULL,'2015-08-11 20:06:09','2015-08-11 20:06:09'),
	(12,15,'MONTENEGRO','RENATO',NULL,NULL,NULL,NULL,NULL,NULL,NULL,NULL,NULL,NULL,'A',NULL,'MONTENEGRO','CARMINA',NULL,'2015-08-11 20:06:11','2015-08-11 20:06:11'),
	(13,16,'BERBA','LEONARDO',NULL,NULL,NULL,NULL,NULL,NULL,NULL,NULL,NULL,NULL,'A',NULL,'BERBA','REGINA',NULL,'2015-08-11 20:06:13','2015-08-11 20:06:13'),
	(14,17,'DE JESUS','JOSE',NULL,NULL,NULL,NULL,NULL,NULL,NULL,NULL,NULL,NULL,'A',NULL,'DE JESUS','CORAZON',NULL,'2015-08-11 20:06:15','2015-08-11 20:06:15'),
	(15,18,'DELA CRUZ','ROMEO',NULL,NULL,NULL,NULL,NULL,NULL,NULL,NULL,NULL,NULL,'A',NULL,'DELA CRUZ','ROMEO',NULL,'2015-08-11 20:06:17','2015-08-11 20:06:17'),
	(16,19,'MARIANO','MA LUISA',NULL,NULL,NULL,NULL,NULL,NULL,NULL,NULL,NULL,NULL,'A',NULL,'null','null',NULL,'2015-08-11 20:06:19','2015-08-11 20:06:19'),
	(17,20,'CAGALINGAN','MARLON',NULL,NULL,NULL,NULL,NULL,NULL,NULL,NULL,NULL,NULL,'A',NULL,'null','null',NULL,'2015-08-11 20:06:20','2015-08-11 20:06:20'),
	(18,21,'PEDREGOSA','DIVINA',NULL,NULL,NULL,NULL,NULL,NULL,NULL,NULL,NULL,NULL,'A',NULL,'null','null',NULL,'2015-08-11 20:06:22','2015-08-11 20:06:22'),
	(19,22,'MACEDA','MANUEL',NULL,NULL,NULL,NULL,NULL,NULL,NULL,NULL,NULL,NULL,'A',NULL,'null','null',NULL,'2015-08-11 20:06:24','2015-08-11 20:06:24'),
	(20,23,'DIZON','TERESA',NULL,NULL,NULL,NULL,NULL,NULL,NULL,NULL,NULL,NULL,'A',NULL,'null','null',NULL,'2015-08-11 20:06:26','2015-08-11 20:06:26'),
	(21,25,'CRUZ','RAMON',NULL,NULL,NULL,NULL,NULL,NULL,NULL,NULL,NULL,NULL,'A',NULL,'null','null',NULL,'2015-08-11 20:06:28','2015-08-11 20:06:28'),
	(22,26,'DOMINGO','SHELLA',NULL,NULL,NULL,NULL,NULL,NULL,NULL,NULL,NULL,NULL,'A',NULL,'DOMINGO','ANDY',NULL,'2015-08-11 20:06:29','2015-08-11 20:06:29'),
	(23,27,'DUNGCA','DANIEL',NULL,NULL,NULL,NULL,NULL,NULL,NULL,NULL,NULL,NULL,'A',NULL,'null','null',NULL,'2015-08-11 20:06:31','2015-08-11 20:06:31'),
	(24,28,'VILLANUEVA','NOBINA',NULL,NULL,NULL,NULL,NULL,NULL,NULL,NULL,NULL,NULL,'A',NULL,'null','null',NULL,'2015-08-11 20:06:33','2015-08-11 20:06:33'),
	(25,29,'SANTOS','RICARDO GREGORIO',NULL,NULL,NULL,NULL,NULL,NULL,NULL,NULL,NULL,NULL,'A',NULL,'null','null',NULL,'2015-08-11 20:06:34','2015-08-11 20:06:34'),
	(26,30,'SINGCO','MARGARITA GO',NULL,NULL,NULL,NULL,NULL,NULL,NULL,NULL,NULL,NULL,'A',NULL,'null','null',NULL,'2015-08-11 20:06:36','2015-08-11 20:06:36'),
	(27,31,'LA VINA','ANTONIO GABRIEL',NULL,NULL,NULL,NULL,NULL,NULL,NULL,NULL,NULL,NULL,'A',NULL,'null','null',NULL,'2015-08-11 20:06:38','2015-08-11 20:06:38'),
	(28,32,'RODRIGUEZ','RUPERTO',NULL,NULL,NULL,NULL,NULL,NULL,NULL,NULL,NULL,NULL,'A',NULL,'null','null',NULL,'2015-08-11 20:06:41','2015-08-11 20:06:41'),
	(29,33,'LUNA','JOSELITO',NULL,NULL,NULL,NULL,NULL,NULL,NULL,NULL,NULL,NULL,'A',NULL,'null','null',NULL,'2015-08-11 20:06:42','2015-08-11 20:06:42'),
	(30,34,'BERMOY','WILFRED',NULL,NULL,NULL,NULL,NULL,NULL,NULL,NULL,NULL,NULL,'A',NULL,'BERMOY','DOMINGA',NULL,'2015-08-11 20:06:44','2015-08-11 20:06:44'),
	(31,35,'SUANSING','HORACIO',NULL,NULL,NULL,NULL,NULL,NULL,NULL,NULL,NULL,NULL,'A',NULL,'null','null',NULL,'2015-08-11 20:06:45','2015-08-11 20:06:45'),
	(32,36,'CUDIAMAT','CESAR',NULL,NULL,NULL,NULL,NULL,NULL,NULL,NULL,NULL,NULL,'A',NULL,'null','null',NULL,'2015-08-11 20:06:47','2015-08-11 20:06:47'),
	(33,38,'NARCISO','JAIME',NULL,NULL,NULL,NULL,NULL,NULL,NULL,NULL,NULL,NULL,'A',NULL,'NARCISO','JOSIE',NULL,'2015-08-11 20:06:49','2015-08-11 20:06:49'),
	(34,39,'GANA','ROSEMARIE',NULL,NULL,NULL,NULL,NULL,NULL,NULL,NULL,NULL,NULL,'A',NULL,'null','null',NULL,'2015-08-11 20:06:51','2015-08-11 20:06:51'),
	(35,40,'UY','JOSEPHINE',NULL,NULL,NULL,NULL,NULL,NULL,NULL,NULL,NULL,NULL,'A',NULL,'null','null',NULL,'2015-08-11 20:06:52','2015-08-11 20:06:52'),
	(36,41,'TORRES','GEORGE',NULL,NULL,NULL,NULL,NULL,NULL,NULL,NULL,NULL,NULL,'A',NULL,'null','null',NULL,'2015-08-11 20:06:54','2015-08-11 20:06:54'),
	(37,42,'LUNA','CECILIA',NULL,NULL,NULL,NULL,NULL,NULL,NULL,NULL,NULL,NULL,'A',NULL,'null','null',NULL,'2015-08-11 20:06:56','2015-08-11 20:06:56'),
	(38,43,'FRANCO CRUZ','LIZA',NULL,NULL,NULL,NULL,NULL,NULL,NULL,NULL,NULL,NULL,'A',NULL,'null','null',NULL,'2015-08-11 20:06:59','2015-08-11 20:06:59'),
	(39,44,'CARREON','ERNESTO FIEL JR.',NULL,NULL,NULL,NULL,NULL,NULL,NULL,NULL,NULL,NULL,'A',NULL,'null','null',NULL,'2015-08-11 20:07:01','2015-08-11 20:07:01'),
	(40,45,'LUNA','RODERICK',NULL,NULL,NULL,NULL,NULL,NULL,NULL,NULL,NULL,NULL,'A',NULL,'LUNA','MAYETTE',NULL,'2015-08-11 20:07:03','2015-08-11 20:07:03'),
	(41,46,'DE GUZMAN','RODOLFO',NULL,NULL,NULL,NULL,NULL,NULL,NULL,NULL,NULL,NULL,'A',NULL,'DE GUZMAN','ROSARIO',NULL,'2015-08-11 20:07:05','2015-08-11 20:07:05'),
	(42,47,'WONG','MARK DAVY',NULL,NULL,NULL,NULL,NULL,NULL,NULL,NULL,NULL,NULL,'A',NULL,'null','null',NULL,'2015-08-11 20:07:06','2015-08-11 20:07:06'),
	(43,48,'INGCO','RENATO',NULL,NULL,NULL,NULL,NULL,NULL,NULL,NULL,NULL,NULL,'A',NULL,'null','null',NULL,'2015-08-11 20:07:08','2015-08-11 20:07:08'),
	(44,49,'SORIANO','BERT',NULL,NULL,NULL,NULL,NULL,NULL,NULL,NULL,NULL,NULL,'A',NULL,'JOCSON','MARINA',NULL,'2015-08-11 20:07:10','2015-08-11 20:07:10'),
	(45,50,'CZIOMER','MARCUS',NULL,NULL,NULL,NULL,NULL,NULL,NULL,NULL,NULL,NULL,'A',NULL,'null','null',NULL,'2015-08-11 20:07:11','2015-08-11 20:07:11'),
	(46,51,'HIDALGO','CLARISSA',NULL,NULL,NULL,NULL,NULL,NULL,NULL,NULL,NULL,NULL,'A',NULL,'SISON','DONNA',NULL,'2015-08-11 20:07:13','2015-08-11 20:07:13'),
	(47,53,'KIERULF','JOHN',NULL,NULL,NULL,NULL,NULL,NULL,NULL,NULL,NULL,NULL,'A',NULL,'null','null',NULL,'2015-08-11 20:07:15','2015-08-11 20:07:15'),
	(48,54,'KIERULF','LEE MARTIN',NULL,NULL,NULL,NULL,NULL,NULL,NULL,NULL,NULL,NULL,'A',NULL,'null','null',NULL,'2015-08-11 20:07:17','2015-08-11 20:07:17'),
	(49,55,'KIERULF','LUCILA',NULL,NULL,NULL,NULL,NULL,NULL,NULL,NULL,NULL,NULL,'A',NULL,'null','null',NULL,'2015-08-11 20:07:19','2015-08-11 20:07:19'),
	(50,56,'BENEDICTO','YVETTE DY',NULL,NULL,NULL,NULL,NULL,NULL,NULL,NULL,NULL,NULL,'A',NULL,'null','null',NULL,'2015-08-11 20:07:20','2015-08-11 20:07:20'),
	(51,57,'WENCESLAO','DELFIN',NULL,NULL,NULL,NULL,NULL,NULL,NULL,NULL,NULL,NULL,'A',NULL,'WENCESLAO','SYLVIA',NULL,'2015-08-11 20:07:22','2015-08-11 20:07:22'),
	(52,59,'GUTIERREZ','DANIEL',NULL,NULL,NULL,NULL,NULL,NULL,NULL,NULL,NULL,NULL,'A',NULL,'null','null',NULL,'2015-08-11 20:07:24','2015-08-11 20:07:24'),
	(53,60,'VENERANDO - RACHO','GIL',NULL,NULL,NULL,NULL,NULL,NULL,NULL,NULL,NULL,NULL,'A',NULL,'null','null',NULL,'2015-08-11 20:07:25','2015-08-11 20:07:25'),
	(54,61,'SALDANA','REAH',NULL,NULL,NULL,NULL,NULL,NULL,NULL,NULL,NULL,NULL,'A',NULL,'null','null',NULL,'2015-08-11 20:07:27','2015-08-11 20:07:27'),
	(55,62,'LIM','JOHN',NULL,NULL,NULL,NULL,NULL,NULL,NULL,NULL,NULL,NULL,'A',NULL,'null','null',NULL,'2015-08-11 20:07:29','2015-08-11 20:07:29'),
	(56,63,'DE LIANO','NORBERT',NULL,NULL,NULL,NULL,NULL,NULL,NULL,NULL,NULL,NULL,'A',NULL,'null','null',NULL,'2015-08-11 20:07:30','2015-08-11 20:07:30'),
	(57,64,'CHUA','HELEN',NULL,NULL,NULL,NULL,NULL,NULL,NULL,NULL,NULL,NULL,'A',NULL,'null','null',NULL,'2015-08-11 20:07:32','2015-08-11 20:07:32'),
	(58,65,'FAJARITO','RAY ANTHONY',NULL,NULL,NULL,NULL,NULL,NULL,NULL,NULL,NULL,NULL,'A',NULL,'null','null',NULL,'2015-08-11 20:07:33','2015-08-11 20:07:33'),
	(59,67,'JUAN','MAXIMO',NULL,NULL,NULL,NULL,NULL,NULL,NULL,NULL,NULL,NULL,'A',NULL,'JUAN','LIGAYA',NULL,'2015-08-11 20:07:36','2015-08-11 20:07:36'),
	(60,68,'BELMONTE','NORMALYN',NULL,NULL,NULL,NULL,NULL,NULL,NULL,NULL,NULL,NULL,'A',NULL,'null','null',NULL,'2015-08-11 20:07:37','2015-08-11 20:07:37'),
	(61,69,'SANCHEZ','JERUEL',NULL,NULL,NULL,NULL,NULL,NULL,NULL,NULL,NULL,NULL,'A',NULL,'SANCHEZ','MARGARETH',NULL,'2015-08-11 20:07:39','2015-08-11 20:07:39'),
	(62,70,'JOSEF','IRISH',NULL,NULL,NULL,NULL,NULL,NULL,NULL,NULL,NULL,NULL,'A',NULL,'null','null',NULL,'2015-08-11 20:07:41','2015-08-11 20:07:41'),
	(63,71,'SALES','MELINA',NULL,NULL,NULL,NULL,NULL,NULL,NULL,NULL,NULL,NULL,'A',NULL,'null','null',NULL,'2015-08-11 20:07:43','2015-08-11 20:07:43'),
	(64,72,'DE JESUS','VICTORIA',NULL,NULL,NULL,NULL,NULL,NULL,NULL,NULL,NULL,NULL,'A',NULL,'null','null',NULL,'2015-08-11 20:07:44','2015-08-11 20:07:44'),
	(65,74,'VICTORY','PROPERTY HOLDINGS',NULL,NULL,NULL,NULL,NULL,NULL,NULL,NULL,NULL,NULL,'A',NULL,'null','null',NULL,'2015-08-11 20:07:48','2015-08-11 20:07:48'),
	(66,75,'VALERA','ERIC PAUL',NULL,NULL,NULL,NULL,NULL,NULL,NULL,NULL,NULL,NULL,'A',NULL,'VALERA','THERESE',NULL,'2015-08-11 20:07:50','2015-08-11 20:07:50'),
	(67,77,'DEL ROSARIO','VIC',NULL,NULL,NULL,NULL,NULL,NULL,NULL,NULL,NULL,NULL,'A',NULL,'null','null',NULL,'2015-08-11 20:07:53','2015-08-11 20:07:53'),
	(68,78,'BARA','JOSEPH LEE',NULL,NULL,NULL,NULL,NULL,NULL,NULL,NULL,NULL,NULL,'A',NULL,'null','null',NULL,'2015-08-11 20:07:54','2015-08-11 20:07:54'),
	(69,79,'MENDOZA','MERITO',NULL,NULL,NULL,NULL,NULL,NULL,NULL,NULL,NULL,NULL,'A',NULL,'MENDOZA','AGNES',NULL,'2015-08-11 20:07:56','2015-08-11 20:07:56'),
	(70,80,'ESTEBAN','CHRISTOPHER RYAN',NULL,NULL,NULL,NULL,NULL,NULL,NULL,NULL,NULL,NULL,'A',NULL,'ESTEBAN','NINA GRACE',NULL,'2015-08-11 20:07:57','2015-08-11 20:07:57'),
	(71,82,'ESTEBAN','PHILIP RONALD',NULL,NULL,NULL,NULL,NULL,NULL,NULL,NULL,NULL,NULL,'A',NULL,'null','null',NULL,'2015-08-11 20:08:00','2015-08-11 20:08:00'),
	(72,83,'ESTEBAN','LAURO',NULL,NULL,NULL,NULL,NULL,NULL,NULL,NULL,NULL,NULL,'A',NULL,'ESTEBAN','TEODORA',NULL,'2015-08-11 20:08:02','2015-08-11 20:08:02'),
	(73,84,'MARASIGAN','JOAN',NULL,NULL,NULL,NULL,NULL,NULL,NULL,NULL,NULL,NULL,'A',NULL,'null','null',NULL,'2015-08-11 20:08:03','2015-08-11 20:08:03'),
	(74,85,'MENDOZA','NOEMI',NULL,NULL,NULL,NULL,NULL,NULL,NULL,NULL,NULL,NULL,'A',NULL,'HERNANDEZ','MYRNA',NULL,'2015-08-11 20:08:05','2015-08-11 20:08:05'),
	(75,86,'MANDAP','DAISY',NULL,NULL,NULL,NULL,NULL,NULL,NULL,NULL,NULL,NULL,'A',NULL,'null','null',NULL,'2015-08-11 20:08:06','2015-08-11 20:08:06'),
	(76,87,'UYEKLIONG','MANUEL',NULL,NULL,NULL,NULL,NULL,NULL,NULL,NULL,NULL,NULL,'A',NULL,'null','null',NULL,'2015-08-11 20:08:08','2015-08-11 20:08:08'),
	(77,88,'ONG','WENCESLAO',NULL,NULL,NULL,NULL,NULL,NULL,NULL,NULL,NULL,NULL,'A',NULL,'null','null',NULL,'2015-08-11 20:08:09','2015-08-11 20:08:09'),
	(78,89,'PONCE','WILFREDA',NULL,NULL,NULL,NULL,NULL,NULL,NULL,NULL,NULL,NULL,'A',NULL,'null','null',NULL,'2015-08-11 20:08:11','2015-08-11 20:08:11'),
	(79,90,'PONCE','LOUIS PHILIPPE',NULL,NULL,NULL,NULL,NULL,NULL,NULL,NULL,NULL,NULL,'A',NULL,'PEREZ','JAY-JAY DE LEON',NULL,'2015-08-11 20:08:12','2015-08-11 20:08:12'),
	(80,91,'CALUBAD','MARCO',NULL,NULL,NULL,NULL,NULL,NULL,NULL,NULL,NULL,NULL,'A',NULL,'null','null',NULL,'2015-08-11 20:08:14','2015-08-11 20:08:14'),
	(81,93,'ECLAVEA','JEANNIE',NULL,NULL,NULL,NULL,NULL,NULL,NULL,NULL,NULL,NULL,'A',NULL,'ECLAVEA','EDISON',NULL,'2015-08-11 20:08:16','2015-08-11 20:08:16'),
	(82,94,'MAPE','ALFREDO',NULL,NULL,NULL,NULL,NULL,NULL,NULL,NULL,NULL,NULL,'A',NULL,'null','null',NULL,'2015-08-11 20:08:18','2015-08-11 20:08:18'),
	(83,95,'OCHOA','PAQUITO',NULL,NULL,NULL,NULL,NULL,NULL,NULL,NULL,NULL,NULL,'A',NULL,'OCHOA','PINKY',NULL,'2015-08-11 20:08:19','2015-08-11 20:08:19'),
	(84,96,'BALATBAT','JOSEPH',NULL,NULL,NULL,NULL,NULL,NULL,NULL,NULL,NULL,NULL,'A',NULL,'null','null',NULL,'2015-08-11 20:08:21','2015-08-11 20:08:21'),
	(85,97,'BALATBAT','RAYMOND',NULL,NULL,NULL,NULL,NULL,NULL,NULL,NULL,NULL,NULL,'A',NULL,'null','null',NULL,'2015-08-11 20:08:23','2015-08-11 20:08:23'),
	(86,98,'AIR TIME MARKETING','TESSIE HOWARD',NULL,NULL,NULL,NULL,NULL,NULL,NULL,NULL,NULL,NULL,'A',NULL,'null','null',NULL,'2015-08-11 20:08:24','2015-08-11 20:08:24'),
	(87,99,'STO. DOMINGO','ROMER',NULL,NULL,NULL,NULL,NULL,NULL,NULL,NULL,NULL,NULL,'A',NULL,'null','null',NULL,'2015-08-11 20:08:26','2015-08-11 20:08:26'),
	(88,100,'PABALAN','ESTRELLA',NULL,NULL,NULL,NULL,NULL,NULL,NULL,NULL,NULL,NULL,'A',NULL,'null','null',NULL,'2015-08-11 20:08:28','2015-08-11 20:08:28'),
	(89,101,'OCHOA','MA. ELENA',NULL,NULL,NULL,NULL,NULL,NULL,NULL,NULL,NULL,NULL,'A',NULL,'null','null',NULL,'2015-08-11 20:08:30','2015-08-11 20:08:30'),
	(90,102,'JARO','JOSEPH MICHAEL',NULL,NULL,NULL,NULL,NULL,NULL,NULL,NULL,NULL,NULL,'A',NULL,'null','null',NULL,'2015-08-11 20:08:31','2015-08-11 20:08:31'),
	(91,103,'VILLAMOR','TERESITA',NULL,NULL,NULL,NULL,NULL,NULL,NULL,NULL,NULL,NULL,'A',NULL,'null','null',NULL,'2015-08-11 20:08:33','2015-08-11 20:08:33'),
	(92,104,'LARANANG','INOCENCIO',NULL,NULL,NULL,NULL,NULL,NULL,NULL,NULL,NULL,NULL,'A',NULL,'null','null',NULL,'2015-08-11 20:08:34','2015-08-11 20:08:34'),
	(93,105,'GABITAN','ROBERT',NULL,NULL,NULL,NULL,NULL,NULL,NULL,NULL,NULL,NULL,'A',NULL,'null','null',NULL,'2015-08-11 20:08:36','2015-08-11 20:08:36'),
	(94,106,'LIM','JAIME',NULL,NULL,NULL,NULL,NULL,NULL,NULL,NULL,NULL,NULL,'A',NULL,'LIM','MICHELLE',NULL,'2015-08-11 20:08:38','2015-08-11 20:08:38'),
	(95,107,'PIMENTEL','JESUS',NULL,NULL,NULL,NULL,NULL,NULL,NULL,NULL,NULL,NULL,'A',NULL,'PIMENTEL','CORAZON',NULL,'2015-08-11 20:08:40','2015-08-11 20:08:40'),
	(96,108,'BENITEZ','BENJAMIN',NULL,NULL,NULL,NULL,NULL,NULL,NULL,NULL,NULL,NULL,'A',NULL,'null','null',NULL,'2015-08-11 20:08:41','2015-08-11 20:08:41'),
	(97,109,'DESUASIDO','JOHN',NULL,NULL,NULL,NULL,NULL,NULL,NULL,NULL,NULL,NULL,'A',NULL,'null','null',NULL,'2015-08-11 20:08:43','2015-08-11 20:08:43'),
	(98,110,'SABILE','WELHELMINA',NULL,NULL,NULL,NULL,NULL,NULL,NULL,NULL,NULL,NULL,'A',NULL,'null','null',NULL,'2015-08-11 20:08:45','2015-08-11 20:08:45'),
	(99,111,'ALMARIO','EMELINA',NULL,NULL,NULL,NULL,NULL,NULL,NULL,NULL,NULL,NULL,'A',NULL,'null','null',NULL,'2015-08-11 20:08:46','2015-08-11 20:08:46'),
	(100,112,'LORENZO','VIVECA',NULL,NULL,NULL,NULL,NULL,NULL,NULL,NULL,NULL,NULL,'A',NULL,'null','null',NULL,'2015-08-11 20:08:50','2015-08-11 20:08:50'),
	(101,113,'DAVID','CARLOS',NULL,NULL,NULL,NULL,NULL,NULL,NULL,NULL,NULL,NULL,'A',NULL,'null','null',NULL,'2015-08-11 20:08:52','2015-08-11 20:08:52'),
	(102,114,'NATIVIDAD','DIONISIO',NULL,NULL,NULL,NULL,NULL,NULL,NULL,NULL,NULL,NULL,'A',NULL,'null','null',NULL,'2015-08-11 20:08:53','2015-08-11 20:08:53'),
	(103,115,'ESSENCE','QUINT',NULL,NULL,NULL,NULL,NULL,NULL,NULL,NULL,NULL,NULL,'A',NULL,'null','null',NULL,'2015-08-11 20:08:55','2015-08-11 20:08:55'),
	(104,117,'RICO','AQUILEO',NULL,NULL,NULL,NULL,NULL,NULL,NULL,NULL,NULL,NULL,'A',NULL,'RICO','CYNTHIA',NULL,'2015-08-11 20:08:58','2015-08-11 20:08:58'),
	(105,118,'CLEMENTE','FERDINAND',NULL,NULL,NULL,NULL,NULL,NULL,NULL,NULL,NULL,NULL,'A',NULL,'null','null',NULL,'2015-08-11 20:08:59','2015-08-11 20:08:59'),
	(106,119,'PAGUNTALAN','JAIRUS',NULL,NULL,NULL,NULL,NULL,NULL,NULL,NULL,NULL,NULL,'A',NULL,'null','null',NULL,'2015-08-11 20:09:01','2015-08-11 20:09:01'),
	(107,120,'PAGUNTALAN','GERALDINE',NULL,NULL,NULL,NULL,NULL,NULL,NULL,NULL,NULL,NULL,'A',NULL,'null','null',NULL,'2015-08-11 20:09:10','2015-08-11 20:09:10'),
	(108,121,'HUA','TERRY',NULL,NULL,NULL,NULL,NULL,NULL,NULL,NULL,NULL,NULL,'A',NULL,'HUA','JANINE',NULL,'2015-08-11 20:09:11','2015-08-11 20:09:11'),
	(109,122,'DIMAILIG','ALEJO',NULL,NULL,NULL,NULL,NULL,NULL,NULL,NULL,NULL,NULL,'A',NULL,'DIMALIG','NIMFA',NULL,'2015-08-11 20:09:13','2015-08-11 20:09:13'),
	(110,123,'RABULAN','MICHAEL',NULL,NULL,NULL,NULL,NULL,NULL,NULL,NULL,NULL,NULL,'A',NULL,'null','null',NULL,'2015-08-11 20:09:14','2015-08-11 20:09:14'),
	(111,124,'MENDOZA','SONNY / PEARL',NULL,NULL,NULL,NULL,NULL,NULL,NULL,NULL,NULL,NULL,'A',NULL,'null','null',NULL,'2015-08-11 20:09:16','2015-08-11 20:09:16'),
	(112,125,'TIBAYAN','ROBERTO',NULL,NULL,NULL,NULL,NULL,NULL,NULL,NULL,NULL,NULL,'A',NULL,'null','null',NULL,'2015-08-11 20:09:18','2015-08-11 20:09:18'),
	(113,126,'TAN','MICHAEL',NULL,NULL,NULL,NULL,NULL,NULL,NULL,NULL,NULL,NULL,'A',NULL,'TAN','LORELIE',NULL,'2015-08-11 20:09:19','2015-08-11 20:09:19'),
	(114,127,'BUENA','ARTURO',NULL,NULL,NULL,NULL,NULL,NULL,NULL,NULL,NULL,NULL,'A',NULL,'null','null',NULL,'2015-08-11 20:09:21','2015-08-11 20:09:21'),
	(115,128,'BONGCO','ARTURO',NULL,NULL,NULL,NULL,NULL,NULL,NULL,NULL,NULL,NULL,'A',NULL,'null','null',NULL,'2015-08-11 20:09:22','2015-08-11 20:09:22'),
	(116,129,'CREENCIA','RAOUL',NULL,NULL,NULL,NULL,NULL,NULL,NULL,NULL,NULL,NULL,'A',NULL,'null','null',NULL,'2015-08-11 20:09:24','2015-08-11 20:09:24'),
	(117,131,'COBARRUBIAS','MARIUS',NULL,NULL,NULL,NULL,NULL,NULL,NULL,NULL,NULL,NULL,'A',NULL,'null','null',NULL,'2015-08-11 20:09:28','2015-08-11 20:09:28'),
	(118,132,'FERRER','RONALD',NULL,NULL,NULL,NULL,NULL,NULL,NULL,NULL,NULL,NULL,'A',NULL,'null','null',NULL,'2015-08-11 20:09:29','2015-08-11 20:09:29'),
	(119,133,'LEYEZA','MA. ELIZABETH',NULL,NULL,NULL,NULL,NULL,NULL,NULL,NULL,NULL,NULL,'A',NULL,'null','null',NULL,'2015-08-11 20:09:31','2015-08-11 20:09:31'),
	(120,134,'MARIANO','CARLOS',NULL,NULL,NULL,NULL,NULL,NULL,NULL,NULL,NULL,NULL,'A',NULL,'null','null',NULL,'2015-08-11 20:09:32','2015-08-11 20:09:32'),
	(121,135,'MARON','RAYMOND',NULL,NULL,NULL,NULL,NULL,NULL,NULL,NULL,NULL,NULL,'A',NULL,'MARON','NANETTE',NULL,'2015-08-11 20:09:34','2015-08-11 20:09:34'),
	(122,136,'CARLOS','PILAR',NULL,NULL,NULL,NULL,NULL,NULL,NULL,NULL,NULL,NULL,'A',NULL,'null','null',NULL,'2015-08-11 20:09:36','2015-08-11 20:09:36'),
	(123,138,'ESPIRITU','INEZ',NULL,NULL,NULL,NULL,NULL,NULL,NULL,NULL,NULL,NULL,'A',NULL,'null','null',NULL,'2015-08-11 20:09:38','2015-08-11 20:09:38'),
	(124,139,'CURAMMENG','LOUISE',NULL,NULL,NULL,NULL,NULL,NULL,NULL,NULL,NULL,NULL,'A',NULL,'null','null',NULL,'2015-08-11 20:09:40','2015-08-11 20:09:40'),
	(125,140,'JULIANO','ALELI',NULL,NULL,NULL,NULL,NULL,NULL,NULL,NULL,NULL,NULL,'A',NULL,'null','null',NULL,'2015-08-11 20:09:41','2015-08-11 20:09:41'),
	(126,141,'MONROY','HERMOGENES',NULL,NULL,NULL,NULL,NULL,NULL,NULL,NULL,NULL,NULL,'A',NULL,'null','null',NULL,'2015-08-11 20:09:43','2015-08-11 20:09:43'),
	(127,142,'LLORCA','RICHARD',NULL,NULL,NULL,NULL,NULL,NULL,NULL,NULL,NULL,NULL,'A',NULL,'null','null',NULL,'2015-08-11 20:09:45','2015-08-11 20:09:45'),
	(128,143,'BAUTISTA','JOSE PACIANO',NULL,NULL,NULL,NULL,NULL,NULL,NULL,NULL,NULL,NULL,'A',NULL,'null','null',NULL,'2015-08-11 20:09:46','2015-08-11 20:09:46'),
	(129,144,'NATIVIDAD','MAMERTO',NULL,NULL,NULL,NULL,NULL,NULL,NULL,NULL,NULL,NULL,'A',NULL,'null','null',NULL,'2015-08-11 20:09:48','2015-08-11 20:09:48'),
	(130,145,'CHUA','JERICHO',NULL,NULL,NULL,NULL,NULL,NULL,NULL,NULL,NULL,NULL,'A',NULL,'null','null',NULL,'2015-08-11 20:09:50','2015-08-11 20:09:50'),
	(131,146,'ALANDY','ERWIN',NULL,NULL,NULL,NULL,NULL,NULL,NULL,NULL,NULL,NULL,'A',NULL,'null','null',NULL,'2015-08-11 20:09:51','2015-08-11 20:09:51'),
	(132,147,'AQUINO','VENUSTO',NULL,NULL,NULL,NULL,NULL,NULL,NULL,NULL,NULL,NULL,'A',NULL,'null','null',NULL,'2015-08-11 20:09:53','2015-08-11 20:09:53'),
	(133,148,'VILLAGRACIA','REX',NULL,NULL,NULL,NULL,NULL,NULL,NULL,NULL,NULL,NULL,'A',NULL,'null','null',NULL,'2015-08-11 20:09:55','2015-08-11 20:09:55'),
	(134,149,'BANTIGUE','RAMON',NULL,NULL,NULL,NULL,NULL,NULL,NULL,NULL,NULL,NULL,'A',NULL,'null','null',NULL,'2015-08-11 20:09:57','2015-08-11 20:09:57'),
	(135,150,'CHENG','CHRISTOPHER',NULL,NULL,NULL,NULL,NULL,NULL,NULL,NULL,NULL,NULL,'A',NULL,'null','null',NULL,'2015-08-11 20:09:58','2015-08-11 20:09:58'),
	(136,151,'ORDAS','PRESENTACION',NULL,NULL,NULL,NULL,NULL,NULL,NULL,NULL,NULL,NULL,'A',NULL,'null','null',NULL,'2015-08-11 20:10:01','2015-08-11 20:10:01'),
	(137,152,'ZAPANTA','FERMIN',NULL,NULL,NULL,NULL,NULL,NULL,NULL,NULL,NULL,NULL,'A',NULL,'null','null',NULL,'2015-08-11 20:10:03','2015-08-11 20:10:03'),
	(138,153,'ESCOLAR','ROCHELLE',NULL,NULL,NULL,NULL,NULL,NULL,NULL,NULL,NULL,NULL,'A',NULL,'null','null',NULL,'2015-08-11 20:10:04','2015-08-11 20:10:04'),
	(139,154,'ANASCO','RONALD DAVID',NULL,NULL,NULL,NULL,NULL,NULL,NULL,NULL,NULL,NULL,'A',NULL,'null','null',NULL,'2015-08-11 20:10:06','2015-08-11 20:10:06'),
	(140,155,'SALAZAR','JOSE',NULL,NULL,NULL,NULL,NULL,NULL,NULL,NULL,NULL,NULL,'A',NULL,'null','null',NULL,'2015-08-11 20:10:08','2015-08-11 20:10:08'),
	(141,156,'RONCESVALLES','JOSE',NULL,NULL,NULL,NULL,NULL,NULL,NULL,NULL,NULL,NULL,'A',NULL,'RONCESVALLES','CELIA',NULL,'2015-08-11 20:10:09','2015-08-11 20:10:09'),
	(142,157,'TING','JIMMY',NULL,NULL,NULL,NULL,NULL,NULL,NULL,NULL,NULL,NULL,'A',NULL,'null','null',NULL,'2015-08-11 20:10:11','2015-08-11 20:10:11'),
	(143,158,'HILL','MARY ANTONETTE',NULL,NULL,NULL,NULL,NULL,NULL,NULL,NULL,NULL,NULL,'A',NULL,'null','null',NULL,'2015-08-11 20:10:12','2015-08-11 20:10:12'),
	(144,160,'ADEY','BELINDA',NULL,NULL,NULL,NULL,NULL,NULL,NULL,NULL,NULL,NULL,'A',NULL,'null','null',NULL,'2015-08-11 20:10:15','2015-08-11 20:10:15'),
	(145,162,'MOISES','RIZA',NULL,NULL,NULL,NULL,NULL,NULL,NULL,NULL,NULL,NULL,'A',NULL,'null','null',NULL,'2015-08-11 20:10:17','2015-08-11 20:10:17'),
	(146,163,'REBLANDO','MYRNA',NULL,NULL,NULL,NULL,NULL,NULL,NULL,NULL,NULL,NULL,'A',NULL,'null','null',NULL,'2015-08-11 20:10:19','2015-08-11 20:10:19'),
	(147,164,'JAMES','ANGELIQUE',NULL,NULL,NULL,NULL,NULL,NULL,NULL,NULL,NULL,NULL,'A',NULL,'JAMES','DEON',NULL,'2015-08-11 20:10:20','2015-08-11 20:10:20'),
	(148,165,'ZABAT','JOHNSON',NULL,NULL,NULL,NULL,NULL,NULL,NULL,NULL,NULL,NULL,'A',NULL,'null','null',NULL,'2015-08-11 20:10:22','2015-08-11 20:10:22'),
	(149,166,'SANTOS','ALEX',NULL,NULL,NULL,NULL,NULL,NULL,NULL,NULL,NULL,NULL,'A',NULL,'SANTOS','JOANNA',NULL,'2015-08-11 20:10:24','2015-08-11 20:10:24'),
	(150,167,'FELICIANO','ELDA',NULL,NULL,NULL,NULL,NULL,NULL,NULL,NULL,NULL,NULL,'A',NULL,'null','null',NULL,'2015-08-11 20:10:25','2015-08-11 20:10:25'),
	(151,169,'ACOSTA','NESTOR',NULL,NULL,NULL,NULL,NULL,NULL,NULL,NULL,NULL,NULL,'A',NULL,'null','null',NULL,'2015-08-11 20:10:28','2015-08-11 20:10:28'),
	(152,170,'SUING','JOSE',NULL,NULL,NULL,NULL,NULL,NULL,NULL,NULL,NULL,NULL,'A',NULL,'null','null',NULL,'2015-08-11 20:10:32','2015-08-11 20:10:32'),
	(153,171,'VALENZUELA','ROBERTO',NULL,NULL,NULL,NULL,NULL,NULL,NULL,NULL,NULL,NULL,'A',NULL,'null','null',NULL,'2015-08-11 20:10:34','2015-08-11 20:10:34'),
	(154,172,'CATEDRILLA','HERMELINO',NULL,NULL,NULL,NULL,NULL,NULL,NULL,NULL,NULL,NULL,'A',NULL,'CATEDRILLA','WILHELA',NULL,'2015-08-11 20:10:36','2015-08-11 20:10:36'),
	(155,173,'ROMERO','EMMANUEL DAVID',NULL,NULL,NULL,NULL,NULL,NULL,NULL,NULL,NULL,NULL,'A',NULL,'null','null',NULL,'2015-08-11 20:10:38','2015-08-11 20:10:38'),
	(156,174,'NIVERA','NOEL',NULL,NULL,NULL,NULL,NULL,NULL,NULL,NULL,NULL,NULL,'A',NULL,'null','null',NULL,'2015-08-11 20:10:39','2015-08-11 20:10:39'),
	(157,175,'SISON','MA. MICHELLE RACQUEL',NULL,NULL,NULL,NULL,NULL,NULL,NULL,NULL,NULL,NULL,'A',NULL,'null','null',NULL,'2015-08-11 20:10:41','2015-08-11 20:10:41'),
	(158,176,'WONDEROAD','CORPORATION',NULL,NULL,NULL,NULL,NULL,NULL,NULL,NULL,NULL,NULL,'A',NULL,'null','null',NULL,'2015-08-11 20:10:42','2015-08-11 20:10:42'),
	(159,177,'BLAKE','LUCILA',NULL,NULL,NULL,NULL,NULL,NULL,NULL,NULL,NULL,NULL,'A',NULL,'null','null',NULL,'2015-08-11 20:10:47','2015-08-11 20:10:47'),
	(160,179,'FAJARDO','HERSALIE',NULL,NULL,NULL,NULL,NULL,NULL,NULL,NULL,NULL,NULL,'A',NULL,'null','null',NULL,'2015-08-11 20:10:49','2015-08-11 20:10:49'),
	(161,180,'ALIBUDBUD','LILIA',NULL,NULL,NULL,NULL,NULL,NULL,NULL,NULL,NULL,NULL,'A',NULL,'null','null',NULL,'2015-08-11 20:10:51','2015-08-11 20:10:51'),
	(162,181,'DEE','DEXTER',NULL,NULL,NULL,NULL,NULL,NULL,NULL,NULL,NULL,NULL,'A',NULL,'null','null',NULL,'2015-08-11 20:10:53','2015-08-11 20:10:53'),
	(163,182,'DUMLAO','NELIZA',NULL,NULL,NULL,NULL,NULL,NULL,NULL,NULL,NULL,NULL,'A',NULL,'DUMLAO','TRISTAN',NULL,'2015-08-11 20:10:55','2015-08-11 20:10:55'),
	(164,183,'HERNANDEZ','MARCELLUS',NULL,NULL,NULL,NULL,NULL,NULL,NULL,NULL,NULL,NULL,'A',NULL,'HERNANDEZ','JOHANNA',NULL,'2015-08-11 20:10:57','2015-08-11 20:10:57'),
	(165,184,'KING','JESUS',NULL,NULL,NULL,NULL,NULL,NULL,NULL,NULL,NULL,NULL,'A',NULL,'null','null',NULL,'2015-08-11 20:10:58','2015-08-11 20:10:58'),
	(166,186,'TABUCAL','NATASHA',NULL,NULL,NULL,NULL,NULL,NULL,NULL,NULL,NULL,NULL,'A',NULL,'null','null',NULL,'2015-08-11 20:11:01','2015-08-11 20:11:01'),
	(167,187,'LUKBAN','FRANCISCO',NULL,NULL,NULL,NULL,NULL,NULL,NULL,NULL,NULL,NULL,'A',NULL,'null','null',NULL,'2015-08-11 20:11:03','2015-08-11 20:11:03'),
	(168,188,'DIZON','FERDINAND',NULL,NULL,NULL,NULL,NULL,NULL,NULL,NULL,NULL,NULL,'A',NULL,'null','null',NULL,'2015-08-11 20:11:04','2015-08-11 20:11:04'),
	(169,189,'LIM','EDITH',NULL,NULL,NULL,NULL,NULL,NULL,NULL,NULL,NULL,NULL,'A',NULL,'null','null',NULL,'2015-08-11 20:11:06','2015-08-11 20:11:06'),
	(170,190,'LIM','JOLYLON',NULL,NULL,NULL,NULL,NULL,NULL,NULL,NULL,NULL,NULL,'A',NULL,'null','null',NULL,'2015-08-11 20:11:09','2015-08-11 20:11:09'),
	(171,191,'CHENG','ALEXANDER',NULL,NULL,NULL,NULL,NULL,NULL,NULL,NULL,NULL,NULL,'A',NULL,'null','null',NULL,'2015-08-11 20:11:10','2015-08-11 20:11:10'),
	(172,192,'CHENG','ALBERT',NULL,NULL,NULL,NULL,NULL,NULL,NULL,NULL,NULL,NULL,'A',NULL,'CHENG','MICHAEL',NULL,'2015-08-11 20:11:12','2015-08-11 20:11:12'),
	(173,193,'YANGCO','ARNOLD',NULL,NULL,NULL,NULL,NULL,NULL,NULL,NULL,NULL,NULL,'A',NULL,'null','null',NULL,'2015-08-11 20:11:14','2015-08-11 20:11:14'),
	(174,194,'SISON','ROBERTO',NULL,NULL,NULL,NULL,NULL,NULL,NULL,NULL,NULL,NULL,'A',NULL,'null','null',NULL,'2015-08-11 20:11:15','2015-08-11 20:11:15'),
	(175,196,'HAW','LEN JR',NULL,NULL,NULL,NULL,NULL,NULL,NULL,NULL,NULL,NULL,'A',NULL,'null','null',NULL,'2015-08-11 20:11:19','2015-08-11 20:11:19'),
	(176,197,'RAMOS','GLORIVILLE',NULL,NULL,NULL,NULL,NULL,NULL,NULL,NULL,NULL,NULL,'A',NULL,'null','null',NULL,'2015-08-11 20:11:22','2015-08-11 20:11:22'),
	(177,198,'SAN JUAN','REYNALDO',NULL,NULL,NULL,NULL,NULL,NULL,NULL,NULL,NULL,NULL,'A',NULL,'null','null',NULL,'2015-08-11 20:11:23','2015-08-11 20:11:23'),
	(178,199,'ITURRALDE','INGRID',NULL,NULL,NULL,NULL,NULL,NULL,NULL,NULL,NULL,NULL,'A',NULL,'null','null',NULL,'2015-08-11 20:11:25','2015-08-11 20:11:25'),
	(179,200,'DELA PAZ LOYA','ALVIN',NULL,NULL,NULL,NULL,NULL,NULL,NULL,NULL,NULL,NULL,'A',NULL,'null','null',NULL,'2015-08-11 20:11:26','2015-08-11 20:11:26'),
	(180,201,'DELA CUESTA','GARY',NULL,NULL,NULL,NULL,NULL,NULL,NULL,NULL,NULL,NULL,'A',NULL,'null','null',NULL,'2015-08-11 20:11:28','2015-08-11 20:11:28'),
	(181,202,'DEL CASTILLO','KATHERINE',NULL,NULL,NULL,NULL,NULL,NULL,NULL,NULL,NULL,NULL,'A',NULL,'null','null',NULL,'2015-08-11 20:11:29','2015-08-11 20:11:29'),
	(182,203,'GONZAGA','GERARDO',NULL,NULL,NULL,NULL,NULL,NULL,NULL,NULL,NULL,NULL,'A',NULL,'null','null',NULL,'2015-08-11 20:11:31','2015-08-11 20:11:31'),
	(183,204,'MANALASTAS','UDELISA',NULL,NULL,NULL,NULL,NULL,NULL,NULL,NULL,NULL,NULL,'A',NULL,'null','null',NULL,'2015-08-11 20:11:33','2015-08-11 20:11:33'),
	(184,205,'BASILIO','JOVITO',NULL,NULL,NULL,NULL,NULL,NULL,NULL,NULL,NULL,NULL,'A',NULL,'null','null',NULL,'2015-08-11 20:11:35','2015-08-11 20:11:35'),
	(185,206,'SABELLANO','JONALYN',NULL,NULL,NULL,NULL,NULL,NULL,NULL,NULL,NULL,NULL,'A',NULL,'null','null',NULL,'2015-08-11 20:11:37','2015-08-11 20:11:37'),
	(186,207,'BAUTISTA','REYNANTE',NULL,NULL,NULL,NULL,NULL,NULL,NULL,NULL,NULL,NULL,'A',NULL,'BAUTISTA','LESLIE',NULL,'2015-08-11 20:11:38','2015-08-11 20:11:38'),
	(187,208,'CO','ALEXANDER',NULL,NULL,NULL,NULL,NULL,NULL,NULL,NULL,NULL,NULL,'A',NULL,'null','null',NULL,'2015-08-11 20:11:40','2015-08-11 20:11:40'),
	(188,209,'TINIO-EBREO','IRMA LOU',NULL,NULL,NULL,NULL,NULL,NULL,NULL,NULL,NULL,NULL,'A',NULL,'null','null',NULL,'2015-08-11 20:11:43','2015-08-11 20:11:43'),
	(189,210,'CHING','ROMEO',NULL,NULL,NULL,NULL,NULL,NULL,NULL,NULL,NULL,NULL,'A',NULL,'null','null',NULL,'2015-08-11 20:11:46','2015-08-11 20:11:46'),
	(190,211,'NAVAL','LEANDRO',NULL,NULL,NULL,NULL,NULL,NULL,NULL,NULL,NULL,NULL,'A',NULL,'null','null',NULL,'2015-08-11 20:11:48','2015-08-11 20:11:48'),
	(191,212,'TAN','RONALD',NULL,NULL,NULL,NULL,NULL,NULL,NULL,NULL,NULL,NULL,'A',NULL,'null','null',NULL,'2015-08-11 20:11:49','2015-08-11 20:11:49'),
	(192,213,'BUMANGLAG','SUZETTE',NULL,NULL,NULL,NULL,NULL,NULL,NULL,NULL,NULL,NULL,'A',NULL,'null','null',NULL,'2015-08-11 20:11:51','2015-08-11 20:11:51'),
	(193,214,'CHUA','REYNALDO',NULL,NULL,NULL,NULL,NULL,NULL,NULL,NULL,NULL,NULL,'A',NULL,'null','null',NULL,'2015-08-11 20:11:52','2015-08-11 20:11:52'),
	(194,215,'LAM','MARY GRACE',NULL,NULL,NULL,NULL,NULL,NULL,NULL,NULL,NULL,NULL,'A',NULL,'null','null',NULL,'2015-08-11 20:11:54','2015-08-11 20:11:54'),
	(195,216,'CARBONEL','MARISOL VIRGINIA',NULL,NULL,NULL,NULL,NULL,NULL,NULL,NULL,NULL,NULL,'A',NULL,'null','null',NULL,'2015-08-11 20:11:56','2015-08-11 20:11:56'),
	(196,217,'DE MESA','DANILO',NULL,NULL,NULL,NULL,NULL,NULL,NULL,NULL,NULL,NULL,'A',NULL,'null','null',NULL,'2015-08-11 20:11:57','2015-08-11 20:11:57'),
	(197,218,'LAVIN','FERDINAND',NULL,NULL,NULL,NULL,NULL,NULL,NULL,NULL,NULL,NULL,'A',NULL,'null','null',NULL,'2015-08-11 20:11:59','2015-08-11 20:11:59'),
	(198,219,'ONG','KRISELLE',NULL,NULL,NULL,NULL,NULL,NULL,NULL,NULL,NULL,NULL,'A',NULL,'null','null',NULL,'2015-08-11 20:12:02','2015-08-11 20:12:02'),
	(199,220,'LIM','LASZLO MIGUEL',NULL,NULL,NULL,NULL,NULL,NULL,NULL,NULL,NULL,NULL,'A',NULL,'null','null',NULL,'2015-08-11 20:12:03','2015-08-11 20:12:03'),
	(200,221,'TE','IVAN',NULL,NULL,NULL,NULL,NULL,NULL,NULL,NULL,NULL,NULL,'A',NULL,'null','null',NULL,'2015-08-11 20:12:05','2015-08-11 20:12:05'),
	(201,222,'VERGEIRE','EDUARD',NULL,NULL,NULL,NULL,NULL,NULL,NULL,NULL,NULL,NULL,'A',NULL,'null','null',NULL,'2015-08-11 20:12:09','2015-08-11 20:12:09'),
	(202,223,'TING','KELVIN',NULL,NULL,NULL,NULL,NULL,NULL,NULL,NULL,NULL,NULL,'A',NULL,'null','null',NULL,'2015-08-11 20:12:10','2015-08-11 20:12:10'),
	(203,224,'NG','JASON',NULL,NULL,NULL,NULL,NULL,NULL,NULL,NULL,NULL,NULL,'A',NULL,'null','null',NULL,'2015-08-11 20:12:12','2015-08-11 20:12:12'),
	(204,225,'DIZON','OSMUNDO',NULL,NULL,NULL,NULL,NULL,NULL,NULL,NULL,NULL,NULL,'A',NULL,'null','null',NULL,'2015-08-11 20:12:14','2015-08-11 20:12:14'),
	(205,226,'VILLEGAS','RAOUL',NULL,NULL,NULL,NULL,NULL,NULL,NULL,NULL,NULL,NULL,'A',NULL,'null','null',NULL,'2015-08-11 20:12:16','2015-08-11 20:12:16'),
	(206,227,'PAGTANAC','ESTRELLA',NULL,NULL,NULL,NULL,NULL,NULL,NULL,NULL,NULL,NULL,'A',NULL,'null','null',NULL,'2015-08-11 20:12:17','2015-08-11 20:12:17'),
	(207,228,'LUGUE','PATRICK',NULL,NULL,NULL,NULL,NULL,NULL,NULL,NULL,NULL,NULL,'A',NULL,'LUGUE','PAULINE',NULL,'2015-08-11 20:12:19','2015-08-11 20:12:19'),
	(208,229,'CHUA','PETER',NULL,NULL,NULL,NULL,NULL,NULL,NULL,NULL,NULL,NULL,'A',NULL,'CHUA','JENNY',NULL,'2015-08-11 20:12:21','2015-08-11 20:12:21'),
	(209,230,'QUE','MARY GRACE SOLOMON',NULL,NULL,NULL,NULL,NULL,NULL,NULL,NULL,NULL,NULL,'A',NULL,'null','null',NULL,'2015-08-11 20:12:22','2015-08-11 20:12:22'),
	(210,231,'ZAIDE','LUIS ENRIQUE',NULL,NULL,NULL,NULL,NULL,NULL,NULL,NULL,NULL,NULL,'A',NULL,'null','null',NULL,'2015-08-11 20:12:24','2015-08-11 20:12:24'),
	(211,232,'GARIN','VALENTE',NULL,NULL,NULL,NULL,NULL,NULL,NULL,NULL,NULL,NULL,'A',NULL,'GARIN','MA. MAXIMA',NULL,'2015-08-11 20:12:26','2015-08-11 20:12:26'),
	(212,233,'TIN HAY','EDUARDO',NULL,NULL,NULL,NULL,NULL,NULL,NULL,NULL,NULL,NULL,'A',NULL,'TIN HAY','LORA MAY',NULL,'2015-08-11 20:12:27','2015-08-11 20:12:27'),
	(213,234,'CHAVEZ','JOSELITO',NULL,NULL,NULL,NULL,NULL,NULL,NULL,NULL,NULL,NULL,'A',NULL,'null','null',NULL,'2015-08-11 20:12:29','2015-08-11 20:12:29'),
	(214,235,'VILLANUEVA','DANIEL',NULL,NULL,NULL,NULL,NULL,NULL,NULL,NULL,NULL,NULL,'A',NULL,'null','null',NULL,'2015-08-11 20:12:31','2015-08-11 20:12:31'),
	(215,236,'SOLLANO','JEOGE',NULL,NULL,NULL,NULL,NULL,NULL,NULL,NULL,NULL,NULL,'A',NULL,'null','null',NULL,'2015-08-11 20:12:34','2015-08-11 20:12:34'),
	(216,237,'CUSTODIO','GLORIA',NULL,NULL,NULL,NULL,NULL,NULL,NULL,NULL,NULL,NULL,'A',NULL,'null','null',NULL,'2015-08-11 20:12:36','2015-08-11 20:12:36'),
	(217,238,'CARDENAS','ROBERTO',NULL,NULL,NULL,NULL,NULL,NULL,NULL,NULL,NULL,NULL,'A',NULL,'null','null',NULL,'2015-08-11 20:12:37','2015-08-11 20:12:37'),
	(218,239,'UY','TYRONE KING',NULL,NULL,NULL,NULL,NULL,NULL,NULL,NULL,NULL,NULL,'A',NULL,'null','null',NULL,'2015-08-11 20:12:39','2015-08-11 20:12:39'),
	(219,240,'CHUA','ABIGAIL BRIDGET',NULL,NULL,NULL,NULL,NULL,NULL,NULL,NULL,NULL,NULL,'A',NULL,'null','null',NULL,'2015-08-11 20:12:40','2015-08-11 20:12:40'),
	(220,242,'ATIENZA','RALPH',NULL,NULL,NULL,NULL,NULL,NULL,NULL,NULL,NULL,NULL,'A',NULL,'null','null',NULL,'2015-08-11 20:12:45','2015-08-11 20:12:45'),
	(221,243,'GAN','DENNIS',NULL,NULL,NULL,NULL,NULL,NULL,NULL,NULL,NULL,NULL,'A',NULL,'null','null',NULL,'2015-08-11 20:12:47','2015-08-11 20:12:47'),
	(222,244,'CHUACOKIONG','AILEEN',NULL,NULL,NULL,NULL,NULL,NULL,NULL,NULL,NULL,NULL,'A',NULL,'null','null',NULL,'2015-08-11 20:12:49','2015-08-11 20:12:49'),
	(223,245,'DE GUZMAN','RAFAEL',NULL,NULL,NULL,NULL,NULL,NULL,NULL,NULL,NULL,NULL,'A',NULL,'null','null',NULL,'2015-08-11 20:12:50','2015-08-11 20:12:50'),
	(224,246,'LIMCHONG','PURITA',NULL,NULL,NULL,NULL,NULL,NULL,NULL,NULL,NULL,NULL,'A',NULL,'LIMCHONG','CONCHITA',NULL,'2015-08-11 20:12:52','2015-08-11 20:12:52'),
	(225,247,'LIEW','KON FEI',NULL,NULL,NULL,NULL,NULL,NULL,NULL,NULL,NULL,NULL,'A',NULL,'LIEW','TRACY ANN',NULL,'2015-08-11 20:12:54','2015-08-11 20:12:54'),
	(226,248,'MIRO','ANTHONY',NULL,NULL,NULL,NULL,NULL,NULL,NULL,NULL,NULL,NULL,'A',NULL,'null','null',NULL,'2015-08-11 20:12:56','2015-08-11 20:12:56'),
	(227,249,'CUANO','ROLANDO',NULL,NULL,NULL,NULL,NULL,NULL,NULL,NULL,NULL,NULL,'A',NULL,'null','null',NULL,'2015-08-11 20:12:59','2015-08-11 20:12:59'),
	(228,250,'TANSECO','OLIVER',NULL,NULL,NULL,NULL,NULL,NULL,NULL,NULL,NULL,NULL,'A',NULL,'null','null',NULL,'2015-08-11 20:13:00','2015-08-11 20:13:00'),
	(229,251,'LAMDAGAN','RAY ALFONSO',NULL,NULL,NULL,NULL,NULL,NULL,NULL,NULL,NULL,NULL,'A',NULL,'null','null',NULL,'2015-08-11 20:13:02','2015-08-11 20:13:02'),
	(230,252,'UY','SAMSON',NULL,NULL,NULL,NULL,NULL,NULL,NULL,NULL,NULL,NULL,'A',NULL,'null','null',NULL,'2015-08-11 20:13:04','2015-08-11 20:13:04'),
	(231,253,'SAN ANDRES','DOMINADOR',NULL,NULL,NULL,NULL,NULL,NULL,NULL,NULL,NULL,NULL,'A',NULL,'null','null',NULL,'2015-08-11 20:13:06','2015-08-11 20:13:06'),
	(232,254,'NAVALTA','EFREN',NULL,NULL,NULL,NULL,NULL,NULL,NULL,NULL,NULL,NULL,'A',NULL,'null','null',NULL,'2015-08-11 20:13:07','2015-08-11 20:13:07'),
	(233,255,'171220 HOLDINGS CORP.','null',NULL,NULL,NULL,NULL,NULL,NULL,NULL,NULL,NULL,NULL,'A',NULL,'null','null',NULL,'2015-08-11 20:13:09','2015-08-11 20:13:09'),
	(234,256,'LEE','ALVIN LEE',NULL,NULL,NULL,NULL,NULL,NULL,NULL,NULL,NULL,NULL,'A',NULL,'null','null',NULL,'2015-08-11 20:13:18','2015-08-11 20:13:18'),
	(235,257,'TAN','ANTONIO',NULL,NULL,NULL,NULL,NULL,NULL,NULL,NULL,NULL,NULL,'A',NULL,'null','null',NULL,'2015-08-11 20:13:19','2015-08-11 20:13:19'),
	(236,258,'ABRERA','HELENA JOYCELYN',NULL,NULL,NULL,NULL,NULL,NULL,NULL,NULL,NULL,NULL,'A',NULL,'null','null',NULL,'2015-08-11 20:13:21','2015-08-11 20:13:21'),
	(237,259,'PALAFOX','PERFECTO',NULL,NULL,NULL,NULL,NULL,NULL,NULL,NULL,NULL,NULL,'A',NULL,'null','null',NULL,'2015-08-11 20:13:23','2015-08-11 20:13:23'),
	(238,260,'ODULIO','OLIVER',NULL,NULL,NULL,NULL,NULL,NULL,NULL,NULL,NULL,NULL,'A',NULL,'null','null',NULL,'2015-08-11 20:13:24','2015-08-11 20:13:24'),
	(239,261,'SIOCHI','ALBERTITO',NULL,NULL,NULL,NULL,NULL,NULL,NULL,NULL,NULL,NULL,'A',NULL,'SIOCHI','CELIA',NULL,'2015-08-11 20:13:27','2015-08-11 20:13:27'),
	(240,262,'ONG','BETTY',NULL,NULL,NULL,NULL,NULL,NULL,NULL,NULL,NULL,NULL,'A',NULL,'null','null',NULL,'2015-08-11 20:13:29','2015-08-11 20:13:29'),
	(241,263,'ILAO','ENRICO',NULL,NULL,NULL,NULL,NULL,NULL,NULL,NULL,NULL,NULL,'A',NULL,'null','null',NULL,'2015-08-11 20:13:32','2015-08-11 20:13:32'),
	(242,264,'PLATON','MARITO',NULL,NULL,NULL,NULL,NULL,NULL,NULL,NULL,NULL,NULL,'A',NULL,'null','null',NULL,'2015-08-11 20:13:34','2015-08-11 20:13:34'),
	(243,265,'DELA CERNA','NOE',NULL,NULL,NULL,NULL,NULL,NULL,NULL,NULL,NULL,NULL,'A',NULL,'null','null',NULL,'2015-08-11 20:13:38','2015-08-11 20:13:38'),
	(244,266,'DELA CERNA','ARTUR EMILIE',NULL,NULL,NULL,NULL,NULL,NULL,NULL,NULL,NULL,NULL,'A',NULL,'null','null',NULL,'2015-08-11 20:13:40','2015-08-11 20:13:40'),
	(245,267,'DELA CERNA','BASIL',NULL,NULL,NULL,NULL,NULL,NULL,NULL,NULL,NULL,NULL,'A',NULL,'null','null',NULL,'2015-08-11 20:13:42','2015-08-11 20:13:42'),
	(246,268,'OLIMAN','EVANGELINE',NULL,NULL,NULL,NULL,NULL,NULL,NULL,NULL,NULL,NULL,'A',NULL,'null','null',NULL,'2015-08-11 20:13:43','2015-08-11 20:13:43'),
	(247,269,'MANCOL','FERNANDO JR.',NULL,NULL,NULL,NULL,NULL,NULL,NULL,NULL,NULL,NULL,'A',NULL,'null','null',NULL,'2015-08-11 20:13:45','2015-08-11 20:13:45'),
	(248,270,'SYTHAY','BENNETTE NEIL',NULL,NULL,NULL,NULL,NULL,NULL,NULL,NULL,NULL,NULL,'A',NULL,'null','null',NULL,'2015-08-11 20:13:46','2015-08-11 20:13:46'),
	(249,271,'ONG SIU','RICHARD',NULL,NULL,NULL,NULL,NULL,NULL,NULL,NULL,NULL,NULL,'A',NULL,'null','null',NULL,'2015-08-11 20:13:48','2015-08-11 20:13:48'),
	(250,272,'CAMBARE','JUAN',NULL,NULL,NULL,NULL,NULL,NULL,NULL,NULL,NULL,NULL,'A',NULL,'null','null',NULL,'2015-08-11 20:13:50','2015-08-11 20:13:50'),
	(251,273,'ISIDRO','ARSENIO',NULL,NULL,NULL,NULL,NULL,NULL,NULL,NULL,NULL,NULL,'A',NULL,'null','null',NULL,'2015-08-11 20:13:52','2015-08-11 20:13:52'),
	(252,274,'DIAZ','PIVI ANN',NULL,NULL,NULL,NULL,NULL,NULL,NULL,NULL,NULL,NULL,'A',NULL,'null','null',NULL,'2015-08-11 20:13:53','2015-08-11 20:13:53'),
	(253,275,'LAO','JOHN RICHARD',NULL,NULL,NULL,NULL,NULL,NULL,NULL,NULL,NULL,NULL,'A',NULL,'null','null',NULL,'2015-08-11 20:13:55','2015-08-11 20:13:55'),
	(254,276,'GO','JOY',NULL,NULL,NULL,NULL,NULL,NULL,NULL,NULL,NULL,NULL,'A',NULL,'null','null',NULL,'2015-08-11 20:13:56','2015-08-11 20:13:56'),
	(255,277,'LIM','CHRISTOPHER RYAN',NULL,NULL,NULL,NULL,NULL,NULL,NULL,NULL,NULL,NULL,'A',NULL,'null','null',NULL,'2015-08-11 20:13:58','2015-08-11 20:13:58'),
	(256,278,'AREVALO','JOSIELYN',NULL,NULL,NULL,NULL,NULL,NULL,NULL,NULL,NULL,NULL,'A',NULL,'null','null',NULL,'2015-08-11 20:14:00','2015-08-11 20:14:00'),
	(257,279,'CEPEDA','OSCAR FRANCISCO JR.',NULL,NULL,NULL,NULL,NULL,NULL,NULL,NULL,NULL,NULL,'A',NULL,'null','null',NULL,'2015-08-11 20:14:02','2015-08-11 20:14:02'),
	(258,280,'ESGUERRA','JOSE EXIQUEL',NULL,NULL,NULL,NULL,NULL,NULL,NULL,NULL,NULL,NULL,'A',NULL,'null','null',NULL,'2015-08-11 20:14:04','2015-08-11 20:14:04'),
	(259,281,'FLORES','ZENAIDA',NULL,NULL,NULL,NULL,NULL,NULL,NULL,NULL,NULL,NULL,'A',NULL,'null','null',NULL,'2015-08-11 20:14:06','2015-08-11 20:14:06'),
	(260,282,'SEVILLA','MA. LOURDES',NULL,NULL,NULL,NULL,NULL,NULL,NULL,NULL,NULL,NULL,'A',NULL,'null','null',NULL,'2015-08-11 20:14:10','2015-08-11 20:14:10'),
	(261,283,'VITUG','ARNOLD',NULL,NULL,NULL,NULL,NULL,NULL,NULL,NULL,NULL,NULL,'A',NULL,'null','null',NULL,'2015-08-11 20:14:11','2015-08-11 20:14:11'),
	(262,284,'PRIMAL ENTERPRISES CORP.','null',NULL,NULL,NULL,NULL,NULL,NULL,NULL,NULL,NULL,NULL,'A',NULL,'null','null',NULL,'2015-08-11 20:14:13','2015-08-11 20:14:13'),
	(263,285,'INTAL','JOHN CHRISTOPHER',NULL,NULL,NULL,NULL,NULL,NULL,NULL,NULL,NULL,NULL,'A',NULL,'null','null',NULL,'2015-08-11 20:14:15','2015-08-11 20:14:15'),
	(264,286,'GRUPO IDDES  INC.','null',NULL,NULL,NULL,NULL,NULL,NULL,NULL,NULL,NULL,NULL,'A',NULL,'null','null',NULL,'2015-08-11 20:14:17','2015-08-11 20:14:17'),
	(265,287,'ANG','DENNIS',NULL,NULL,NULL,NULL,NULL,NULL,NULL,NULL,NULL,NULL,'A',NULL,'null','null',NULL,'2015-08-11 20:14:18','2015-08-11 20:14:18'),
	(266,288,'ARIMATEA','RAQUEL',NULL,NULL,NULL,NULL,NULL,NULL,NULL,NULL,NULL,NULL,'A',NULL,'null','null',NULL,'2015-08-11 20:14:20','2015-08-11 20:14:20'),
	(267,289,'SZE','YOLANDA',NULL,NULL,NULL,NULL,NULL,NULL,NULL,NULL,NULL,NULL,'A',NULL,'null','null',NULL,'2015-08-11 20:14:22','2015-08-11 20:14:22'),
	(268,290,'MERCADO','GLORIA JUMAMIL',NULL,NULL,NULL,NULL,NULL,NULL,NULL,NULL,NULL,NULL,'A',NULL,'null','null',NULL,'2015-08-11 20:14:25','2015-08-11 20:14:25'),
	(269,291,'CO','JEANNE',NULL,NULL,NULL,NULL,NULL,NULL,NULL,NULL,NULL,NULL,'A',NULL,'null','null',NULL,'2015-08-11 20:14:26','2015-08-11 20:14:26'),
	(270,292,'TAN','VIENNA',NULL,NULL,NULL,NULL,NULL,NULL,NULL,NULL,NULL,NULL,'A',NULL,'null','null',NULL,'2015-08-11 20:14:28','2015-08-11 20:14:28'),
	(271,293,'UY','JEROME',NULL,NULL,NULL,NULL,NULL,NULL,NULL,NULL,NULL,NULL,'A',NULL,'null','null',NULL,'2015-08-11 20:14:31','2015-08-11 20:14:31'),
	(272,294,'TORREGOZA','DENISE DYAN',NULL,NULL,NULL,NULL,NULL,NULL,NULL,NULL,NULL,NULL,'A',NULL,'null','null',NULL,'2015-08-11 20:14:33','2015-08-11 20:14:33'),
	(273,295,'PASCUAL','JOHN OLIVER',NULL,NULL,NULL,NULL,NULL,NULL,NULL,NULL,NULL,NULL,'A',NULL,'null','null',NULL,'2015-08-11 20:14:35','2015-08-11 20:14:35'),
	(274,296,'JOPSON','HERNAN JUAN',NULL,NULL,NULL,NULL,NULL,NULL,NULL,NULL,NULL,NULL,'A',NULL,'null','null',NULL,'2015-08-11 20:14:36','2015-08-11 20:14:36'),
	(275,297,'ALONZO','NEMENCIO JR.',NULL,NULL,NULL,NULL,NULL,NULL,NULL,NULL,NULL,NULL,'A',NULL,'null','null',NULL,'2015-08-11 20:14:39','2015-08-11 20:14:39'),
	(276,298,'OLAVERE','ALAN PAUL',NULL,NULL,NULL,NULL,NULL,NULL,NULL,NULL,NULL,NULL,'A',NULL,'null','null',NULL,'2015-08-11 20:14:40','2015-08-11 20:14:40'),
	(277,299,'MAGCALE','ROLANDO',NULL,NULL,NULL,NULL,NULL,NULL,NULL,NULL,NULL,NULL,'A',NULL,'null','null',NULL,'2015-08-11 20:14:43','2015-08-11 20:14:43'),
	(278,300,'TEO','DENNIS',NULL,NULL,NULL,NULL,NULL,NULL,NULL,NULL,NULL,NULL,'A',NULL,'null','null',NULL,'2015-08-11 20:14:46','2015-08-11 20:14:46'),
	(279,301,'TAMAYO','DINO VIVENCIO',NULL,NULL,NULL,NULL,NULL,NULL,NULL,NULL,NULL,NULL,'A',NULL,'null','null',NULL,'2015-08-11 20:14:48','2015-08-11 20:14:48'),
	(280,302,'SAJOR','VICTORIO',NULL,NULL,NULL,NULL,NULL,NULL,NULL,NULL,NULL,NULL,'A',NULL,'null','null',NULL,'2015-08-11 20:14:49','2015-08-11 20:14:49'),
	(281,304,'BRUAN','JOSE EMILIO III',NULL,NULL,NULL,NULL,NULL,NULL,NULL,NULL,NULL,NULL,'A',NULL,'LIM','ADLIN',NULL,'2015-08-11 20:14:52','2015-08-11 20:14:52'),
	(282,305,'ABELLA','RAY ANTONIO',NULL,NULL,NULL,NULL,NULL,NULL,NULL,NULL,NULL,NULL,'A',NULL,'null','null',NULL,'2015-08-11 20:14:53','2015-08-11 20:14:53'),
	(283,306,'PEJI','BERNADETTE',NULL,NULL,NULL,NULL,NULL,NULL,NULL,NULL,NULL,NULL,'A',NULL,'null','null',NULL,'2015-08-11 20:14:55','2015-08-11 20:14:55'),
	(284,307,'OPERARIO','RUBY',NULL,NULL,NULL,NULL,NULL,NULL,NULL,NULL,NULL,NULL,'A',NULL,'null','null',NULL,'2015-08-11 20:14:56','2015-08-11 20:14:56'),
	(285,308,'TUAZON','EDWIN',NULL,NULL,NULL,NULL,NULL,NULL,NULL,NULL,NULL,NULL,'A',NULL,'null','null',NULL,'2015-08-11 20:14:58','2015-08-11 20:14:58'),
	(286,309,'CRUZ','ISMAEL',NULL,NULL,NULL,NULL,NULL,NULL,NULL,NULL,NULL,NULL,'A',NULL,'null','null',NULL,'2015-08-11 20:14:59','2015-08-11 20:14:59'),
	(287,310,'MAURICIO','RAMON',NULL,NULL,NULL,NULL,NULL,NULL,NULL,NULL,NULL,NULL,'A',NULL,'null','null',NULL,'2015-08-11 20:15:01','2015-08-11 20:15:01'),
	(288,311,'CRISOL','JOSE / KATHERINE',NULL,NULL,NULL,NULL,NULL,NULL,NULL,NULL,NULL,NULL,'A',NULL,'CRISOL','KATHERINE',NULL,'2015-08-11 20:15:03','2015-08-11 20:15:03'),
	(289,312,'MACARAIG','MARIA SHEILA',NULL,NULL,NULL,NULL,NULL,NULL,NULL,NULL,NULL,NULL,'A',NULL,'null','null',NULL,'2015-08-11 20:15:05','2015-08-11 20:15:05'),
	(290,313,'ALPAS','DR. MELITON',NULL,NULL,NULL,NULL,NULL,NULL,NULL,NULL,NULL,NULL,'A',NULL,'ALPAS','MA. CECILIA',NULL,'2015-08-11 20:15:06','2015-08-11 20:15:06'),
	(291,314,'DELA CRUZ','MICHAEL LEO',NULL,NULL,NULL,NULL,NULL,NULL,NULL,NULL,NULL,NULL,'A',NULL,'null','null',NULL,'2015-08-11 20:15:09','2015-08-11 20:15:09'),
	(292,315,'DYOGI','LAURENTI',NULL,NULL,NULL,NULL,NULL,NULL,NULL,NULL,NULL,NULL,'A',NULL,'null','null',NULL,'2015-08-11 20:15:12','2015-08-11 20:15:12'),
	(293,316,'NAMALATA','DEBBIE',NULL,NULL,NULL,NULL,NULL,NULL,NULL,NULL,NULL,NULL,'A',NULL,'NAMALATA','RITCHEL',NULL,'2015-08-11 20:15:18','2015-08-11 20:15:18'),
	(294,317,'MANCOL','GEFER',NULL,NULL,NULL,NULL,NULL,NULL,NULL,NULL,NULL,NULL,'A',NULL,'MANCOL','ANALIZA',NULL,'2015-08-11 20:15:20','2015-08-11 20:15:20'),
	(295,318,'ROBLES','HENRY',NULL,NULL,NULL,NULL,NULL,NULL,NULL,NULL,NULL,NULL,'A',NULL,'null','null',NULL,'2015-08-11 20:15:22','2015-08-11 20:15:22'),
	(296,319,'LUKBAN','FREDERICK MANUEL',NULL,NULL,NULL,NULL,NULL,NULL,NULL,NULL,NULL,NULL,'A',NULL,'null','null',NULL,'2015-08-11 20:15:25','2015-08-11 20:15:25'),
	(297,320,'ROMERO','DANTE JR.',NULL,NULL,NULL,NULL,NULL,NULL,NULL,NULL,NULL,NULL,'A',NULL,'null','null',NULL,'2015-08-11 20:15:27','2015-08-11 20:15:27'),
	(298,321,'MANOTOK','MICHAEL',NULL,NULL,NULL,NULL,NULL,NULL,NULL,NULL,NULL,NULL,'A',NULL,'null','null',NULL,'2015-08-11 20:15:30','2015-08-11 20:15:30'),
	(299,322,'MALLORCA','EDNA',NULL,NULL,NULL,NULL,NULL,NULL,NULL,NULL,NULL,NULL,'A',NULL,'null','null',NULL,'2015-08-11 20:15:31','2015-08-11 20:15:31'),
	(300,323,'PIMENTEL','JOSELITO',NULL,NULL,NULL,NULL,NULL,NULL,NULL,NULL,NULL,NULL,'A',NULL,'null','null',NULL,'2015-08-11 20:15:33','2015-08-11 20:15:33'),
	(301,324,'VITUG','MARIO JOJE',NULL,NULL,NULL,NULL,NULL,NULL,NULL,NULL,NULL,NULL,'A',NULL,'null','null',NULL,'2015-08-11 20:15:35','2015-08-11 20:15:35'),
	(302,325,'DELOS REYES','ERIC',NULL,NULL,NULL,NULL,NULL,NULL,NULL,NULL,NULL,NULL,'A',NULL,'null','null',NULL,'2015-08-11 20:15:39','2015-08-11 20:15:39'),
	(303,326,'CO','MICHAEL',NULL,NULL,NULL,NULL,NULL,NULL,NULL,NULL,NULL,NULL,'A',NULL,'null','null',NULL,'2015-08-11 20:15:41','2015-08-11 20:15:41'),
	(304,327,'LUNOD','LAURA',NULL,NULL,NULL,NULL,NULL,NULL,NULL,NULL,NULL,NULL,'A',NULL,'null','null',NULL,'2015-08-11 20:15:43','2015-08-11 20:15:43'),
	(305,328,'FRANCO','EUFRONIO',NULL,NULL,NULL,NULL,NULL,NULL,NULL,NULL,NULL,NULL,'A',NULL,'null','null',NULL,'2015-08-11 20:15:44','2015-08-11 20:15:44'),
	(306,329,'CHUACOKIONG','KRISTINE',NULL,NULL,NULL,NULL,NULL,NULL,NULL,NULL,NULL,NULL,'A',NULL,'null','null',NULL,'2015-08-11 20:15:46','2015-08-11 20:15:46'),
	(307,330,'ENERIO','ARTHUR RAYMUND',NULL,NULL,NULL,NULL,NULL,NULL,NULL,NULL,NULL,NULL,'A',NULL,'null','null',NULL,'2015-08-11 20:15:47','2015-08-11 20:15:47'),
	(308,331,'SILVA','JOHN',NULL,NULL,NULL,NULL,NULL,NULL,NULL,NULL,NULL,NULL,'A',NULL,'null','null',NULL,'2015-08-11 20:15:49','2015-08-11 20:15:49'),
	(309,332,'RAMOS','ANTONIO',NULL,NULL,NULL,NULL,NULL,NULL,NULL,NULL,NULL,NULL,'A',NULL,'null','null',NULL,'2015-08-11 20:15:51','2015-08-11 20:15:51'),
	(310,333,'GUTIERREZ','CATHERINE',NULL,NULL,NULL,NULL,NULL,NULL,NULL,NULL,NULL,NULL,'A',NULL,'null','null',NULL,'2015-08-11 20:15:53','2015-08-11 20:15:53'),
	(311,334,'BONGOSIA','LEANDRO',NULL,NULL,NULL,NULL,NULL,NULL,NULL,NULL,NULL,NULL,'A',NULL,'null','null',NULL,'2015-08-11 20:15:55','2015-08-11 20:15:55'),
	(312,335,'ALBERTO','RAYMUND ARNOLD',NULL,NULL,NULL,NULL,NULL,NULL,NULL,NULL,NULL,NULL,'A',NULL,'null','null',NULL,'2015-08-11 20:15:57','2015-08-11 20:15:57'),
	(313,336,'FRANCO','ANICETO',NULL,NULL,NULL,NULL,NULL,NULL,NULL,NULL,NULL,NULL,'A',NULL,'FRANCO','LOLITA',NULL,'2015-08-11 20:16:00','2015-08-11 20:16:00'),
	(314,337,'FERRY','MANUEL',NULL,NULL,NULL,NULL,NULL,NULL,NULL,NULL,NULL,NULL,'A',NULL,'null','null',NULL,'2015-08-11 20:16:02','2015-08-11 20:16:02'),
	(315,338,'REYES','MA. CATHERINE LOURDES',NULL,NULL,NULL,NULL,NULL,NULL,NULL,NULL,NULL,NULL,'A',NULL,'null','null',NULL,'2015-08-11 20:16:04','2015-08-11 20:16:04'),
	(316,339,'GAN','JEFFERSON',NULL,NULL,NULL,NULL,NULL,NULL,NULL,NULL,NULL,NULL,'A',NULL,'null','null',NULL,'2015-08-11 20:16:05','2015-08-11 20:16:05'),
	(317,340,'LOS BANOS','ESCOLASTICA',NULL,NULL,NULL,NULL,NULL,NULL,NULL,NULL,NULL,NULL,'A',NULL,'null','null',NULL,'2015-08-11 20:16:07','2015-08-11 20:16:07'),
	(318,341,'REBOSA','ALBERT',NULL,NULL,NULL,NULL,NULL,NULL,NULL,NULL,NULL,NULL,'A',NULL,'null','null',NULL,'2015-08-11 20:16:08','2015-08-11 20:16:08'),
	(319,342,'MENDOZA','MANUEL JR.',NULL,NULL,NULL,NULL,NULL,NULL,NULL,NULL,NULL,NULL,'A',NULL,'null','null',NULL,'2015-08-11 20:16:10','2015-08-11 20:16:10'),
	(320,343,'PASALO','RODRIGO',NULL,NULL,NULL,NULL,NULL,NULL,NULL,NULL,NULL,NULL,'A',NULL,'null','null',NULL,'2015-08-11 20:16:12','2015-08-11 20:16:12'),
	(321,344,'TEO','ROCKIE RANDALL',NULL,NULL,NULL,NULL,NULL,NULL,NULL,NULL,NULL,NULL,'A',NULL,'null','null',NULL,'2015-08-11 20:16:13','2015-08-11 20:16:13'),
	(322,345,'TIOZON','MARITO / ERLINDA',NULL,NULL,NULL,NULL,NULL,NULL,NULL,NULL,NULL,NULL,'A',NULL,'null','null',NULL,'2015-08-11 20:16:15','2015-08-11 20:16:15'),
	(323,346,'CHAMORRO','DANILO JR.',NULL,NULL,NULL,NULL,NULL,NULL,NULL,NULL,NULL,NULL,'A',NULL,'null','null',NULL,'2015-08-11 20:16:17','2015-08-11 20:16:17'),
	(324,347,'EDANO','DENNIS',NULL,NULL,NULL,NULL,NULL,NULL,NULL,NULL,NULL,NULL,'A',NULL,'null','null',NULL,'2015-08-11 20:16:19','2015-08-11 20:16:19'),
	(325,348,'SANTOS','EDUARDO',NULL,NULL,NULL,NULL,NULL,NULL,NULL,NULL,NULL,NULL,'A',NULL,'null','null',NULL,'2015-08-11 20:16:20','2015-08-11 20:16:20'),
	(326,349,'QUISTO','ROMEO',NULL,NULL,NULL,NULL,NULL,NULL,NULL,NULL,NULL,NULL,'A',NULL,'null','null',NULL,'2015-08-11 20:16:22','2015-08-11 20:16:22'),
	(327,350,'VILLANO','JESUS EDGAR',NULL,NULL,NULL,NULL,NULL,NULL,NULL,NULL,NULL,NULL,'A',NULL,'null','null',NULL,'2015-08-11 20:16:23','2015-08-11 20:16:23'),
	(328,351,'GOMEZ','GERRY',NULL,NULL,NULL,NULL,NULL,NULL,NULL,NULL,NULL,NULL,'A',NULL,'null','null',NULL,'2015-08-11 20:16:25','2015-08-11 20:16:25'),
	(329,352,'BARRETTO','MARJORIE',NULL,NULL,NULL,NULL,NULL,NULL,NULL,NULL,NULL,NULL,'A',NULL,'null','null',NULL,'2015-08-11 20:16:27','2015-08-11 20:16:27'),
	(330,353,'DUMAYAS','ROSELIN',NULL,NULL,NULL,NULL,NULL,NULL,NULL,NULL,NULL,NULL,'A',NULL,'DUMAYAS','WINLOVE',NULL,'2015-08-11 20:16:31','2015-08-11 20:16:31'),
	(331,354,'VARGAS','GEORGE',NULL,NULL,NULL,NULL,NULL,NULL,NULL,NULL,NULL,NULL,'A',NULL,'null','null',NULL,'2015-08-11 20:16:32','2015-08-11 20:16:32'),
	(332,355,'SALVADOR','CLYDE',NULL,NULL,NULL,NULL,NULL,NULL,NULL,NULL,NULL,NULL,'A',NULL,'null','null',NULL,'2015-08-11 20:16:35','2015-08-11 20:16:35'),
	(333,356,'TOMPONG','ELISE CHRISTINE',NULL,NULL,NULL,NULL,NULL,NULL,NULL,NULL,NULL,NULL,'A',NULL,'null','null',NULL,'2015-08-11 20:16:39','2015-08-11 20:16:39'),
	(334,357,'PAEZ','GERRARD ANTHONY',NULL,NULL,NULL,NULL,NULL,NULL,NULL,NULL,NULL,NULL,'A',NULL,'null','null',NULL,'2015-08-11 20:16:41','2015-08-11 20:16:41'),
	(335,358,'BALDAVIA','JULIA',NULL,NULL,NULL,NULL,NULL,NULL,NULL,NULL,NULL,NULL,'A',NULL,'null','null',NULL,'2015-08-11 20:16:42','2015-08-11 20:16:42'),
	(336,359,'ESCOTO','TEODULO',NULL,NULL,NULL,NULL,NULL,NULL,NULL,NULL,NULL,NULL,'A',NULL,'ESCOTO','LUZEN',NULL,'2015-08-11 20:16:43','2015-08-11 20:16:43'),
	(337,360,'SADAIN','SAID JR.',NULL,NULL,NULL,NULL,NULL,NULL,NULL,NULL,NULL,NULL,'A',NULL,'null','null',NULL,'2015-08-11 20:16:45','2015-08-11 20:16:45'),
	(338,361,'PAYUMO','REDENTOR RIEL',NULL,NULL,NULL,NULL,NULL,NULL,NULL,NULL,NULL,NULL,'A',NULL,'null','null',NULL,'2015-08-11 20:16:47','2015-08-11 20:16:47'),
	(339,362,'CASTRO','LADISLAWA A.',NULL,NULL,NULL,NULL,NULL,NULL,NULL,NULL,NULL,NULL,'A',NULL,'null','null',NULL,'2015-08-11 20:16:48','2015-08-11 20:16:48'),
	(340,363,'AMIGO','GERALDINE',NULL,NULL,NULL,NULL,NULL,NULL,NULL,NULL,NULL,NULL,'A',NULL,'null','null',NULL,'2015-08-11 20:16:50','2015-08-11 20:16:50'),
	(341,364,'ACOSTA','IRISH ANNE',NULL,NULL,NULL,NULL,NULL,NULL,NULL,NULL,NULL,NULL,'A',NULL,'null','null',NULL,'2015-08-11 20:16:52','2015-08-11 20:16:52'),
	(342,365,'CORONEL','ANNA MARIA',NULL,NULL,NULL,NULL,NULL,NULL,NULL,NULL,NULL,NULL,'A',NULL,'null','null',NULL,'2015-08-11 20:16:54','2015-08-11 20:16:54'),
	(343,366,'CORONEL','ANTONIO GABRIEL',NULL,NULL,NULL,NULL,NULL,NULL,NULL,NULL,NULL,NULL,'A',NULL,'null','null',NULL,'2015-08-11 20:16:55','2015-08-11 20:16:55'),
	(344,367,'JUAN','RICKY',NULL,NULL,NULL,NULL,NULL,NULL,NULL,NULL,NULL,NULL,'A',NULL,'null','null',NULL,'2015-08-11 20:16:57','2015-08-11 20:16:57'),
	(345,368,'MAGLAYA','FERNANDO',NULL,NULL,NULL,NULL,NULL,NULL,NULL,NULL,NULL,NULL,'A',NULL,'null','null',NULL,'2015-08-11 20:16:58','2015-08-11 20:16:58'),
	(346,369,'MANALASTAS','FERDINAND',NULL,NULL,NULL,NULL,NULL,NULL,NULL,NULL,NULL,NULL,'A',NULL,'MANALASTAS','EILEEN',NULL,'2015-08-11 20:17:00','2015-08-11 20:17:00'),
	(347,370,'MAGBOO','VINCENT PETER',NULL,NULL,NULL,NULL,NULL,NULL,NULL,NULL,NULL,NULL,'A',NULL,'null','null',NULL,'2015-08-11 20:17:03','2015-08-11 20:17:03'),
	(348,371,'ANONUEVO','VIRGILIO',NULL,NULL,NULL,NULL,NULL,NULL,NULL,NULL,NULL,NULL,'A',NULL,'ANONUEVO','CONSUELO',NULL,'2015-08-11 20:17:04','2015-08-11 20:17:04'),
	(349,372,'CARRANZA','MA. DOLORES',NULL,NULL,NULL,NULL,NULL,NULL,NULL,NULL,NULL,NULL,'A',NULL,'null','null',NULL,'2015-08-11 20:17:06','2015-08-11 20:17:06'),
	(350,373,'NICOLAS','ALICE FRANCISCO',NULL,NULL,NULL,NULL,NULL,NULL,NULL,NULL,NULL,NULL,'A',NULL,'null','null',NULL,'2015-08-11 20:17:08','2015-08-11 20:17:08'),
	(351,374,'SY','DIVINAGRACIA',NULL,NULL,NULL,NULL,NULL,NULL,NULL,NULL,NULL,NULL,'A',NULL,'SY','JAMES',NULL,'2015-08-11 20:17:09','2015-08-11 20:17:09'),
	(352,375,'DELOS SANTOS','NANCY',NULL,NULL,NULL,NULL,NULL,NULL,NULL,NULL,NULL,NULL,'A',NULL,'null','null',NULL,'2015-08-11 20:17:13','2015-08-11 20:17:13'),
	(353,376,'ADRE','ED ROMMEL',NULL,NULL,NULL,NULL,NULL,NULL,NULL,NULL,NULL,NULL,'A',NULL,'null','null',NULL,'2015-08-11 20:17:14','2015-08-11 20:17:14'),
	(354,377,'MUNOZ','ROBERTO',NULL,NULL,NULL,NULL,NULL,NULL,NULL,NULL,NULL,NULL,'A',NULL,'null','null',NULL,'2015-08-11 20:17:16','2015-08-11 20:17:16'),
	(355,378,'DIMAYUGA','PAOLO',NULL,NULL,NULL,NULL,NULL,NULL,NULL,NULL,NULL,NULL,'A',NULL,'null','null',NULL,'2015-08-11 20:17:17','2015-08-11 20:17:17'),
	(356,379,'PORTUGAL','EMMANUEL C.',NULL,NULL,NULL,NULL,NULL,NULL,NULL,NULL,NULL,NULL,'A',NULL,'null','null',NULL,'2015-08-11 20:17:19','2015-08-11 20:17:19'),
	(357,380,'VERZO','CARLO MAGNO',NULL,NULL,NULL,NULL,NULL,NULL,NULL,NULL,NULL,NULL,'A',NULL,'null','null',NULL,'2015-08-11 20:17:22','2015-08-11 20:17:22'),
	(358,381,'ADIAZ','DANILO',NULL,NULL,NULL,NULL,NULL,NULL,NULL,NULL,NULL,NULL,'A',NULL,'null','null',NULL,'2015-08-11 20:17:24','2015-08-11 20:17:24');

/*!40000 ALTER TABLE `owner` ENABLE KEYS */;
UNLOCK TABLES;


# Dump of table pastdue
# ------------------------------------------------------------

DROP TABLE IF EXISTS `pastdue`;

CREATE TABLE `pastdue` (
  `id` int(11) unsigned NOT NULL AUTO_INCREMENT,
  `user_id` int(11) DEFAULT NULL,
  `house_id` int(11) DEFAULT NULL,
  `description` varchar(50) DEFAULT 'Past due : ',
  `amount` double DEFAULT '0',
  `billing_month` varchar(50) DEFAULT NULL,
  `status` varchar(1) DEFAULT 'F',
  `created_at` timestamp NULL DEFAULT NULL,
  `updated_at` timestamp NULL DEFAULT NULL,
  PRIMARY KEY (`id`)
) ENGINE=InnoDB DEFAULT CHARSET=latin1;



# Dump of table rates
# ------------------------------------------------------------

DROP TABLE IF EXISTS `rates`;

CREATE TABLE `rates` (
  `id` int(11) unsigned NOT NULL AUTO_INCREMENT,
  `code` varchar(10) DEFAULT NULL,
  `name` varchar(45) DEFAULT NULL,
  `amount` double DEFAULT NULL,
  `start_date` varchar(45) DEFAULT NULL,
  `end_date` varchar(45) DEFAULT NULL,
  `created_at` timestamp NULL DEFAULT NULL,
  `updated_at` timestamp NULL DEFAULT NULL,
  PRIMARY KEY (`id`)
) ENGINE=InnoDB DEFAULT CHARSET=latin1;

LOCK TABLES `rates` WRITE;
/*!40000 ALTER TABLE `rates` DISABLE KEYS */;

INSERT INTO `rates` (`id`, `code`, `name`, `amount`, `start_date`, `end_date`, `created_at`, `updated_at`)
VALUES
	(1,'assocdue','Association Due',16.5,'2013-01-01','2013-12-31','2013-01-01 16:22:45','2013-01-01 16:22:45');

/*!40000 ALTER TABLE `rates` ENABLE KEYS */;
UNLOCK TABLES;

DELIMITER ;;
/*!50003 SET SESSION SQL_MODE="" */;;
/*!50003 CREATE */ /*!50017 DEFINER=`cbotor`@`%` */ /*!50003 TRIGGER `update_history` BEFORE UPDATE ON `rates` FOR EACH ROW begin

insert into rates_history (code,amount,start_date,end_date,created_at,updated_at) values (old.code,old.amount,old.start_date,old.end_date,old.created_at,now());

end */;;
DELIMITER ;
/*!50003 SET SESSION SQL_MODE=@OLD_SQL_MODE */;


# Dump of table rates_history
# ------------------------------------------------------------

DROP TABLE IF EXISTS `rates_history`;

CREATE TABLE `rates_history` (
  `id` int(11) unsigned NOT NULL AUTO_INCREMENT,
  `code` varchar(10) DEFAULT NULL,
  `amount` double DEFAULT NULL,
  `start_date` varchar(45) DEFAULT NULL,
  `end_date` varchar(45) DEFAULT NULL,
  `created_at` timestamp NULL DEFAULT NULL,
  `updated_at` timestamp NULL DEFAULT NULL,
  PRIMARY KEY (`id`)
) ENGINE=InnoDB DEFAULT CHARSET=latin1;



# Dump of table service
# ------------------------------------------------------------

DROP TABLE IF EXISTS `service`;

CREATE TABLE `service` (
  `id` int(11) NOT NULL AUTO_INCREMENT,
  `code` varchar(45) DEFAULT NULL,
  `status` varchar(1) DEFAULT 't',
  `show_list` varchar(1) DEFAULT 't',
  `description` varchar(45) DEFAULT NULL,
  `reg_value` double DEFAULT NULL,
  `uom` varchar(45) DEFAULT NULL,
  `max_regular` int(11) DEFAULT NULL,
  `excess_value` double DEFAULT NULL,
  `created_at` timestamp NULL DEFAULT NULL,
  `updated_at` timestamp NULL DEFAULT NULL,
  PRIMARY KEY (`id`),
  UNIQUE KEY `id_UNIQUE` (`id`),
  UNIQUE KEY `code_UNIQUE` (`code`)
) ENGINE=InnoDB DEFAULT CHARSET=latin1;

LOCK TABLES `service` WRITE;
/*!40000 ALTER TABLE `service` DISABLE KEYS */;

INSERT INTO `service` (`id`, `code`, `status`, `show_list`, `description`, `reg_value`, `uom`, `max_regular`, `excess_value`, `created_at`, `updated_at`)
VALUES
	(1,'hgrd','t','t','Gardening',100,'hph',0,0,'2014-03-04 14:39:09','2014-03-04 14:39:09'),
	(2,'hrgs','t','t','Grasscutting',100,'hph',0,0,'2014-03-04 14:39:09','2014-03-04 14:39:09'),
	(3,'hcdo','t','t','Housekeeping - Cancelled Day Off',800,'day',0,0,'2013-07-25 14:02:32','2013-07-25 14:02:32'),
	(4,'melc','t','t','Electrical',100,'hph',0,0,'2014-03-04 14:39:09','2014-03-04 14:39:09'),
	(5,'mplb','t','t','Plumbing',100,'hph',0,0,'2014-03-04 14:39:09','2014-03-04 14:39:09'),
	(6,'macw','t','t','AC cleaning (window type)',360,'pc',1,260,'2013-07-25 14:02:32','2013-07-25 14:02:32'),
	(7,'macs','t','t','AC cleaning (split type)',1200,'pc',1,1100,'2013-07-25 14:02:32','2013-07-25 14:02:32'),
	(8,'mcdo','t','t','Maintenance - Cancelled Day Off',800,'day',0,0,'2013-07-25 14:02:32','2013-07-25 14:02:32'),
	(9,'other','t','t','Other',60,'day',0,0,'2014-03-04 14:47:09','2014-03-04 14:47:09'),
	(10,'mspr','t','t','Maintenance - Others',100,'hph',0,0,'2013-08-13 08:15:12','2013-08-13 08:15:12'),
	(11,'crpt','t','t','Carpentry',100,'hph',0,0,'2014-03-04 14:39:09','2014-03-04 14:39:09'),
	(12,'dlvry','t','t','Delivery Fee',600,'pc',0,0,'2014-03-15 14:42:00','2014-03-15 14:42:00');

/*!40000 ALTER TABLE `service` ENABLE KEYS */;
UNLOCK TABLES;


# Dump of table service_request
# ------------------------------------------------------------

DROP TABLE IF EXISTS `service_request`;

CREATE TABLE `service_request` (
  `id` int(11) NOT NULL AUTO_INCREMENT,
  `user_id` int(11) DEFAULT NULL,
  `house_id` int(11) DEFAULT NULL,
  `additional_cost` double DEFAULT NULL,
  `basic_cost` double DEFAULT NULL,
  `confirmed_date` varchar(255) DEFAULT NULL,
  `preferred_date` varchar(255) DEFAULT NULL,
  `preferred_time` varchar(255) DEFAULT NULL,
  `service_id` int(11) DEFAULT NULL,
  `status` varchar(255) DEFAULT NULL,
  `total_cost` double unsigned zerofill DEFAULT NULL,
  `paid_amount` double unsigned zerofill DEFAULT '0000000000000000000000',
  `quantity` int(11) DEFAULT NULL,
  `other_charges` double DEFAULT NULL,
  `remarks` varchar(255) DEFAULT NULL,
  `misc_names` varchar(255) DEFAULT NULL,
  `payeeName` varchar(255) DEFAULT NULL,
  `billed` int(11) DEFAULT '0',
  `created_at` timestamp NULL DEFAULT NULL,
  `updated_at` timestamp NULL DEFAULT NULL,
  PRIMARY KEY (`id`)
) ENGINE=InnoDB DEFAULT CHARSET=latin1;

LOCK TABLES `service_request` WRITE;
/*!40000 ALTER TABLE `service_request` DISABLE KEYS */;

INSERT INTO `service_request` (`id`, `user_id`, `house_id`, `additional_cost`, `basic_cost`, `confirmed_date`, `preferred_date`, `preferred_time`, `service_id`, `status`, `total_cost`, `paid_amount`, `quantity`, `other_charges`, `remarks`, `misc_names`, `payeeName`, `billed`, `created_at`, `updated_at`)
VALUES
	(1,6,3,NULL,NULL,'3/20/15','3/20/15',NULL,4,'Done',0000000000000000000200,0000000000000000000000,NULL,NULL,'PULL-OUT 2 AIRCON UNIT 3/11/2015',NULL,NULL,1,'2015-08-30 19:15:17',NULL),
	(2,6,3,NULL,NULL,'6/20/15','6/20/15',NULL,4,'Done',0000000000000000000600,0000000000000000000000,NULL,NULL,'INSTALLED NEW AIRCON WINDOW TYPE 4/1/2015',NULL,NULL,1,'2015-08-30 19:15:17',NULL),
	(3,6,3,NULL,NULL,'6/20/15','6/20/15',NULL,4,'Done',0000000000000000000100,0000000000000000000000,NULL,NULL,'INSTALLED WINDOW TYPE AIRCON 5/13/2015',NULL,NULL,1,'2015-08-30 19:15:17',NULL),
	(4,6,3,NULL,NULL,'6/20/15','6/20/15',NULL,2,'Done',0000000000000000000290,0000000000000000000000,NULL,NULL,'GRASCUTTING 6/2/2015',NULL,NULL,1,'2015-08-30 19:15:18',NULL),
	(5,12,10,NULL,NULL,'6/20/15','6/20/15',NULL,1,'Done',0000000000000000000370,0000000000000000000000,NULL,NULL,'GARDENING 6/8/2015',NULL,NULL,1,'2015-08-30 19:15:19',NULL),
	(6,14,12,NULL,NULL,'6/20/15','6/20/15',NULL,5,'Done',0000000000000000000100,0000000000000000000000,NULL,NULL,'INSTALLED NIPPLE & ANGLE VALVE 6/5/2015',NULL,NULL,1,'2015-08-30 19:15:19',NULL),
	(7,15,13,NULL,NULL,'6/20/15','6/20/15',NULL,2,'Done',0000000000000000000400,0000000000000000000000,NULL,NULL,'GRASCUTTING 6/19/2015',NULL,NULL,1,'2015-08-30 19:15:20',NULL),
	(8,16,14,NULL,NULL,'6/20/15','6/20/15',NULL,10,'Done',0000000000000000000100,0000000000000000000000,NULL,NULL,'REPLACED GAZUL 5/21/2015',NULL,NULL,1,'2015-08-30 19:15:20',NULL),
	(9,19,17,NULL,NULL,'6/20/15','6/20/15',NULL,5,'Done',0000000000000000000100,0000000000000000000000,NULL,NULL,'REPLACED P.TRAP 6/16/2015',NULL,NULL,1,'2015-08-30 19:15:20',NULL),
	(10,21,19,NULL,NULL,'12/1/13','12/1/13',NULL,4,'Done',0000000000000000000250,0000000000000000000000,NULL,NULL,'INSTALLED LANTERN & CLEANDE CHANDELIER 11/24/201',NULL,NULL,1,'2015-08-30 19:15:21',NULL),
	(11,22,20,NULL,NULL,'6/20/15','6/20/15',NULL,10,'Done',0000000000000000000100,0000000000000000000000,NULL,NULL,'REPLACED SOLANE TANK 4/17/2015',NULL,NULL,1,'2015-08-30 19:15:22',NULL),
	(12,23,21,NULL,NULL,'6/20/15','6/20/15',NULL,5,'Done',0000000000000000000200,0000000000000000000000,NULL,NULL,'GREASETRAP CLEANING 4/7/2015',NULL,NULL,1,'2015-08-30 19:15:22',NULL),
	(13,23,21,NULL,NULL,'6/20/15','6/20/15',NULL,4,'Done',0000000000000000000900,0000000000000000000000,NULL,NULL,'INSTALLED 2 UNIT AIRCON CLEANING 3/27/2015',NULL,NULL,1,'2015-08-30 19:15:22',NULL),
	(14,23,21,NULL,NULL,'6/20/15','6/20/15',NULL,5,'Done',0000000000000000000100,0000000000000000000000,NULL,NULL,'INSTALLED 2 SETS OF FILL VALVE 5/12/2015',NULL,NULL,1,'2015-08-30 19:15:22',NULL),
	(15,23,21,NULL,NULL,'6/20/15','6/20/15',NULL,5,'Done',0000000000000000000100,0000000000000000000000,NULL,NULL,'INSTALLED FILL VALVE 5/11/2015',NULL,NULL,1,'2015-08-30 19:15:23',NULL),
	(16,25,22,NULL,NULL,'3/22/13','3/22/13',NULL,1,'Done',0000000000000000000180,0000000000000000000000,NULL,NULL,'Gardening 01/07/2013',NULL,NULL,1,'2015-08-30 19:15:23',NULL),
	(17,27,24,NULL,NULL,'12/20/14','12/20/14',NULL,4,'Done',0000000000000000000100,0000000000000000000000,NULL,NULL,'REPLACED 1 RECEPTACLE 9/1/2014',NULL,NULL,1,'2015-08-30 19:15:24',NULL),
	(18,27,24,NULL,NULL,'3/20/15','3/20/15',NULL,4,'Done',0000000000000000000100,0000000000000000000000,NULL,NULL,'INSTALLED 2PCS. GANG SWITCH 2/18/2015',NULL,NULL,1,'2015-08-30 19:15:24',NULL),
	(19,27,24,NULL,NULL,'3/20/15','3/20/15',NULL,5,'Done',0000000000000000000100,0000000000000000000000,NULL,NULL,'ADJUST FOATING BALL AT WATER CLOSET 2/11/2015',NULL,NULL,1,'2015-08-30 19:15:24',NULL),
	(20,27,24,NULL,NULL,'6/20/15','6/20/15',NULL,5,'Done',0000000000000000000100,0000000000000000000000,NULL,NULL,'REPAIR P-TRAP 4/28/2015',NULL,NULL,1,'2015-08-30 19:15:24',NULL),
	(21,27,24,NULL,NULL,'6/20/15','6/20/15',NULL,4,'Done',0000000000000000000100,0000000000000000000000,NULL,NULL,'RESET TRIP BREAKER 6/25/2015',NULL,NULL,1,'2015-08-30 19:15:25',NULL),
	(22,27,24,NULL,NULL,'6/20/15','6/20/15',NULL,5,'Done',0000000000000000000100,0000000000000000000000,NULL,NULL,'INSTALLED NEW HOSE 6/18/2015',NULL,NULL,1,'2015-08-30 19:15:25',NULL),
	(23,36,33,NULL,NULL,'12/20/14','12/20/14',NULL,4,'Done',0000000000000000000400,0000000000000000000000,NULL,NULL,'INSTALLED XMAS LIGHT 11/22/2014',NULL,NULL,1,'2015-08-30 19:15:25',NULL),
	(24,36,33,NULL,NULL,'12/20/14','12/20/14',NULL,1,'Done',0000000000000000000360,0000000000000000000000,NULL,NULL,'GARDENING 11/20/2014',NULL,NULL,1,'2015-08-30 19:15:25',NULL),
	(25,36,33,NULL,NULL,'3/20/15','3/20/15',NULL,4,'Done',0000000000000000000200,0000000000000000000000,NULL,NULL,'INSTALLED 1 SET OUTLET & GREASETPRAP CLEANING 2/17',NULL,NULL,1,'2015-08-30 19:15:26',NULL),
	(26,36,33,NULL,NULL,'6/20/15','6/20/15',NULL,4,'Done',0000000000000000000200,0000000000000000000000,NULL,NULL,'INSTALLED WATER HEATER 5/12/2015',NULL,NULL,1,'2015-08-30 19:15:26',NULL),
	(27,39,35,NULL,NULL,'6/20/15','6/20/15',NULL,5,'Done',0000000000000000000600,0000000000000000000000,NULL,NULL,'DECLOGGED DRAIN & GREASETRAP CLEANING 5/25/2015',NULL,NULL,1,'2015-08-30 19:15:26',NULL),
	(28,49,46,NULL,NULL,'6/20/15','6/20/15',NULL,5,'Done',0000000000000000000200,0000000000000000000000,NULL,NULL,'REPLACED FAUCET 3/30/2015',NULL,NULL,1,'2015-08-30 19:15:29',NULL),
	(29,49,46,NULL,NULL,'6/20/15','6/20/15',NULL,4,'Done',0000000000000000000100,0000000000000000000000,NULL,NULL,'INSTALLED NEW AIRCON 6/24/2015',NULL,NULL,1,'2015-08-30 19:15:29',NULL),
	(30,51,48,NULL,NULL,'12/20/14','12/20/14',NULL,2,'Done',0000000000000000000380,0000000000000000000000,NULL,NULL,'GRASSCUTTING 10/21/2014',NULL,NULL,1,'2015-08-30 19:15:29',NULL),
	(31,51,48,NULL,NULL,'6/20/15','6/20/15',NULL,5,'Done',0000000000000000000100,0000000000000000000000,NULL,NULL,'INSTALLED ANGLE VALVE 6/8/2015',NULL,NULL,1,'2015-08-30 19:15:30',NULL),
	(32,51,48,NULL,NULL,'6/20/15','6/20/15',NULL,2,'Done',0000000000000000000400,0000000000000000000000,NULL,NULL,'GRASCUTTING 6/18/2015',NULL,NULL,1,'2015-08-30 19:15:30',NULL),
	(33,53,49,NULL,NULL,'12/1/13','12/1/13',NULL,4,'Done',0000000000000000000100,0000000000000000000000,NULL,NULL,'REPLACED BUSTED LIGHT 11/7/2013',NULL,NULL,1,'2015-08-30 19:15:30',NULL),
	(34,53,49,NULL,NULL,'12/1/13','12/1/13',NULL,1,'Done',0000000000000000000350,0000000000000000000000,NULL,NULL,'GARDENING 11/20/2013',NULL,NULL,1,'2015-08-30 19:15:31',NULL),
	(35,53,49,NULL,NULL,'5/21/14','5/21/14',NULL,4,'Done',0000000000000000000100,0000000000000000000000,NULL,NULL,'REPLACE 2 BALLAST 4/14/2014',NULL,NULL,1,'2015-08-30 19:15:31',NULL),
	(36,53,49,NULL,NULL,'6/21/14','6/21/14',NULL,4,'Done',0000000000000000000100,0000000000000000000000,NULL,NULL,'PULL-OUT FLUORESCENT LAMP 4/8/2014',NULL,NULL,1,'2015-08-30 19:15:31',NULL),
	(37,53,49,NULL,NULL,'12/20/14','12/20/14',NULL,4,'Done',0000000000000000000100,0000000000000000000000,NULL,NULL,'REPAIR LAMP SHADE 9/9/2014',NULL,NULL,1,'2015-08-30 19:15:31',NULL),
	(38,53,49,NULL,NULL,'3/20/15','3/20/15',NULL,4,'Done',0000000000000000000100,0000000000000000000000,NULL,NULL,'REMOVED FLAT SCREEN 1/19/2015',NULL,NULL,1,'2015-08-30 19:15:32',NULL),
	(39,53,49,NULL,NULL,'3/20/15','3/20/15',NULL,11,'Done',0000000000000000000150,0000000000000000000000,NULL,NULL,'CHANGED DOORKNOB 2/18/2015',NULL,NULL,1,'2015-08-30 19:15:32',NULL),
	(40,53,49,NULL,NULL,'3/20/15','3/20/15',NULL,4,'Done',0000000000000000000100,0000000000000000000000,NULL,NULL,'TROUBLE SHOOT 2/16/2015',NULL,NULL,1,'2015-08-30 19:15:32',NULL),
	(41,53,49,NULL,NULL,'6/20/15','6/20/15',NULL,5,'Done',0000000000000000000200,0000000000000000000000,NULL,NULL,'INSTALLED NEW FAUCET 5/2/2015',NULL,NULL,1,'2015-08-30 19:15:33',NULL),
	(42,53,49,NULL,NULL,'6/20/15','6/20/15',NULL,5,'Done',0000000000000000000100,0000000000000000000000,NULL,NULL,'INSTALLED NEW REGULATOR & HOSE 6/10/2015',NULL,NULL,1,'2015-08-30 19:15:33',NULL),
	(43,57,53,NULL,NULL,'3/22/13','3/22/13',NULL,5,'Done',0000000000000000000060,0000000000000000000000,NULL,NULL,'Declogged P Trap 02/01/2013',NULL,NULL,1,'2015-08-30 19:15:34',NULL),
	(44,57,53,NULL,NULL,'3/22/13','3/22/13',NULL,11,'Done',0000000000000000000120,0000000000000000000000,NULL,NULL,'Installed blind curtain & bulb 01/28/2013',NULL,NULL,1,'2015-08-30 19:15:34',NULL),
	(45,61,56,NULL,NULL,'6/20/15','6/20/15',NULL,1,'Done',0000000000000000000510,0000000000000000000000,NULL,NULL,'GARDENING 5/27/2015',NULL,NULL,1,'2015-08-30 19:15:36',NULL),
	(46,62,57,NULL,NULL,'3/20/15','3/20/15',NULL,2,'Done',0000000000000000000460,0000000000000000000000,NULL,NULL,'GRASCUTTING 12/10/2014',NULL,NULL,1,'2015-08-30 19:15:36',NULL),
	(47,66,60,NULL,NULL,'7/21/14','7/21/14',NULL,4,'Done',0000000000000000000200,0000000000000000000000,NULL,NULL,'INSTALLED BREAKER 6/17/2014',NULL,NULL,1,'2015-08-30 19:15:37',NULL),
	(48,66,60,NULL,NULL,'6/20/15','6/20/15',NULL,11,'Done',0000000000000000000200,0000000000000000000000,NULL,NULL,'REMOVED DEFFECTIVE DOOR LOCK 4/17/2015',NULL,NULL,1,'2015-08-30 19:15:38',NULL),
	(49,66,60,NULL,NULL,'6/20/15','6/20/15',NULL,5,'Done',0000000000000000000200,0000000000000000000000,NULL,NULL,'GREASETRAP CLEANING 3/30/2015',NULL,NULL,1,'2015-08-30 19:15:38',NULL),
	(50,71,65,NULL,NULL,'12/20/14','12/20/14',NULL,3,'Done',0000000000000000001600,0000000000000000000000,NULL,NULL,'GUTTER CLEANING 9/11/2014',NULL,NULL,1,'2015-08-30 19:15:41',NULL),
	(51,71,65,NULL,NULL,'12/20/14','12/20/14',NULL,5,'Done',0000000000000000000100,0000000000000000000000,NULL,NULL,'FIXED FAUCET 10/6/2014',NULL,NULL,1,'2015-08-30 19:15:41',NULL),
	(52,71,65,NULL,NULL,'12/20/14','12/20/14',NULL,5,'Done',0000000000000000000100,0000000000000000000000,NULL,NULL,'GREASETRAP CLEANING 10/9/2014',NULL,NULL,1,'2015-08-30 19:15:41',NULL),
	(53,71,65,NULL,NULL,'3/20/15','3/20/15',NULL,5,'Done',0000000000000000000100,0000000000000000000000,NULL,NULL,'INSTALLED 2 VALVE & SUPPLY HOSE 2/18/2015',NULL,NULL,1,'2015-08-30 19:15:41',NULL),
	(54,71,65,NULL,NULL,'6/20/15','6/20/15',NULL,5,'Done',0000000000000000000100,0000000000000000000000,NULL,NULL,'DECLOGGED DRAIN FLOOR 4/4/2015',NULL,NULL,1,'2015-08-30 19:15:42',NULL),
	(55,71,65,NULL,NULL,'6/20/15','6/20/15',NULL,5,'Done',0000000000000000000100,0000000000000000000000,NULL,NULL,'INSTALLED NEW  FAUCET 5/19/2015',NULL,NULL,1,'2015-08-30 19:15:42',NULL),
	(56,71,65,NULL,NULL,'6/20/15','6/20/15',NULL,5,'Done',0000000000000000000200,0000000000000000000000,NULL,NULL,'REPLACED SUPPLY HOSE & GREASETRAP CLEANING 5/18/20',NULL,NULL,1,'2015-08-30 19:15:42',NULL),
	(57,75,69,NULL,NULL,'6/20/15','6/20/15',NULL,2,'Done',0000000000000000000390,0000000000000000000000,NULL,NULL,'GRASSCUTTING 5/29/2015',NULL,NULL,1,'2015-08-30 19:15:42',NULL),
	(58,75,69,NULL,NULL,'6/20/15','6/20/15',NULL,6,'Done',0000000000000000000880,0000000000000000000000,NULL,NULL,'AIRCON CLEANING 3 UNIT 6/11/2015',NULL,NULL,1,'2015-08-30 19:15:42',NULL),
	(59,75,69,NULL,NULL,'3/20/15','3/20/15',NULL,2,'Done',0000000000000000000260,0000000000000000000000,NULL,NULL,'GRASSCUTTING 1/27/2015',NULL,NULL,1,'2015-08-30 19:15:43',NULL),
	(60,75,69,NULL,NULL,'6/21/14','6/21/14',NULL,4,'Done',0000000000000000000064,0000000000000000000000,NULL,NULL,'CHECKED OUTLET 5/14/2014',NULL,NULL,1,'2015-08-30 19:15:43',NULL),
	(61,77,70,NULL,NULL,'4/21/14','4/21/14',NULL,5,'Done',0000000000000000000200,0000000000000000000000,NULL,NULL,'REPLACED P.TRAP 3/15/2014',NULL,NULL,1,'2015-08-30 19:15:43',NULL),
	(62,77,70,NULL,NULL,'4/21/14','4/21/14',NULL,5,'Done',0000000000000000000200,0000000000000000000000,NULL,NULL,'REPAIR LEAK LAVATORY 3/6/2014',NULL,NULL,1,'2015-08-30 19:15:43',NULL),
	(63,77,70,NULL,NULL,'6/21/14','6/21/14',NULL,5,'Done',0000000000000000000100,0000000000000000000000,NULL,NULL,'GREASETRAP CLEANING 4/3/2014',NULL,NULL,1,'2015-08-30 19:15:44',NULL),
	(64,77,70,NULL,NULL,'6/21/14','6/21/14',NULL,5,'Done',0000000000000000000100,0000000000000000000000,NULL,NULL,'INSTALLATION OF 3/4 NIPPLE 4/19/2014',NULL,NULL,1,'2015-08-30 19:15:44',NULL),
	(65,77,70,NULL,NULL,'6/21/14','6/21/14',NULL,6,'Done',0000000000000000000620,0000000000000000000000,NULL,NULL,'AIRCON CLEANING 2 UNIT 5/21/2014',NULL,NULL,1,'2015-08-30 19:15:45',NULL),
	(66,78,71,NULL,NULL,'8/21/13','8/21/13',NULL,2,'Done',0000000000000000000230,0000000000000000000000,NULL,NULL,'Grasscutting  7/08/2013',NULL,NULL,1,'2015-08-30 19:15:45',NULL),
	(67,78,71,NULL,NULL,'10/21/13','10/21/13',NULL,2,'Done',0000000000000000000280,0000000000000000000000,NULL,NULL,'GRASSCUTTING 9/6/2013',NULL,NULL,1,'2015-08-30 19:15:46',NULL),
	(68,78,71,NULL,NULL,'1/1/14','1/1/14',NULL,2,'Done',0000000000000000000250,0000000000000000000000,NULL,NULL,'GRASSCUTIING 12/18/2013',NULL,NULL,1,'2015-08-30 19:15:46',NULL),
	(69,78,71,NULL,NULL,'12/20/14','12/20/14',NULL,2,'Done',0000000000000000000250,0000000000000000000000,NULL,NULL,'GRASSCUTTING 9/25/2014',NULL,NULL,1,'2015-08-30 19:15:46',NULL),
	(70,78,71,NULL,NULL,'6/20/15','6/20/15',NULL,2,'Done',0000000000000000000260,0000000000000000000000,NULL,NULL,'GRASCUTTING 6/17/2015',NULL,NULL,1,'2015-08-30 19:15:46',NULL),
	(71,79,72,NULL,NULL,'11/1/13','11/1/13',NULL,3,'Done',0000000000000000001800,0000000000000000000000,NULL,NULL,'ROOF & GUTTER CLEANING OCT.3-62013',NULL,NULL,1,'2015-08-30 19:15:48',NULL),
	(72,80,73,NULL,NULL,'4/22/13','4/22/13',NULL,4,'Done',0000000000000000000120,0000000000000000000000,NULL,NULL,'Fixed Fixture of Flourescent  12-22-12',NULL,NULL,1,'2015-08-30 19:15:50',NULL),
	(73,80,73,NULL,NULL,'9/21/14','9/21/14',NULL,5,'Done',0000000000000000000100,0000000000000000000000,NULL,NULL,'GREASETRAP CLEANING 8/30/2014',NULL,NULL,1,'2015-08-30 19:15:50',NULL),
	(74,80,73,NULL,NULL,'12/20/14','12/20/14',NULL,5,'Done',0000000000000000000200,0000000000000000000000,NULL,NULL,'DECLOGGED & CLEAN GREASETRAP 10/4/2014',NULL,NULL,1,'2015-08-30 19:15:50',NULL),
	(75,80,73,NULL,NULL,'12/20/14','12/20/14',NULL,5,'Done',0000000000000000000100,0000000000000000000000,NULL,NULL,'DECLOGGGED P.TRAP & GRESETRAP 10/24/2014',NULL,NULL,1,'2015-08-30 19:15:50',NULL),
	(76,80,73,NULL,NULL,'12/20/14','12/20/14',NULL,5,'Done',0000000000000000000100,0000000000000000000000,NULL,NULL,'INSTALLED NEW LAVATORY 11/5/2014',NULL,NULL,1,'2015-08-30 19:15:50',NULL),
	(77,80,73,NULL,NULL,'3/20/15','3/20/15',NULL,5,'Done',0000000000000000000200,0000000000000000000000,NULL,NULL,'CHECK FAUCET & GREASETRAP CLEANING 12/29/2014',NULL,NULL,1,'2015-08-30 19:15:51',NULL),
	(78,80,73,NULL,NULL,'3/20/15','3/20/15',NULL,5,'Done',0000000000000000000200,0000000000000000000000,NULL,NULL,'GREASETRAP CLEANING 2/2/2015',NULL,NULL,1,'2015-08-30 19:15:51',NULL),
	(79,80,73,NULL,NULL,'3/20/15','3/20/15',NULL,5,'Done',0000000000000000000200,0000000000000000000000,NULL,NULL,'GREASETRAP CLEANING 3/3/2015',NULL,NULL,1,'2015-08-30 19:15:51',NULL),
	(80,85,77,NULL,NULL,'10/21/13','10/21/13',NULL,5,'Done',0000000000000000000060,0000000000000000000000,NULL,NULL,'INTALLED FAUCET 9/2/2013',NULL,NULL,1,'2015-08-30 19:15:52',NULL),
	(81,85,77,NULL,NULL,'10/21/13','10/21/13',NULL,5,'Done',0000000000000000000200,0000000000000000000000,NULL,NULL,'INSTALLED ANGLE VALVE 9/4/2013',NULL,NULL,1,'2015-08-30 19:15:52',NULL),
	(82,85,77,NULL,NULL,'12/20/14','12/20/14',NULL,1,'Done',0000000000000000000220,0000000000000000000000,NULL,NULL,'TRIMMING 10/1/2014',NULL,NULL,1,'2015-08-30 19:15:53',NULL),
	(83,82,74,NULL,NULL,'4/1/14','4/1/14',NULL,4,'Done',0000000000000000000010,0000000000000000000000,NULL,NULL,'BALANCE Work Order OR#29853',NULL,NULL,1,'2015-08-30 19:15:53',NULL),
	(84,82,74,NULL,NULL,'10/20/11','10/20/11',NULL,0,'Done',0000000000000000002160,0000000000000000000000,NULL,NULL,'Shuttle Fee September 2011',NULL,NULL,1,'2015-08-30 19:15:54',NULL),
	(85,82,74,NULL,NULL,'11/20/11','11/20/11',NULL,0,'Done',0000000000000000004660,0000000000000000000000,NULL,NULL,'Shuttle fee October 2011',NULL,NULL,1,'2015-08-30 19:15:54',NULL),
	(86,82,74,NULL,NULL,'9/18/12','9/18/12',NULL,0,'Done',0000000000000000001200,0000000000000000000000,NULL,NULL,'Delivery Fee May-July 2012',NULL,NULL,1,'2015-08-30 19:15:54',NULL),
	(87,82,74,NULL,NULL,'9/21/14','9/21/14',NULL,4,'Done',0000000000000000000100,0000000000000000000000,NULL,NULL,'INSTALL CAPIZ 8/9/2014',NULL,NULL,1,'2015-08-30 19:15:56',NULL),
	(88,82,74,NULL,NULL,'9/21/14','9/21/14',NULL,1,'Done',0000000000000000000340,0000000000000000000000,NULL,NULL,'GARDENING 8/18/2014',NULL,NULL,1,'2015-08-30 19:15:56',NULL),
	(89,82,74,NULL,NULL,'3/20/15','3/20/15',NULL,4,'Done',0000000000000000000450,0000000000000000000000,NULL,NULL,'INSTALLED XMAS DECORS 12/21/2014',NULL,NULL,1,'2015-08-30 19:15:56',NULL),
	(90,82,74,NULL,NULL,'6/20/15','6/20/15',NULL,4,'Done',0000000000000000000200,0000000000000000000000,NULL,NULL,'RE TIGHT LOOSE THREAD OF BREAKER 5/14/2015',NULL,NULL,1,'2015-08-30 19:15:57',NULL),
	(91,83,75,NULL,NULL,'5/21/14','5/21/14',NULL,5,'Done',0000000000000000000200,0000000000000000000000,NULL,NULL,'INSTALLED LAVATORY 4/30/2014',NULL,NULL,1,'2015-08-30 19:15:57',NULL),
	(92,83,75,NULL,NULL,'6/21/14','6/21/14',NULL,4,'Done',0000000000000000000200,0000000000000000000000,NULL,NULL,'REPLACED CHANDELLIER 4/2/2014',NULL,NULL,1,'2015-08-30 19:15:57',NULL),
	(93,83,75,NULL,NULL,'6/21/14','6/21/14',NULL,5,'Done',0000000000000000000200,0000000000000000000000,NULL,NULL,'APPLY EPOXY 5/4/2014',NULL,NULL,1,'2015-08-30 19:15:58',NULL),
	(94,83,75,NULL,NULL,'11/1/13','11/1/13',NULL,4,'Done',0000000000000000000400,0000000000000000000000,NULL,NULL,'ELECTRICAL & PLUMBING WORKS 10/9/2013',NULL,NULL,1,'2015-08-30 19:15:58',NULL),
	(95,83,75,NULL,NULL,'11/1/13','11/1/13',NULL,11,'Done',0000000000000000000300,0000000000000000000000,NULL,NULL,'CARPENTRY WORKS 10/10/2013',NULL,NULL,1,'2015-08-30 19:15:58',NULL),
	(96,83,75,NULL,NULL,'11/1/13','11/1/13',NULL,5,'Done',0000000000000000001200,0000000000000000000000,NULL,NULL,'ELECTRICAL & PLUMBING WORKS 10/16/2013',NULL,NULL,1,'2015-08-30 19:15:58',NULL),
	(97,83,75,NULL,NULL,'12/1/13','12/1/13',NULL,11,'Done',0000000000000000000100,0000000000000000000000,NULL,NULL,'PULL OUT & INSTALLED CURTAIN 11/6/2013',NULL,NULL,1,'2015-08-30 19:15:59',NULL),
	(98,83,75,NULL,NULL,'12/1/13','12/1/13',NULL,11,'Done',0000000000000000000200,0000000000000000000000,NULL,NULL,'FABRICATE COVER OF EXHAUST FAN 11/8/2013',NULL,NULL,1,'2015-08-30 19:15:59',NULL),
	(99,83,75,NULL,NULL,'12/1/13','12/1/13',NULL,11,'Done',0000000000000000000200,0000000000000000000000,NULL,NULL,'INSTALLED & FIXED DOOR CABINET 11/21/2013',NULL,NULL,1,'2015-08-30 19:15:59',NULL),
	(100,83,75,NULL,NULL,'12/1/13','12/1/13',NULL,9,'Done',0000000000000000000100,0000000000000000000000,NULL,NULL,'PULLED OUT & TRANSFER GAS STOVE 11/22/2013',NULL,NULL,1,'2015-08-30 19:15:59',NULL),
	(101,83,75,NULL,NULL,'1/1/14','1/1/14',NULL,11,'Done',0000000000000000000400,0000000000000000000000,NULL,NULL,'PULLOUT DOOR SCREEN 12/3/2013',NULL,NULL,1,'2015-08-30 19:15:59',NULL),
	(102,83,75,NULL,NULL,'2/1/14','2/1/14',NULL,5,'Done',0000000000000000000100,0000000000000000000000,NULL,NULL,'REPLACED 2 WAY FAUCET 1/14/2014',NULL,NULL,1,'2015-08-30 19:16:00',NULL),
	(103,83,75,NULL,NULL,'3/1/14','3/1/14',NULL,5,'Done',0000000000000000000100,0000000000000000000000,NULL,NULL,'REPLACE FAUCET 2/21/2014',NULL,NULL,1,'2015-08-30 19:16:00',NULL),
	(104,83,75,NULL,NULL,'7/21/14','7/21/14',NULL,4,'Done',0000000000000000000100,0000000000000000000000,NULL,NULL,'INSTALLED WATER HEATER 6/30/2014',NULL,NULL,1,'2015-08-30 19:16:00',NULL),
	(105,83,75,NULL,NULL,'7/21/14','7/21/14',NULL,4,'Done',0000000000000000000200,0000000000000000000000,NULL,NULL,'DRILLING WORKS 6/18/2014',NULL,NULL,1,'2015-08-30 19:16:00',NULL),
	(106,83,75,NULL,NULL,'7/21/14','7/21/14',NULL,4,'Done',0000000000000000000100,0000000000000000000000,NULL,NULL,'TROUBLE SHOOTING 6/13/2014',NULL,NULL,1,'2015-08-30 19:16:00',NULL),
	(107,83,75,NULL,NULL,'9/21/14','9/21/14',NULL,5,'Done',0000000000000000000200,0000000000000000000000,NULL,NULL,'PLUMBING WORKS 8/13/2014',NULL,NULL,1,'2015-08-30 19:16:01',NULL),
	(108,83,75,NULL,NULL,'9/21/14','9/21/14',NULL,5,'Done',0000000000000000000600,0000000000000000000000,NULL,NULL,'DRILLING & PLUMBING WORKS 8/18/2014',NULL,NULL,1,'2015-08-30 19:16:01',NULL),
	(109,83,75,NULL,NULL,'9/21/14','9/21/14',NULL,5,'Done',0000000000000000000200,0000000000000000000000,NULL,NULL,'GREASTRAP CLEANING 8/1/2014',NULL,NULL,1,'2015-08-30 19:16:02',NULL),
	(110,83,75,NULL,NULL,'9/21/14','9/21/14',NULL,1,'Done',0000000000000000000340,0000000000000000000000,NULL,NULL,'GARDENING 8/18/2014',NULL,NULL,1,'2015-08-30 19:16:02',NULL),
	(111,83,75,NULL,NULL,'12/20/14','12/20/14',NULL,4,'Done',0000000000000000000100,0000000000000000000000,NULL,NULL,'INSTALL WASHING HOSE 9/16/2014',NULL,NULL,1,'2015-08-30 19:16:02',NULL),
	(112,83,75,NULL,NULL,'12/20/14','12/20/14',NULL,5,'Done',0000000000000000000100,0000000000000000000000,NULL,NULL,'GREASETRAP CLEANING 10/20/2014',NULL,NULL,1,'2015-08-30 19:16:02',NULL),
	(113,83,75,NULL,NULL,'12/20/14','12/20/14',NULL,5,'Done',0000000000000000000100,0000000000000000000000,NULL,NULL,'REPLACED SUPPLY HOSE 10/24/2014',NULL,NULL,1,'2015-08-30 19:16:02',NULL),
	(114,83,75,NULL,NULL,'12/20/14','12/20/14',NULL,1,'Done',0000000000000000000300,0000000000000000000000,NULL,NULL,'GARDENING 10/9/2014',NULL,NULL,1,'2015-08-30 19:16:03',NULL),
	(115,83,75,NULL,NULL,'12/20/14','12/20/14',NULL,1,'Done',0000000000000000001210,0000000000000000000000,NULL,NULL,'WEEDING TRIMMING 11/10/2014',NULL,NULL,1,'2015-08-30 19:16:03',NULL),
	(116,83,75,NULL,NULL,'3/20/15','3/20/15',NULL,4,'Done',0000000000000000000600,0000000000000000000000,NULL,NULL,'INSTALLED CAPIZ 12/17/2014',NULL,NULL,1,'2015-08-30 19:16:03',NULL),
	(117,83,75,NULL,NULL,'3/20/15','3/20/15',NULL,4,'Done',0000000000000000000100,0000000000000000000000,NULL,NULL,'INSTALLED XMAS LIGHT 12/16/2014',NULL,NULL,1,'2015-08-30 19:16:04',NULL),
	(118,83,75,NULL,NULL,'3/20/15','3/20/15',NULL,2,'Done',0000000000000000000340,0000000000000000000000,NULL,NULL,'GRASSCUTTING 2/25/2015',NULL,NULL,1,'2015-08-30 19:16:04',NULL),
	(119,83,75,NULL,NULL,'3/20/15','3/20/15',NULL,5,'Done',0000000000000000000100,0000000000000000000000,NULL,NULL,'GREASETRAP CLEANING 3/13/2015',NULL,NULL,1,'2015-08-30 19:16:04',NULL),
	(120,83,75,NULL,NULL,'6/20/15','6/20/15',NULL,5,'Done',0000000000000000000200,0000000000000000000000,NULL,NULL,'DECLOGGED SEWERLINE 4/30/2015',NULL,NULL,1,'2015-08-30 19:16:04',NULL),
	(121,83,75,NULL,NULL,'6/20/15','6/20/15',NULL,5,'Done',0000000000000000000100,0000000000000000000000,NULL,NULL,'GREASETRAP CLEANING 6/23/2015',NULL,NULL,1,'2015-08-30 19:16:05',NULL),
	(122,94,85,NULL,NULL,'12/20/14','12/20/14',NULL,2,'Done',0000000000000000000500,0000000000000000000000,NULL,NULL,'GRASSCUTTING 9/25/2014',NULL,NULL,1,'2015-08-30 19:16:07',NULL),
	(123,94,85,NULL,NULL,'12/20/14','12/20/14',NULL,2,'Done',0000000000000000000280,0000000000000000000000,NULL,NULL,'GRASSCUTTING 10/16/2014',NULL,NULL,1,'2015-08-30 19:16:08',NULL),
	(124,94,85,NULL,NULL,'12/20/14','12/20/14',NULL,2,'Done',0000000000000000000400,0000000000000000000000,NULL,NULL,'GRASSCUTTING 11/21/2014',NULL,NULL,1,'2015-08-30 19:16:08',NULL),
	(125,94,85,NULL,NULL,'3/20/15','3/20/15',NULL,2,'Done',0000000000000000000370,0000000000000000000000,NULL,NULL,'GRASCUTTING 12/20/2014',NULL,NULL,1,'2015-08-30 19:16:08',NULL),
	(126,94,85,NULL,NULL,'3/20/15','3/20/15',NULL,2,'Done',0000000000000000000340,0000000000000000000000,NULL,NULL,'GRASSCUTTING 2/5/2015',NULL,NULL,1,'2015-08-30 19:16:08',NULL),
	(127,94,85,NULL,NULL,'3/20/15','3/20/15',NULL,2,'Done',0000000000000000000240,0000000000000000000000,NULL,NULL,'GRASSCUTTING 3/18/2015',NULL,NULL,1,'2015-08-30 19:16:08',NULL),
	(128,94,85,NULL,NULL,'6/20/15','6/20/15',NULL,2,'Done',0000000000000000000400,0000000000000000000000,NULL,NULL,'GRASCUTTING 6/17/2015',NULL,NULL,1,'2015-08-30 19:16:09',NULL),
	(129,96,87,NULL,NULL,'3/20/15','3/20/15',NULL,5,'Done',0000000000000000000100,0000000000000000000000,NULL,NULL,'GREASETRAP CLEANING 1/5/2015',NULL,NULL,1,'2015-08-30 19:16:09',NULL),
	(130,96,87,NULL,NULL,'6/20/15','6/20/15',NULL,5,'Done',0000000000000000000100,0000000000000000000000,NULL,NULL,'REMOVED WATER HEATER 4/27/2015',NULL,NULL,1,'2015-08-30 19:16:09',NULL),
	(131,96,87,NULL,NULL,'6/20/15','6/20/15',NULL,5,'Done',0000000000000000000200,0000000000000000000000,NULL,NULL,'GREASETRAP CLEANING 3/26/2015',NULL,NULL,1,'2015-08-30 19:16:09',NULL),
	(132,100,91,NULL,NULL,'3/1/14','3/1/14',NULL,11,'Done',0000000000000000000100,0000000000000000000000,NULL,NULL,'CHECK GARAGE DOOR 2/17/2014',NULL,NULL,1,'2015-08-30 19:16:11',NULL),
	(133,100,91,NULL,NULL,'9/21/14','9/21/14',NULL,10,'Done',0000000000000000000100,0000000000000000000000,NULL,NULL,'REPLACED TIRE & CHECKED BILET TANK 8/21/2014',NULL,NULL,1,'2015-08-30 19:16:12',NULL),
	(134,106,97,NULL,NULL,'6/20/15','6/20/15',NULL,1,'Done',0000000000000000000340,0000000000000000000000,NULL,NULL,'GARDENING 5/28/2015',NULL,NULL,1,'2015-08-30 19:16:12',NULL),
	(135,111,102,NULL,NULL,'3/20/15','3/20/15',NULL,2,'Done',0000000000000000000270,0000000000000000000000,NULL,NULL,'GRASSCUTTING 1/6/2015',NULL,NULL,1,'2015-08-30 19:16:13',NULL),
	(136,117,108,NULL,NULL,'6/20/15','6/20/15',NULL,1,'Done',0000000000000000000650,0000000000000000000000,NULL,NULL,'GARDENING 5/13/2015',NULL,NULL,1,'2015-08-30 19:16:14',NULL),
	(137,123,117,NULL,NULL,'2/1/14','2/1/14',NULL,5,'Done',0000000000000000000200,0000000000000000000000,NULL,NULL,'REPLACED FILLVALVE & ANGLE VALVE 1/2/2014',NULL,NULL,1,'2015-08-30 19:16:15',NULL),
	(138,123,117,NULL,NULL,'3/1/14','3/1/14',NULL,1,'Done',0000000000000000000510,0000000000000000000000,NULL,NULL,'GARDENING 2/18/2014',NULL,NULL,1,'2015-08-30 19:16:15',NULL),
	(139,123,117,NULL,NULL,'5/21/14','5/21/14',NULL,1,'Done',0000000000000000000340,0000000000000000000000,NULL,NULL,'GARDENING 4/22/2014',NULL,NULL,1,'2015-08-30 19:16:15',NULL),
	(140,123,117,NULL,NULL,'6/21/14','6/21/14',NULL,10,'Done',0000000000000000000100,0000000000000000000000,NULL,NULL,'CHECKED OVEN 4/12/2014',NULL,NULL,1,'2015-08-30 19:16:15',NULL),
	(141,123,117,NULL,NULL,'7/21/14','7/21/14',NULL,1,'Done',0000000000000000000530,0000000000000000000000,NULL,NULL,'GARDENING 6/9/2014',NULL,NULL,1,'2015-08-30 19:16:16',NULL),
	(142,123,117,NULL,NULL,'9/21/14','9/21/14',NULL,1,'Done',0000000000000000000510,0000000000000000000000,NULL,NULL,'GARDENING 8/7/2014',NULL,NULL,1,'2015-08-30 19:16:16',NULL),
	(143,123,117,NULL,NULL,'12/20/14','12/20/14',NULL,1,'Done',0000000000000000000510,0000000000000000000000,NULL,NULL,'GARDENING 9/24/2014',NULL,NULL,1,'2015-08-30 19:16:16',NULL),
	(144,123,117,NULL,NULL,'12/20/14','12/20/14',NULL,1,'Done',0000000000000000000490,0000000000000000000000,NULL,NULL,'GARDENING 11/13/2014',NULL,NULL,1,'2015-08-30 19:16:17',NULL),
	(145,123,117,NULL,NULL,'3/20/15','3/20/15',NULL,1,'Done',0000000000000000000340,0000000000000000000000,NULL,NULL,'GARDENING 2/5/2015',NULL,NULL,1,'2015-08-30 19:16:17',NULL),
	(146,123,117,NULL,NULL,'6/20/15','6/20/15',NULL,1,'Done',0000000000000000000670,0000000000000000000000,NULL,NULL,'GARDENING 5/6/2015',NULL,NULL,1,'2015-08-30 19:16:17',NULL),
	(147,129,124,NULL,NULL,'6/20/15','6/20/15',NULL,10,'Done',0000000000000000000100,0000000000000000000000,NULL,NULL,'REFIXED REGULATOR 4/10/2015',NULL,NULL,1,'2015-08-30 19:16:19',NULL),
	(148,129,124,NULL,NULL,'6/20/15','6/20/15',NULL,10,'Done',0000000000000000000100,0000000000000000000000,NULL,NULL,'INSTALLED DURABOX 6/19/2015',NULL,NULL,1,'2015-08-30 19:16:19',NULL),
	(149,129,124,NULL,NULL,'6/20/15','6/20/15',NULL,1,'Done',0000000000000000000470,0000000000000000000000,NULL,NULL,'GARDENING 6/4/2015',NULL,NULL,1,'2015-08-30 19:16:19',NULL),
	(150,131,125,NULL,NULL,'6/20/15','6/20/15',NULL,5,'Done',0000000000000000000200,0000000000000000000000,NULL,NULL,'GREASETRAP CLEANING 6/24/2015',NULL,NULL,1,'2015-08-30 19:16:19',NULL),
	(151,131,125,NULL,NULL,'6/20/15','6/20/15',NULL,1,'Done',0000000000000000000350,0000000000000000000000,NULL,NULL,'GARDENING 6/9/2015',NULL,NULL,1,'2015-08-30 19:16:20',NULL),
	(152,132,126,NULL,NULL,'6/20/15','6/20/15',NULL,1,'Done',0000000000000000000340,0000000000000000000000,NULL,NULL,'GARDENING 6/3/2015',NULL,NULL,1,'2015-08-30 19:16:21',NULL),
	(153,134,128,NULL,NULL,'3/18/15','3/18/15',NULL,1,'Done',0000000000000000796.25,0000000000000000000000,NULL,NULL,'Bal Work Order#8425 OR#33454',NULL,NULL,1,'2015-08-30 19:16:26',NULL),
	(154,134,128,NULL,NULL,'12/1/13','12/1/13',NULL,1,'Done',0000000000000000000380,0000000000000000000000,NULL,NULL,'GARDENING 11/6/2013',NULL,NULL,1,'2015-08-30 19:16:26',NULL),
	(155,134,128,NULL,NULL,'12/20/14','12/20/14',NULL,5,'Done',0000000000000000000100,0000000000000000000000,NULL,NULL,'GREASTRAP CLEANING 9/16/2014',NULL,NULL,1,'2015-08-30 19:16:27',NULL),
	(156,134,128,NULL,NULL,'12/20/14','12/20/14',NULL,4,'Done',0000000000000000001800,0000000000000000000000,NULL,NULL,'INSTALLED FIBR 9/14/2014',NULL,NULL,1,'2015-08-30 19:16:27',NULL),
	(157,134,128,NULL,NULL,'12/20/14','12/20/14',NULL,5,'Done',0000000000000000000100,0000000000000000000000,NULL,NULL,'GREASETRAP CLEANING 10/9/2014',NULL,NULL,1,'2015-08-30 19:16:27',NULL),
	(158,134,128,NULL,NULL,'12/20/14','12/20/14',NULL,4,'Done',0000000000000000000100,0000000000000000000000,NULL,NULL,'REPLACED OUTLET OF WATER HEATER 10/10/2014',NULL,NULL,1,'2015-08-30 19:16:28',NULL),
	(159,134,128,NULL,NULL,'12/20/14','12/20/14',NULL,5,'Done',0000000000000000000100,0000000000000000000000,NULL,NULL,'GREASETRAP CLEANING 11/29/2014',NULL,NULL,1,'2015-08-30 19:16:28',NULL),
	(160,134,128,NULL,NULL,'12/20/14','12/20/14',NULL,2,'Done',0000000000000000000300,0000000000000000000000,NULL,NULL,'GRASSCUTTING 11/4/2014',NULL,NULL,1,'2015-08-30 19:16:28',NULL),
	(161,135,129,NULL,NULL,'6/20/15','6/20/15',NULL,5,'Done',0000000000000000000200,0000000000000000000000,NULL,NULL,'APPLIED EPOXY @SHOWER VALVE 6/19/2015',NULL,NULL,1,'2015-08-30 19:16:29',NULL),
	(162,138,131,NULL,NULL,'6/20/15','6/20/15',NULL,1,'Done',0000000000000000000280,0000000000000000000000,NULL,NULL,'GARDENING 5/6/2015',NULL,NULL,1,'2015-08-30 19:16:29',NULL),
	(163,141,134,NULL,NULL,'3/20/15','3/20/15',NULL,4,'Done',0000000000000000000200,0000000000000000000000,NULL,NULL,'INSTALLED 2PCS. BULB 2/7/2015',NULL,NULL,1,'2015-08-30 19:16:30',NULL),
	(164,141,134,NULL,NULL,'3/20/15','3/20/15',NULL,11,'Done',0000000000000000000100,0000000000000000000000,NULL,NULL,'INSTALLED MAIL BOX 2/7/2015',NULL,NULL,1,'2015-08-30 19:16:30',NULL),
	(165,141,134,NULL,NULL,'3/20/15','3/20/15',NULL,4,'Done',0000000000000000000100,0000000000000000000000,NULL,NULL,'REPLACED SWITCH 2/28/2015',NULL,NULL,1,'2015-08-30 19:16:30',NULL),
	(166,143,136,NULL,NULL,'6/20/15','6/20/15',NULL,4,'Done',0000000000000000000100,0000000000000000000000,NULL,NULL,'REPLACED LIGHT FIXTURE 4/25/2015',NULL,NULL,1,'2015-08-30 19:16:31',NULL),
	(167,143,136,NULL,NULL,'6/20/15','6/20/15',NULL,2,'Done',0000000000000000000350,0000000000000000000000,NULL,NULL,'GRASCUTTING 6/5/2015',NULL,NULL,1,'2015-08-30 19:16:31',NULL),
	(168,146,139,NULL,NULL,'6/20/15','6/20/15',NULL,11,'Done',0000000000000000000200,0000000000000000000000,NULL,NULL,'INSTALLED HIGH CURTAIN 4/6/2015',NULL,NULL,1,'2015-08-30 19:16:32',NULL),
	(169,146,139,NULL,NULL,'6/20/15','6/20/15',NULL,5,'Done',0000000000000000000200,0000000000000000000000,NULL,NULL,'GREASETRAP CLEANING 3/30/2015',NULL,NULL,1,'2015-08-30 19:16:32',NULL),
	(170,151,145,NULL,NULL,'12/20/14','12/20/14',NULL,2,'Done',0000000000000000000410,0000000000000000000000,NULL,NULL,'GRASSCUTTING 9/22/2014',NULL,NULL,1,'2015-08-30 19:16:33',NULL),
	(171,151,145,NULL,NULL,'6/20/15','6/20/15',NULL,10,'Done',0000000000000000000100,0000000000000000000000,NULL,NULL,'INSTALLED NEW GAZUL 4/28/2015',NULL,NULL,1,'2015-08-30 19:16:33',NULL),
	(172,153,147,NULL,NULL,'3/20/15','3/20/15',NULL,5,'Done',0000000000000000000100,0000000000000000000000,NULL,NULL,'GREASETRAP CLEANING 1/12/2015',NULL,NULL,1,'2015-08-30 19:16:33',NULL),
	(173,153,147,NULL,NULL,'6/20/15','6/20/15',NULL,4,'Done',0000000000000000000100,0000000000000000000000,NULL,NULL,'RESET CIRCUIT BREAKER 6/25/2015',NULL,NULL,1,'2015-08-30 19:16:33',NULL),
	(174,153,147,NULL,NULL,'6/20/15','6/20/15',NULL,5,'Done',0000000000000000000200,0000000000000000000000,NULL,NULL,'INSTALLED GAS HOSE & CHECK FAUCET 5/30/2015',NULL,NULL,1,'2015-08-30 19:16:34',NULL),
	(175,153,147,NULL,NULL,'6/20/15','6/20/15',NULL,5,'Done',0000000000000000000200,0000000000000000000000,NULL,NULL,'INSTALLED FAUCET & DICLOGGED P.TRAP 6/6/2015',NULL,NULL,1,'2015-08-30 19:16:34',NULL),
	(176,153,147,NULL,NULL,'6/20/15','6/20/15',NULL,1,'Done',0000000000000000000470,0000000000000000000000,NULL,NULL,'TRIMMING 6/24/2015',NULL,NULL,1,'2015-08-30 19:16:34',NULL),
	(177,154,148,NULL,NULL,'11/1/13','11/1/13',NULL,4,'Done',0000000000000000002850,0000000000000000000000,NULL,NULL,'INSTALLED X-MASS DCOR & REPLACED P-TRAP 10/21/20',NULL,NULL,1,'2015-08-30 19:16:35',NULL),
	(178,158,152,NULL,NULL,'6/20/14','6/20/14',NULL,2,'Done',0000000000000000000270,0000000000000000000000,NULL,NULL,'GRASSCUTTING 4/10/2014',NULL,NULL,1,'2015-08-30 19:16:35',NULL),
	(179,158,152,NULL,NULL,'7/20/14','7/20/14',NULL,2,'Done',0000000000000000000270,0000000000000000000000,NULL,NULL,'GRASSCUTTING 5/8/2014',NULL,NULL,1,'2015-08-30 19:16:35',NULL),
	(180,158,152,NULL,NULL,'7/21/14','7/21/14',NULL,4,'Done',0000000000000000000200,0000000000000000000000,NULL,NULL,'REPLACED BALLAST  & RECEPTACLE 6/10/2014',NULL,NULL,1,'2015-08-30 19:16:35',NULL),
	(181,158,152,NULL,NULL,'7/21/14','7/21/14',NULL,2,'Done',0000000000000000000390,0000000000000000000000,NULL,NULL,'GRASSCUTTING 6/27/2014',NULL,NULL,1,'2015-08-30 19:16:36',NULL),
	(182,158,152,NULL,NULL,'9/20/14','9/20/14',NULL,2,'Done',0000000000000000000380,0000000000000000000000,NULL,NULL,'GRASSCUTTING 8/20/2014',NULL,NULL,1,'2015-08-30 19:16:36',NULL),
	(183,158,152,NULL,NULL,'12/20/14','12/20/14',NULL,2,'Done',0000000000000000000380,0000000000000000000000,NULL,NULL,'GRASSCUTTING 10/27/2014',NULL,NULL,1,'2015-08-30 19:16:36',NULL),
	(184,158,152,NULL,NULL,'12/20/14','12/20/14',NULL,5,'Done',0000000000000000000300,0000000000000000000000,NULL,NULL,'DECLOGGED LAVATORY 11/07/2014',NULL,NULL,1,'2015-08-30 19:16:37',NULL),
	(185,158,152,NULL,NULL,'3/20/15','3/20/15',NULL,5,'Done',0000000000000000000200,0000000000000000000000,NULL,NULL,'DECLOGGED SEWERLINE 1/5/2015',NULL,NULL,1,'2015-08-30 19:16:37',NULL),
	(186,158,152,NULL,NULL,'6/20/15','6/20/15',NULL,4,'Done',0000000000000000000100,0000000000000000000000,NULL,NULL,'INSTALLED BULB 3/31/2015',NULL,NULL,1,'2015-08-30 19:16:37',NULL),
	(187,158,152,NULL,NULL,'6/20/15','6/20/15',NULL,5,'Done',0000000000000000000200,0000000000000000000000,NULL,NULL,'INSTALLED WATER HEATER&SUPPLY HOSE 6/15/2015',NULL,NULL,1,'2015-08-30 19:16:37',NULL),
	(188,158,152,NULL,NULL,'6/20/15','6/20/15',NULL,2,'Done',0000000000000000000390,0000000000000000000000,NULL,NULL,'GRASCUTTING 6/10/2015',NULL,NULL,1,'2015-08-30 19:16:37',NULL),
	(189,160,153,NULL,NULL,'6/20/15','6/20/15',NULL,5,'Done',0000000000000000000100,0000000000000000000000,NULL,NULL,'INSTALLED NEW HOSE @ THE KITCHEN 6/20/2015',NULL,NULL,1,'2015-08-30 19:16:38',NULL),
	(190,160,153,NULL,NULL,'6/20/15','6/20/15',NULL,2,'Done',0000000000000000000360,0000000000000000000000,NULL,NULL,'GRASCUTTING 6/10/2015',NULL,NULL,1,'2015-08-30 19:16:38',NULL),
	(191,165,157,NULL,NULL,'6/20/15','6/20/15',NULL,5,'Done',0000000000000000000100,0000000000000000000000,NULL,NULL,'GREASTRAP CLEANING 4/6/2015',NULL,NULL,1,'2015-08-30 19:16:39',NULL),
	(192,167,159,NULL,NULL,'6/20/15','6/20/15',NULL,2,'Done',0000000000000000000390,0000000000000000000000,NULL,NULL,'GRASCUTTING 6/23/2015',NULL,NULL,1,'2015-08-30 19:16:39',NULL),
	(193,172,165,NULL,NULL,'3/20/15','3/20/15',NULL,1,'Done',0000000000000000000450,0000000000000000000000,NULL,NULL,'GARDENING 12/30/2014',NULL,NULL,1,'2015-08-30 19:16:40',NULL),
	(194,172,165,NULL,NULL,'3/20/15','3/20/15',NULL,2,'Done',0000000000000000000320,0000000000000000000000,NULL,NULL,'GRASSCUTTING 3/24/2015',NULL,NULL,1,'2015-08-30 19:16:41',NULL),
	(195,172,165,NULL,NULL,'6/20/15','6/20/15',NULL,1,'Done',0000000000000000000200,0000000000000000000000,NULL,NULL,'TRIMMING & PLANTING 5/27/2015',NULL,NULL,1,'2015-08-30 19:16:41',NULL),
	(196,177,172,NULL,NULL,'6/20/15','6/20/15',NULL,1,'Done',0000000000000000000380,0000000000000000000000,NULL,NULL,'GARDENING 5/20/2015',NULL,NULL,1,'2015-08-30 19:16:42',NULL),
	(197,177,172,NULL,NULL,'6/20/15','6/20/15',NULL,2,'Done',0000000000000000000550,0000000000000000000000,NULL,NULL,'GRASCUTTING 6/25/2015',NULL,NULL,1,'2015-08-30 19:16:42',NULL),
	(198,179,173,NULL,NULL,'6/20/15','6/20/15',NULL,10,'Done',0000000000000000000200,0000000000000000000000,NULL,NULL,'REMOVE CURTAIN 5/30/2015',NULL,NULL,1,'2015-08-30 19:16:42',NULL),
	(199,179,173,NULL,NULL,'6/20/15','6/20/15',NULL,1,'Done',0000000000000000000480,0000000000000000000000,NULL,NULL,'GARDENING 5/13/2015',NULL,NULL,1,'2015-08-30 19:16:43',NULL),
	(200,181,175,NULL,NULL,'6/20/15','6/20/15',NULL,5,'Done',0000000000000000000100,0000000000000000000000,NULL,NULL,'INSTALLED LAVATORY 5/8/2015',NULL,NULL,1,'2015-08-30 19:16:43',NULL),
	(201,181,175,NULL,NULL,'9/21/14','9/21/14',NULL,1,'Done',0000000000000000000420,0000000000000000000000,NULL,NULL,'GARDENING 8/15/2014',NULL,NULL,1,'2015-08-30 19:16:43',NULL),
	(202,181,175,NULL,NULL,'8/20/14','8/20/14',NULL,2,'Done',0000000000000000000450,0000000000000000000000,NULL,NULL,'GRASSCUTTING 7/25/2014',NULL,NULL,1,'2015-08-30 19:16:44',NULL),
	(203,181,175,NULL,NULL,'8/20/14','8/20/14',NULL,5,'Done',0000000000000000000100,0000000000000000000000,NULL,NULL,'REPLACED FAUCET 6/29/2014',NULL,NULL,1,'2015-08-30 19:16:44',NULL),
	(204,182,176,NULL,NULL,'3/20/15','3/20/15',NULL,4,'Done',0000000000000000000100,0000000000000000000000,NULL,NULL,'ELECTRICAL WORKS 1/24/2015',NULL,NULL,1,'2015-08-30 19:16:46',NULL),
	(205,182,176,NULL,NULL,'3/20/15','3/20/15',NULL,4,'Done',0000000000000000000100,0000000000000000000000,NULL,NULL,'TROUBLE SHOOT SWITCH & RECEPTACLE 1/21/2015',NULL,NULL,1,'2015-08-30 19:16:46',NULL),
	(206,182,176,NULL,NULL,'3/20/15','3/20/15',NULL,4,'Done',0000000000000000000100,0000000000000000000000,NULL,NULL,'REMOVED T.V SET 1/14/2015',NULL,NULL,1,'2015-08-30 19:16:46',NULL),
	(207,182,176,NULL,NULL,'3/20/15','3/20/15',NULL,4,'Done',0000000000000000000600,0000000000000000000000,NULL,NULL,'PULL OUT XMAS LIGHT 1/7/2015',NULL,NULL,1,'2015-08-30 19:16:47',NULL),
	(208,182,176,NULL,NULL,'3/20/15','3/20/15',NULL,4,'Done',0000000000000000000100,0000000000000000000000,NULL,NULL,'INSTALLED GAZUL 2/25/2015',NULL,NULL,1,'2015-08-30 19:16:47',NULL),
	(209,182,176,NULL,NULL,'6/20/15','6/20/15',NULL,5,'Done',0000000000000000000200,0000000000000000000000,NULL,NULL,'INSTALLED NEW BIDET 4/10/2015',NULL,NULL,1,'2015-08-30 19:16:52',NULL),
	(210,182,176,NULL,NULL,'6/20/15','6/20/15',NULL,4,'Done',0000000000000000000200,0000000000000000000000,NULL,NULL,'REPAIR CIRCULAR LAMP 5/30/2015',NULL,NULL,1,'2015-08-30 19:16:52',NULL),
	(211,182,176,NULL,NULL,'6/20/15','6/20/15',NULL,4,'Done',0000000000000000000200,0000000000000000000000,NULL,NULL,'DISMANTLE T.V 6/19/2015',NULL,NULL,1,'2015-08-30 19:16:53',NULL),
	(212,182,176,NULL,NULL,'6/20/15','6/20/15',NULL,5,'Done',0000000000000000000200,0000000000000000000000,NULL,NULL,'INSTALLED NEW FILL VALVE & GANG SWITCH 6/8/2015',NULL,NULL,1,'2015-08-30 19:16:53',NULL),
	(213,182,176,NULL,NULL,'6/20/15','6/20/15',NULL,4,'Done',0000000000000000000100,0000000000000000000000,NULL,NULL,'DRILL FRAME HOOK 6/4/2015',NULL,NULL,1,'2015-08-30 19:16:53',NULL),
	(214,183,177,NULL,NULL,'6/20/15','6/20/15',NULL,5,'Done',0000000000000000000100,0000000000000000000000,NULL,NULL,'GREASETRAP CLEANING 5/6/2015',NULL,NULL,1,'2015-08-30 19:16:54',NULL),
	(215,183,177,NULL,NULL,'6/20/15','6/20/15',NULL,5,'Done',0000000000000000000100,0000000000000000000000,NULL,NULL,'DECLOGGD P.TRAP 6/16/2015',NULL,NULL,1,'2015-08-30 19:16:54',NULL),
	(216,184,178,NULL,NULL,'6/20/15','6/20/15',NULL,4,'Done',0000000000000000000100,0000000000000000000000,NULL,NULL,'ELECTRICAL WORKS 5/1/2015',NULL,NULL,1,'2015-08-30 19:16:55',NULL),
	(217,187,180,NULL,NULL,'3/20/15','3/20/15',NULL,5,'Done',0000000000000000000100,0000000000000000000000,NULL,NULL,'CHECKED WASHING MACHINE HOSE 1/13/15',NULL,NULL,1,'2015-08-30 19:16:55',NULL),
	(218,187,180,NULL,NULL,'3/20/15','3/20/15',NULL,3,'Done',0000000000000000001600,0000000000000000000000,NULL,NULL,'GUTTER CLEANING 12/6/2014',NULL,NULL,1,'2015-08-30 19:16:55',NULL),
	(219,187,180,NULL,NULL,'6/20/15','6/20/15',NULL,5,'Done',0000000000000000000100,0000000000000000000000,NULL,NULL,'GREASETRAP CLEANING 5/13/2015',NULL,NULL,1,'2015-08-30 19:16:56',NULL),
	(220,191,184,NULL,NULL,'12/20/14','12/20/14',NULL,1,'Done',0000000000000000000530,0000000000000000000000,NULL,NULL,'GARDENING 9/11/2014',NULL,NULL,1,'2015-08-30 19:16:57',NULL),
	(221,191,184,NULL,NULL,'12/20/14','12/20/14',NULL,1,'Done',0000000000000000000470,0000000000000000000000,NULL,NULL,'GARDENING 11/26/2014',NULL,NULL,1,'2015-08-30 19:16:57',NULL),
	(222,191,184,NULL,NULL,'3/20/15','3/20/15',NULL,5,'Done',0000000000000000000200,0000000000000000000000,NULL,NULL,'DECLOGGED KITCHEN FITTRAP & GREASETRAP CLEANING 1/',NULL,NULL,1,'2015-08-30 19:16:57',NULL),
	(223,191,184,NULL,NULL,'3/20/15','3/20/15',NULL,1,'Done',0000000000000000000480,0000000000000000000000,NULL,NULL,'GARDENING 2/4/2015',NULL,NULL,1,'2015-08-30 19:16:58',NULL),
	(224,194,187,NULL,NULL,'6/20/15','6/20/15',NULL,4,'Done',0000000000000000000100,0000000000000000000000,NULL,NULL,'RESET WATER HEATER & INSTALLED BULB 6/10/2015',NULL,NULL,1,'2015-08-30 19:16:59',NULL),
	(225,198,191,NULL,NULL,'12/20/14','12/20/14',NULL,1,'Done',0000000000000000000200,0000000000000000000000,NULL,NULL,'GARDENING 9/23/2014',NULL,NULL,1,'2015-08-30 19:17:00',NULL),
	(226,198,191,NULL,NULL,'12/20/14','12/20/14',NULL,5,'Done',0000000000000000000200,0000000000000000000000,NULL,NULL,'GREASETRAP CLEANING 9/26/2014',NULL,NULL,1,'2015-08-30 19:17:00',NULL),
	(227,198,191,NULL,NULL,'12/20/14','12/20/14',NULL,2,'Done',0000000000000000000340,0000000000000000000000,NULL,NULL,'GRASSCUTTING 10/29/2014',NULL,NULL,1,'2015-08-30 19:17:01',NULL),
	(228,198,191,NULL,NULL,'3/20/15','3/20/15',NULL,10,'Done',0000000000000000000100,0000000000000000000000,NULL,NULL,'PULL-OUT CURTAIN 2/4/2015',NULL,NULL,1,'2015-08-30 19:17:01',NULL),
	(229,198,191,NULL,NULL,'6/20/15','6/20/15',NULL,2,'Done',0000000000000000000240,0000000000000000000000,NULL,NULL,'GRASSCUTTING 5/29/2015',NULL,NULL,1,'2015-08-30 19:17:01',NULL),
	(230,198,191,NULL,NULL,'6/20/15','6/20/15',NULL,2,'Done',0000000000000000000240,0000000000000000000000,NULL,NULL,'GRASSCUTTING 5/8/2015',NULL,NULL,1,'2015-08-30 19:17:01',NULL),
	(231,201,194,NULL,NULL,'8/20/14','8/20/14',NULL,2,'Done',0000000000000000000300,0000000000000000000000,NULL,NULL,'GRASSCUTTING 6/30/2014',NULL,NULL,1,'2015-08-30 19:17:02',NULL),
	(232,216,211,NULL,NULL,'6/20/15','6/20/15',NULL,5,'Done',0000000000000000000100,0000000000000000000000,NULL,NULL,'DECLOGGED P.TRAP 6/10/2015',NULL,NULL,1,'2015-08-30 19:17:03',NULL),
	(233,216,211,NULL,NULL,'6/20/15','6/20/15',NULL,4,'Done',0000000000000000000100,0000000000000000000000,NULL,NULL,'INSTALLED 1 SET FLOURESCENT 6/5/2015',NULL,NULL,1,'2015-08-30 19:17:03',NULL),
	(234,216,211,NULL,NULL,'6/20/15','6/20/15',NULL,4,'Done',0000000000000000000200,0000000000000000000000,NULL,NULL,'PULL OUT BALLAST 6/3/2015',NULL,NULL,1,'2015-08-30 19:17:03',NULL),
	(235,216,211,NULL,NULL,'6/20/15','6/20/15',NULL,4,'Done',0000000000000000000100,0000000000000000000000,NULL,NULL,'INSTALLED 3 LIGHTS 6/1/2015',NULL,NULL,1,'2015-08-30 19:17:03',NULL),
	(236,220,216,NULL,NULL,'6/20/15','6/20/15',NULL,1,'Done',0000000000000000000730,0000000000000000000000,NULL,NULL,'GARDENING 4/15/2015',NULL,NULL,1,'2015-08-30 19:17:05',NULL),
	(237,222,219,NULL,NULL,'7/21/13','7/21/13',NULL,6,'Done',0000000000000000000620,0000000000000000000000,NULL,NULL,'Cleaned 2 Units of Window Type Aircon 6/17/2013',NULL,NULL,1,'2015-08-30 19:17:07',NULL),
	(238,222,219,NULL,NULL,'3/20/15','3/20/15',NULL,5,'Done',0000000000000000000200,0000000000000000000000,NULL,NULL,'REPAIR LEAK AT LAVATORY 2/23/2015',NULL,NULL,1,'2015-08-30 19:17:07',NULL),
	(239,222,219,NULL,NULL,'3/20/15','3/20/15',NULL,5,'Done',0000000000000000000400,0000000000000000000000,NULL,NULL,'PLUMBING WORKS2/20/2015',NULL,NULL,1,'2015-08-30 19:17:08',NULL),
	(240,222,219,NULL,NULL,'3/20/15','3/20/15',NULL,4,'Done',0000000000000000000100,0000000000000000000000,NULL,NULL,'REPLACED BREAKER 2/12/2015',NULL,NULL,1,'2015-08-30 19:17:08',NULL),
	(241,222,219,NULL,NULL,'3/20/15','3/20/15',NULL,5,'Done',0000000000000000000200,0000000000000000000000,NULL,NULL,'CHECK WATER HEATER & BIDET 2/5/2015',NULL,NULL,1,'2015-08-30 19:17:08',NULL),
	(242,223,220,NULL,NULL,'12/20/14','12/20/14',NULL,0,'Done',0000000000000000001200,0000000000000000000000,NULL,NULL,'DELIVERY FEE- AUG. 22 2014',NULL,NULL,1,'2015-08-30 19:17:09',NULL),
	(243,224,221,NULL,NULL,'6/20/15','6/20/15',NULL,10,'Done',0000000000000000000200,0000000000000000000000,NULL,NULL,'INSTALLED HIGH CURTAIN 4/4/2015',NULL,NULL,1,'2015-08-30 19:17:09',NULL),
	(244,224,221,NULL,NULL,'6/20/15','6/20/15',NULL,10,'Done',0000000000000000000200,0000000000000000000000,NULL,NULL,'PULL-OUT CURTAIN 3/31/2015',NULL,NULL,1,'2015-08-30 19:17:09',NULL),
	(245,226,223,NULL,NULL,'12/20/14','12/20/14',NULL,5,'Done',0000000000000000000150,0000000000000000000000,NULL,NULL,'GREASTRAP CLEANING 9/15/2014',NULL,NULL,1,'2015-08-30 19:17:10',NULL),
	(246,226,223,NULL,NULL,'12/20/14','12/20/14',NULL,4,'Done',0000000000000000000100,0000000000000000000000,NULL,NULL,'INSTALLED NEW FLOURESCENT FIXTURE 11/3/2014',NULL,NULL,1,'2015-08-30 19:17:10',NULL),
	(247,226,223,NULL,NULL,'3/20/15','3/20/15',NULL,5,'Done',0000000000000000000100,0000000000000000000000,NULL,NULL,'GREASETRAP CLEANING 1/9/2015',NULL,NULL,1,'2015-08-30 19:17:11',NULL),
	(248,226,223,NULL,NULL,'6/20/15','6/20/15',NULL,5,'Done',0000000000000000000200,0000000000000000000000,NULL,NULL,'DECLOGGED GREASETRAP 4/1/2015',NULL,NULL,1,'2015-08-30 19:17:11',NULL),
	(249,226,223,NULL,NULL,'6/20/15','6/20/15',NULL,6,'Done',0000000000000000000880,0000000000000000000000,NULL,NULL,'3 UNITS WINDOW TYPE AIRCON CLEANING  5/29/2015',NULL,NULL,1,'2015-08-30 19:17:11',NULL),
	(250,226,223,NULL,NULL,'6/20/15','6/20/15',NULL,5,'Done',0000000000000000000400,0000000000000000000000,NULL,NULL,'INSTALLED NEW FILTER & DOORKNOB 5/27/2015',NULL,NULL,1,'2015-08-30 19:17:11',NULL),
	(251,226,223,NULL,NULL,'6/20/15','6/20/15',NULL,5,'Done',0000000000000000000200,0000000000000000000000,NULL,NULL,'DECLOGGED & CLEANING GREASETRAP 5/20/2015',NULL,NULL,1,'2015-08-30 19:17:12',NULL),
	(252,231,228,NULL,NULL,'12/1/13','12/1/13',NULL,5,'Done',0000000000000000000100,0000000000000000000000,NULL,NULL,'GREASETRAP CLEANING 11/26/2013',NULL,NULL,1,'2015-08-30 19:17:13',NULL),
	(253,231,228,NULL,NULL,'3/1/14','3/1/14',NULL,5,'Done',0000000000000000000100,0000000000000000000000,NULL,NULL,'FIXED NEW BIDET HOSE 2/20/2014',NULL,NULL,1,'2015-08-30 19:17:13',NULL),
	(254,231,228,NULL,NULL,'5/21/14','5/21/14',NULL,5,'Done',0000000000000000000100,0000000000000000000000,NULL,NULL,'GREASETRAP CLEANING 4/29/2014',NULL,NULL,1,'2015-08-30 19:17:13',NULL),
	(255,231,228,NULL,NULL,'8/20/14','8/20/14',NULL,5,'Done',0000000000000000000100,0000000000000000000000,NULL,NULL,'INSTALLED BIDET 7/25/2014',NULL,NULL,1,'2015-08-30 19:17:13',NULL),
	(256,231,228,NULL,NULL,'12/20/14','12/20/14',NULL,5,'Done',0000000000000000000300,0000000000000000000000,NULL,NULL,'INSTALLED TANK BOWL 9/10/2014',NULL,NULL,1,'2015-08-30 19:17:14',NULL),
	(257,231,228,NULL,NULL,'3/20/15','3/20/15',NULL,5,'Done',0000000000000000000100,0000000000000000000000,NULL,NULL,'INSTALLED SHOWER BIDET 12/22/2014',NULL,NULL,1,'2015-08-30 19:17:14',NULL),
	(258,231,228,NULL,NULL,'6/20/15','6/20/15',NULL,5,'Done',0000000000000000000100,0000000000000000000000,NULL,NULL,'INSTALLED LED LIGHTS & FLEXIBLE HOSE 5/5/2015',NULL,NULL,1,'2015-08-30 19:17:14',NULL),
	(259,231,228,NULL,NULL,'6/20/15','6/20/15',NULL,5,'Done',0000000000000000000100,0000000000000000000000,NULL,NULL,'TROUBLE SHOOT WATER HEATER 6/20/2015',NULL,NULL,1,'2015-08-30 19:17:14',NULL),
	(260,237,235,NULL,NULL,'3/20/15','3/20/15',NULL,1,'Done',0000000000000000000460,0000000000000000000000,NULL,NULL,'GARDENING 3/12/2015',NULL,NULL,1,'2015-08-30 19:17:15',NULL),
	(261,242,241,NULL,NULL,'6/20/15','6/20/15',NULL,1,'Done',0000000000000000000640,0000000000000000000000,NULL,NULL,'GARDENING 5/18/2015',NULL,NULL,1,'2015-08-30 19:17:16',NULL),
	(262,248,247,NULL,NULL,'3/20/15','3/20/15',NULL,5,'Done',0000000000000000000900,0000000000000000000000,NULL,NULL,'PLUMBING WORKS 1/21/2015',NULL,NULL,1,'2015-08-30 19:17:17',NULL),
	(263,254,254,NULL,NULL,'3/15/11','3/15/11',NULL,0,'Done',0000000000000000000980,0000000000000000000000,NULL,NULL,'Shuttle Fee February 2011',NULL,NULL,1,'2015-08-30 19:17:20',NULL),
	(264,254,254,NULL,NULL,'4/15/11','4/15/11',NULL,0,'Done',0000000000000000002610,0000000000000000000000,NULL,NULL,'Shuttle Fee March 2011',NULL,NULL,1,'2015-08-30 19:17:20',NULL),
	(265,254,254,NULL,NULL,'5/15/11','5/15/11',NULL,0,'Done',0000000000000000003320,0000000000000000000000,NULL,NULL,'Shuttle Fee April 2011',NULL,NULL,1,'2015-08-30 19:17:21',NULL),
	(266,254,254,NULL,NULL,'5/15/11','5/15/11',NULL,0,'Done',0000000000000000003920,0000000000000000000000,NULL,NULL,'Shuttle Fee May 2011',NULL,NULL,1,'2015-08-30 19:17:21',NULL),
	(267,254,254,NULL,NULL,'10/20/11','10/20/11',NULL,0,'Done',0000000000000000005020,0000000000000000000000,NULL,NULL,'Shuttle Fee September 2011',NULL,NULL,1,'2015-08-30 19:17:21',NULL),
	(268,254,254,NULL,NULL,'11/20/11','11/20/11',NULL,0,'Done',0000000000000000002320,0000000000000000000000,NULL,NULL,'Shuttle fee August 2011',NULL,NULL,1,'2015-08-30 19:17:21',NULL),
	(269,254,254,NULL,NULL,'11/20/11','11/20/11',NULL,0,'Done',0000000000000000003770,0000000000000000000000,NULL,NULL,'Shuttle fee October 2011',NULL,NULL,1,'2015-08-30 19:17:22',NULL),
	(270,254,254,NULL,NULL,'12/20/11','12/20/11',NULL,0,'Done',0000000000000000003820,0000000000000000000000,NULL,NULL,'Shuttle fee December 2011',NULL,NULL,1,'2015-08-30 19:17:22',NULL),
	(271,254,254,NULL,NULL,'2/10/12','2/10/12',NULL,0,'Done',0000000000000000000620,0000000000000000000000,NULL,NULL,'Shuttle fee January 2012',NULL,NULL,1,'2015-08-30 19:17:22',NULL),
	(272,254,254,NULL,NULL,'9/18/12','9/18/12',NULL,0,'Done',0000000000000000004280,0000000000000000000000,NULL,NULL,'Shuttle Fee February-May 2012',NULL,NULL,1,'2015-08-30 19:17:22',NULL),
	(273,254,254,NULL,NULL,'3/15/11','3/15/11',NULL,0,'Done',0000000000000000000400,0000000000000000000000,NULL,NULL,'Delivery Fee February 2011',NULL,NULL,1,'2015-08-30 19:17:22',NULL),
	(274,254,254,NULL,NULL,'5/15/11','5/15/11',NULL,0,'Done',0000000000000000005200,0000000000000000000000,NULL,NULL,'Delivery Fee April 2011',NULL,NULL,1,'2015-08-30 19:17:23',NULL),
	(275,254,254,NULL,NULL,'5/15/11','5/15/11',NULL,0,'Done',0000000000000000000400,0000000000000000000000,NULL,NULL,'Delivery Fee May 2011',NULL,NULL,1,'2015-08-30 19:17:23',NULL),
	(276,254,254,NULL,NULL,'6/15/11','6/15/11',NULL,0,'Done',0000000000000000004060,0000000000000000000000,NULL,NULL,'Delivery Fee June 2011',NULL,NULL,1,'2015-08-30 19:17:23',NULL),
	(277,254,254,NULL,NULL,'10/20/11','10/20/11',NULL,0,'Done',0000000000000000003600,0000000000000000000000,NULL,NULL,'Delivery Fee August 2011',NULL,NULL,1,'2015-08-30 19:17:23',NULL),
	(278,254,254,NULL,NULL,'9/18/12','9/18/12',NULL,0,'Done',0000000000000000000400,0000000000000000000000,NULL,NULL,'Delivery Fee June 2012',NULL,NULL,1,'2015-08-30 19:17:23',NULL),
	(279,254,254,NULL,NULL,'4/22/13','4/22/13',NULL,0,'Done',0000000000000000000600,0000000000000000000000,NULL,NULL,'Delivery Fee  04-20-2013',NULL,NULL,1,'2015-08-30 19:17:24',NULL),
	(280,254,254,NULL,NULL,'7/21/13','7/21/13',NULL,0,'Done',0000000000000000000600,0000000000000000000000,NULL,NULL,'Delivery fees 11/06/2012',NULL,NULL,1,'2015-08-30 19:17:24',NULL),
	(281,254,254,NULL,NULL,'7/21/13','7/21/13',NULL,0,'Done',0000000000000000000600,0000000000000000000000,NULL,NULL,'Delivery fees 12/01/2012',NULL,NULL,1,'2015-08-30 19:17:24',NULL),
	(282,254,254,NULL,NULL,'7/21/13','7/21/13',NULL,0,'Done',0000000000000000000600,0000000000000000000000,NULL,NULL,'Delivery fees 12/22/2012',NULL,NULL,1,'2015-08-30 19:17:24',NULL),
	(283,254,254,NULL,NULL,'12/20/14','12/20/14',NULL,5,'Done',0000000000000000000100,0000000000000000000000,NULL,NULL,'DECLOGGED SINK PITRAP 9/24/2014',NULL,NULL,1,'2015-08-30 19:17:27',NULL),
	(284,254,254,NULL,NULL,'3/20/15','3/20/15',NULL,1,'Done',0000000000000000000360,0000000000000000000000,NULL,NULL,'GARDENING 1/27/2015',NULL,NULL,1,'2015-08-30 19:17:28',NULL),
	(285,254,254,NULL,NULL,'3/20/15','3/20/15',NULL,5,'Done',0000000000000000000100,0000000000000000000000,NULL,NULL,'FIXED LAVATORY 1/23/2015',NULL,NULL,1,'2015-08-30 19:17:28',NULL),
	(286,254,254,NULL,NULL,'3/20/15','3/20/15',NULL,5,'Done',0000000000000000000100,0000000000000000000000,NULL,NULL,'REPAIR LEAK AT LAVATORY 1/11/2015',NULL,NULL,1,'2015-08-30 19:17:28',NULL),
	(287,254,254,NULL,NULL,'3/20/15','3/20/15',NULL,4,'Done',0000000000000000000100,0000000000000000000000,NULL,NULL,'INSTALLED BRAKET 2/2/2015',NULL,NULL,1,'2015-08-30 19:17:28',NULL),
	(288,254,254,NULL,NULL,'6/20/15','6/20/15',NULL,4,'Done',0000000000000000000100,0000000000000000000000,NULL,NULL,'INSTALLED ELECTRICAL BALLAST 6/15/2015',NULL,NULL,1,'2015-08-30 19:17:29',NULL),
	(289,264,270,NULL,NULL,'6/20/15','6/20/15',NULL,5,'Done',0000000000000000000100,0000000000000000000000,NULL,NULL,'GREASETRAP CLEANING 4/30/2015',NULL,NULL,1,'2015-08-30 19:17:29',NULL),
	(290,264,270,NULL,NULL,'6/20/15','6/20/15',NULL,5,'Done',0000000000000000000200,0000000000000000000000,NULL,NULL,'INSTALLED NEW WASHING MACHINE 5/12/2015',NULL,NULL,1,'2015-08-30 19:17:29',NULL),
	(291,264,270,NULL,NULL,'6/20/15','6/20/15',NULL,4,'Done',0000000000000000000100,0000000000000000000000,NULL,NULL,'INSTALLED NEW DOORBELL 5/7/2015',NULL,NULL,1,'2015-08-30 19:17:30',NULL),
	(292,274,281,NULL,NULL,'6/20/15','6/20/15',NULL,2,'Done',0000000000000000000250,0000000000000000000000,NULL,NULL,'GRASSCUTTING 4/6/2015',NULL,NULL,1,'2015-08-30 19:17:31',NULL),
	(293,274,281,NULL,NULL,'6/20/15','6/20/15',NULL,5,'Done',0000000000000000000100,0000000000000000000000,NULL,NULL,'DECLOGGED TOILET BOWL 5/6/2015',NULL,NULL,1,'2015-08-30 19:17:31',NULL),
	(294,274,281,NULL,NULL,'6/20/15','6/20/15',NULL,2,'Done',0000000000000000000240,0000000000000000000000,NULL,NULL,'GRASSCUTTING 5/21/2015',NULL,NULL,1,'2015-08-30 19:17:32',NULL),
	(295,274,281,NULL,NULL,'6/20/15','6/20/15',NULL,2,'Done',0000000000000000000250,0000000000000000000000,NULL,NULL,'GRASCUTTING 6/22/2015',NULL,NULL,1,'2015-08-30 19:17:32',NULL),
	(296,284,292,NULL,NULL,'6/20/15','6/20/15',NULL,1,'Done',0000000000000000000250,0000000000000000000000,NULL,NULL,'GARDENING 6/1/2015',NULL,NULL,1,'2015-08-30 19:17:35',NULL),
	(297,290,298,NULL,NULL,'6/20/15','6/20/15',NULL,5,'Done',0000000000000000000100,0000000000000000000000,NULL,NULL,'INSTALLED NEW P.TRAP 6/20/2015',NULL,NULL,1,'2015-08-30 19:17:35',NULL),
	(298,292,300,NULL,NULL,'3/20/15','3/20/15',NULL,10,'Done',0000000000000000000100,0000000000000000000000,NULL,NULL,'REPLACED GAS TANK 2/6/2015',NULL,NULL,1,'2015-08-30 19:17:36',NULL),
	(299,302,313,NULL,NULL,'12/1/13','12/1/13',NULL,5,'Done',0000000000000000000200,0000000000000000000000,NULL,NULL,'REPAIRED OF FAUCET  & REPLACED ELBOW11/23/2013',NULL,NULL,1,'2015-08-30 19:17:38',NULL),
	(300,306,316,NULL,NULL,'12/20/14','12/20/14',NULL,1,'Done',0000000000000000000200,0000000000000000000000,NULL,NULL,'TREE CUTTING 9/22/2014',NULL,NULL,1,'2015-08-30 19:17:39',NULL),
	(301,311,321,NULL,NULL,'6/20/15','6/20/15',NULL,11,'Done',0000000000000000000200,0000000000000000000000,NULL,NULL,'INSTALLED FRAME HOOKS 3/28/2015',NULL,NULL,1,'2015-08-30 19:17:39',NULL),
	(302,311,321,NULL,NULL,'4/28/15','4/28/15',NULL,5,'Done',0000000000000000000620,0000000000000000000000,NULL,NULL,'Work Order',NULL,NULL,1,'2015-08-30 19:17:39',NULL),
	(303,312,322,NULL,NULL,'6/20/15','6/20/15',NULL,5,'Done',0000000000000000000350,0000000000000000000000,NULL,NULL,'INSTALLED WALL FAN & PLUMBING WORKS 4/21/2015',NULL,NULL,1,'2015-08-30 19:17:40',NULL),
	(304,255,257,NULL,NULL,'3/20/15','3/20/15',NULL,5,'Done',0000000000000000000100,0000000000000000000000,NULL,NULL,'REPAIR WATER LEAKS 12/22/2014',NULL,NULL,1,'2015-08-30 19:17:41',NULL),
	(305,328,343,NULL,NULL,'6/20/15','6/20/15',NULL,11,'Done',0000000000000000000100,0000000000000000000000,NULL,NULL,'REPAIR CABINET LOCK 5/22/2015',NULL,NULL,1,'2015-08-30 19:17:43',NULL),
	(306,331,346,NULL,NULL,'6/20/15','6/20/15',NULL,5,'Done',0000000000000000000100,0000000000000000000000,NULL,NULL,'INSTALLED RUBBER FLUFFER 4/15/2015',NULL,NULL,1,'2015-08-30 19:17:44',NULL),
	(307,331,346,NULL,NULL,'6/20/15','6/20/15',NULL,5,'Done',0000000000000000000200,0000000000000000000000,NULL,NULL,'DECLOGGED DRAIN FLOOR 4/1/2015',NULL,NULL,1,'2015-08-30 19:17:44',NULL),
	(308,331,346,NULL,NULL,'6/20/15','6/20/15',NULL,5,'Done',0000000000000000000100,0000000000000000000000,NULL,NULL,'DECLOGGED P.TRAP 6/13/2015',NULL,NULL,1,'2015-08-30 19:17:44',NULL),
	(309,341,357,NULL,NULL,'3/20/15','3/20/15',NULL,11,'Done',0000000000000000000100,0000000000000000000000,NULL,NULL,'REPLACED DOORKNOB 12/6/2014',NULL,NULL,1,'2015-08-30 19:17:49',NULL),
	(310,341,357,NULL,NULL,'3/20/15','3/20/15',NULL,4,'Done',0000000000000000000200,0000000000000000000000,NULL,NULL,'ELECTRICAL WORKS 1/19/2015',NULL,NULL,1,'2015-08-30 19:17:49',NULL),
	(311,341,357,NULL,NULL,'3/20/15','3/20/15',NULL,5,'Done',0000000000000000000100,0000000000000000000000,NULL,NULL,'INSTALLED STRAINER AT FITTRAP 1/14/2015',NULL,NULL,1,'2015-08-30 19:17:50',NULL),
	(312,341,357,NULL,NULL,'6/20/15','6/20/15',NULL,5,'Done',0000000000000000000200,0000000000000000000000,NULL,NULL,'INSTALLED 1 SET TOILET TANK FILLVALVE 6/9/2015',NULL,NULL,1,'2015-08-30 19:17:50',NULL),
	(313,342,358,NULL,NULL,'3/20/15','3/20/15',NULL,4,'Done',0000000000000000000100,0000000000000000000000,NULL,NULL,'INSTALLED 2PCS. FLOURESCENT LIHGT 1/7/2015',NULL,NULL,1,'2015-08-30 19:17:51',NULL),
	(314,342,358,NULL,NULL,'3/20/15','3/20/15',NULL,4,'Done',0000000000000000001200,0000000000000000000000,NULL,NULL,'INSTALLED POWER SUPPLY OF SKY CABLE 3/20/2015',NULL,NULL,1,'2015-08-30 19:17:51',NULL),
	(315,345,361,NULL,NULL,'9/21/13','9/21/13',NULL,0,'Done',0000000000000000001200,0000000000000000000000,NULL,NULL,'PULLED-OUT OF PUMP DEFFECTIVE 8/13/2013',NULL,NULL,1,'2015-08-30 19:17:53',NULL),
	(316,354,372,NULL,NULL,'12/20/14','12/20/14',NULL,1,'Done',0000000000000000000620,0000000000000000000000,NULL,NULL,'GARDENING 10/10/2014',NULL,NULL,1,'2015-08-30 19:17:55',NULL),
	(317,354,372,NULL,NULL,'3/20/15','3/20/15',NULL,4,'Done',0000000000000000000100,0000000000000000000000,NULL,NULL,'INSTALLED MOTOR AT FISH POND 12/1/2014',NULL,NULL,1,'2015-08-30 19:17:55',NULL),
	(318,354,372,NULL,NULL,'3/20/15','3/20/15',NULL,1,'Done',0000000000000000000300,0000000000000000000000,NULL,NULL,'GARDENING 3/4/2015',NULL,NULL,1,'2015-08-30 19:17:56',NULL),
	(319,357,377,NULL,NULL,'6/20/15','6/20/15',NULL,2,'Done',0000000000000000000200,0000000000000000000000,NULL,NULL,'TRIMMING 6/11/2015',NULL,NULL,1,'2015-08-30 19:17:59',NULL),
	(320,366,386,NULL,NULL,'6/20/15','6/20/15',NULL,5,'Done',0000000000000000000100,0000000000000000000000,NULL,NULL,'INSTALLED NEW ANGLE VALVE 6/21/2015',NULL,NULL,1,'2015-08-30 19:18:04',NULL),
	(321,374,400,NULL,NULL,'6/20/15','6/20/15',NULL,4,'Done',0000000000000000000200,0000000000000000000000,NULL,NULL,'RESET & CHECK BREAKER 6/9/2015',NULL,NULL,1,'2015-08-30 19:18:09',NULL);

/*!40000 ALTER TABLE `service_request` ENABLE KEYS */;
UNLOCK TABLES;

DELIMITER ;;
/*!50003 SET SESSION SQL_MODE="" */;;
/*!50003 CREATE */ /*!50017 DEFINER=`cbotor`@`%` */ /*!50003 TRIGGER `service_request_update` AFTER UPDATE ON `service_request` FOR EACH ROW begin

declare typeid integer;
declare computed double;
declare check_count integer;
declare job_order_id integer;


if (new.status = 'Done') and (new.paid_amount = 0) then 
   
   set typeid = (select job_order_type.id from job_order_type where lower(description) = 'service');
   
   set check_count = (select count(1) from job_orders where request_id = new.id and order_type_id = typeid);
   if (check_count = 0) then  
      insert into job_orders (order_type_id,request_id,created_at,user_id,status,house_id,price) values (typeid,new.id,now(),new.user_id,0,new.house_id,new.total_cost) ;
   end if;

elseif (new.status = 'Cancel') and (new.paid_amount = 0) then 
	  set typeid = (select job_order_type.id from job_order_type where lower(description) = 'service');
   
      set check_count = (select count(1) from job_orders where request_id = new.id and order_type_id = typeid);
	  if (check_count > 0) then
	     -- insert into temp (field,field_value) values ('request_id',new.id); 
	     -- insert into temp (field,field_value) values ('order_type_id', typeid);
	     -- insert into temp (field,field_value) values ('check_count',check_count);
	     select id into job_order_id from job_orders where request_id = new.id and order_type_id = typeid;
	     -- insert into temp (field,field_value) values ('job_order_id',job_order_id);
	     delete from ledger where ref_id = job_order_id; 
		 delete from job_orders where request_id = new.id and order_type_id = typeid;
	  end if;   
   
else 

   set computed = new.total_cost - new.paid_amount;
   if (computed = 0) then
      update job_orders set status = 2 where request_id = new.id and order_type_id = 2;
   end if; 	
	
end if;

end */;;
DELIMITER ;
/*!50003 SET SESSION SQL_MODE=@OLD_SQL_MODE */;


# Dump of table soa_details
# ------------------------------------------------------------

DROP TABLE IF EXISTS `soa_details`;

CREATE TABLE `soa_details` (
  `id` int(11) unsigned NOT NULL AUTO_INCREMENT,
  `soa_header_id` int(11) DEFAULT NULL,
  `ref_num` varchar(250) DEFAULT NULL,
  `description` varchar(100) DEFAULT NULL,
  `amount` double DEFAULT '0',
  `created_at` timestamp NULL DEFAULT NULL,
  `updated_at` timestamp NULL DEFAULT NULL,
  PRIMARY KEY (`id`)
) ENGINE=InnoDB DEFAULT CHARSET=latin1;



# Dump of table soa_header
# ------------------------------------------------------------

DROP TABLE IF EXISTS `soa_header`;

CREATE TABLE `soa_header` (
  `id` int(11) unsigned NOT NULL AUTO_INCREMENT,
  `user_id` int(11) DEFAULT NULL,
  `house_id` int(11) DEFAULT NULL,
  `billing_month` varchar(50) DEFAULT NULL,
  `name` varchar(250) DEFAULT NULL,
  `address` varchar(250) DEFAULT NULL,
  `created_at` timestamp NULL DEFAULT NULL,
  `updated_at` timestamp NULL DEFAULT NULL,
  PRIMARY KEY (`id`)
) ENGINE=InnoDB DEFAULT CHARSET=latin1;


DELIMITER ;;
/*!50003 SET SESSION SQL_MODE="" */;;
/*!50003 CREATE */ /*!50017 DEFINER=`cbotor`@`%` */ /*!50003 TRIGGER `get_details` AFTER INSERT ON `soa_header` FOR EACH ROW begin

insert into soa_details 
(soa_header_id,ref_num,description,amount,created_at,updated_at)
(select new.id,concat(a.code,'-',LPAD(ABS(jo.id),8,'0')), a.description,  TRUNCATE((ar.total_cost - ar.paid_amount),2),now(),now()  from amenities_request ar, amenity a, job_orders jo where jo.user_id = new.user_id and jo.house_id = new.house_id and jo.order_type_id = 1 and jo.status in (0,1) and jo.request_id = ar.id and a.id = ar.amenity_id and ar.status = 'Done' and TRUNCATE((ar.total_cost -  IFNULL(ar.paid_amount,0.0)),2) > 0 and ar.billed = 0 order by ar.created_at) 
UNION 
(select new.id,concat(s.code,'-',LPAD(ABS(jo.id),8,'0')), s.description,  TRUNCATE((sr.total_cost - sr.paid_amount),2),now(),now()  from service_request sr, service s, job_orders jo where jo.user_id = new.user_id and jo.house_id = new.house_id and jo.order_type_id = 2 and jo.status in (0,1) and jo.request_id = sr.id and s.id = sr.service_id and sr.status = 'Done' and TRUNCATE((sr.total_cost -  IFNULL(sr.paid_amount,0.0)),2) > 0 and sr.billed = 0 order by sr.created_at)
UNION
(select new.id,concat("wr",'-',LPAD(ABS(jo.id),8,'0')), "Water Reading" as description,  TRUNCATE((wr.amount - wr.paid_amount),2),now(),now()  from water_reading wr, job_orders jo where jo.user_id = new.user_id and jo.house_id = new.house_id and jo.order_type_id = 3 and jo.status in (0,1) and jo.request_id = wr.id and wr.status = 0 and TRUNCATE((wr.amount -  IFNULL(wr.paid_amount,0.0)),2) > 0 and wr.billed = 0 order by wr.created_at)
UNION
(select new.id,concat("ad",'-',LPAD(ABS(jo.id),8,'0')), "Assoc Due" as description,  TRUNCATE((ad.amount - ad.paid_amount),2),now(),now()  from association_due ad, job_orders jo where jo.user_id = new.user_id and jo.house_id = new.house_id and jo.order_type_id = 4 and jo.status in (0,1) and jo.request_id = ad.id and ad.status = 0 and TRUNCATE((ad.amount -  IFNULL(ad.paid_amount,0.0)),2) > 0 and ad.billed = 0 order by ad.created_at);

insert into statement_history (user_id,house_id,report_name) values (new.user_id,new.house_id,concat(new.billing_month));
end */;;
DELIMITER ;
/*!50003 SET SESSION SQL_MODE=@OLD_SQL_MODE */;


# Dump of table soa_summary
# ------------------------------------------------------------

DROP TABLE IF EXISTS `soa_summary`;

CREATE TABLE `soa_summary` (
  `id` int(11) unsigned NOT NULL AUTO_INCREMENT,
  `user_id` int(11) DEFAULT NULL,
  `house_id` int(11) DEFAULT NULL,
  `billing_month` varchar(50) DEFAULT NULL,
  `payment` double DEFAULT '0',
  `charges` double DEFAULT '0',
  `balance` double DEFAULT '0',
  `total_balance` double DEFAULT '0',
  `created_at` timestamp NULL DEFAULT NULL,
  `updated_at` timestamp NULL DEFAULT NULL,
  PRIMARY KEY (`id`)
) ENGINE=InnoDB DEFAULT CHARSET=latin1;



# Dump of table statement_history
# ------------------------------------------------------------

DROP TABLE IF EXISTS `statement_history`;

CREATE TABLE `statement_history` (
  `id` int(11) NOT NULL AUTO_INCREMENT,
  `user_id` int(11) DEFAULT NULL,
  `house_id` int(11) DEFAULT NULL,
  `report_name` varchar(150) DEFAULT NULL,
  `report_date` timestamp NOT NULL DEFAULT CURRENT_TIMESTAMP ON UPDATE CURRENT_TIMESTAMP,
  PRIMARY KEY (`id`)
) ENGINE=InnoDB DEFAULT CHARSET=latin1;



# Dump of table temp
# ------------------------------------------------------------

DROP TABLE IF EXISTS `temp`;

CREATE TABLE `temp` (
  `id` int(11) unsigned NOT NULL AUTO_INCREMENT,
  `field_value` int(11) DEFAULT NULL,
  `field` varchar(50) DEFAULT NULL,
  PRIMARY KEY (`id`)
) ENGINE=MyISAM DEFAULT CHARSET=latin1;

LOCK TABLES `temp` WRITE;
/*!40000 ALTER TABLE `temp` DISABLE KEYS */;

INSERT INTO `temp` (`id`, `field_value`, `field`)
VALUES
	(1,381,'userid'),
	(2,286,'request_id'),
	(3,1,'order_type_id'),
	(4,1,'check_count'),
	(5,1988,'job_order_id');

/*!40000 ALTER TABLE `temp` ENABLE KEYS */;
UNLOCK TABLES;


# Dump of table user_roles
# ------------------------------------------------------------

DROP TABLE IF EXISTS `user_roles`;

CREATE TABLE `user_roles` (
  `id` int(11) NOT NULL AUTO_INCREMENT,
  `code` varchar(45) DEFAULT NULL,
  `description` varchar(45) DEFAULT NULL,
  `created_at` timestamp NULL DEFAULT NULL,
  `updated_at` timestamp NULL DEFAULT NULL,
  PRIMARY KEY (`id`)
) ENGINE=InnoDB DEFAULT CHARSET=latin1;

LOCK TABLES `user_roles` WRITE;
/*!40000 ALTER TABLE `user_roles` DISABLE KEYS */;

INSERT INTO `user_roles` (`id`, `code`, `description`, `created_at`, `updated_at`)
VALUES
	(1,'Admin','Admin','2013-07-25 06:48:21','2013-07-25 06:48:21'),
	(2,'Biller','Biller','2013-07-25 06:48:21','2013-07-25 06:48:21'),
	(3,'Owner','Owner','2013-07-25 06:48:21','2013-07-25 06:48:21'),
	(4,'Leesee','Leesee','2013-07-25 06:48:21','2013-07-25 06:48:21');

/*!40000 ALTER TABLE `user_roles` ENABLE KEYS */;
UNLOCK TABLES;


# Dump of table users
# ------------------------------------------------------------

DROP TABLE IF EXISTS `users`;

CREATE TABLE `users` (
  `id` int(11) NOT NULL AUTO_INCREMENT,
  `username` varchar(45) DEFAULT NULL,
  `password` varchar(45) DEFAULT '123456',
  `role_id` int(11) DEFAULT '3',
  `status` varchar(1) DEFAULT 'A',
  `multi_owner` varchar(1) DEFAULT 'F',
  `created_at` timestamp NULL DEFAULT NULL,
  `updated_at` timestamp NULL DEFAULT NULL,
  `delinquent` varchar(255) DEFAULT 'F',
  PRIMARY KEY (`id`),
  UNIQUE KEY `id_UNIQUE` (`id`),
  UNIQUE KEY `username_UNIQUE` (`username`),
  KEY `role_id_idx` (`role_id`),
  CONSTRAINT `user_role_id` FOREIGN KEY (`role_id`) REFERENCES `user_roles` (`id`) ON DELETE CASCADE
) ENGINE=InnoDB DEFAULT CHARSET=latin1;

LOCK TABLES `users` WRITE;
/*!40000 ALTER TABLE `users` DISABLE KEYS */;

INSERT INTO `users` (`id`, `username`, `password`, `role_id`, `status`, `multi_owner`, `created_at`, `updated_at`, `delinquent`)
VALUES
	(1,'admin','admin',1,'A','F','2015-08-11 20:05:38','2015-08-11 20:05:38','F'),
	(2,'farmans.development','123456',3,'A','F','2015-08-11 20:05:47','2015-08-11 20:05:47','F'),
	(3,'casado.romela','123456',4,'A','F','2015-08-11 20:05:49','2015-08-11 20:05:49','F'),
	(4,'santos.nora','123456',3,'A','F','2015-08-11 20:05:50','2015-08-11 20:05:50','F'),
	(5,'teodoro.wesleyjomer','123456',4,'A','F','2015-08-11 20:05:52','2015-08-11 20:05:52','F'),
	(6,'lozada.efren','123456',3,'A','F','2015-08-11 20:05:53','2015-08-11 20:05:53','F'),
	(7,'ongante.mariano','123456',3,'A','T','2015-08-11 20:05:55','2015-08-11 20:05:57','F'),
	(8,'capeding.leo','123456',3,'A','F','2015-08-11 20:05:58','2015-08-11 20:05:58','F'),
	(9,'lai.william','123456',3,'A','F','2015-08-11 20:06:00','2015-08-11 20:06:00','F'),
	(10,'reyes.rene','123456',3,'A','F','2015-08-11 20:06:02','2015-08-11 20:06:02','F'),
	(11,'chua.edwin','123456',3,'A','F','2015-08-11 20:06:04','2015-08-11 20:06:04','F'),
	(12,'tiangco.roberto','123456',3,'A','F','2015-08-11 20:06:05','2015-08-11 20:06:05','F'),
	(13,'ante.peterlinus','123456',3,'A','F','2015-08-11 20:06:07','2015-08-11 20:06:07','F'),
	(14,'yu.reginald','123456',3,'A','F','2015-08-11 20:06:09','2015-08-11 20:06:09','F'),
	(15,'montenegro.renato','123456',3,'A','F','2015-08-11 20:06:10','2015-08-11 20:06:10','F'),
	(16,'berba.leonardo','123456',3,'A','F','2015-08-11 20:06:12','2015-08-11 20:06:12','F'),
	(17,'dejesus.jose','123456',3,'A','F','2015-08-11 20:06:14','2015-08-11 20:06:14','F'),
	(18,'delacruz.romeo','123456',3,'A','F','2015-08-11 20:06:16','2015-08-11 20:06:16','F'),
	(19,'mariano.maluisa','123456',3,'A','F','2015-08-11 20:06:18','2015-08-11 20:06:18','F'),
	(20,'cagalingan.marlon','123456',3,'A','F','2015-08-11 20:06:20','2015-08-11 20:06:20','F'),
	(21,'pedregosa.divina','123456',3,'A','F','2015-08-11 20:06:22','2015-08-11 20:06:22','F'),
	(22,'maceda.manuel','123456',3,'A','F','2015-08-11 20:06:23','2015-08-11 20:06:23','F'),
	(23,'dizon.teresa','123456',3,'A','F','2015-08-11 20:06:25','2015-08-11 20:06:25','F'),
	(24,'kim.youjin','123456',4,'A','F','2015-08-11 20:06:27','2015-08-11 20:06:27','F'),
	(25,'cruz.ramon','123456',3,'A','F','2015-08-11 20:06:27','2015-08-11 20:06:27','F'),
	(26,'domingo.shella','123456',3,'A','F','2015-08-11 20:06:29','2015-08-11 20:06:29','F'),
	(27,'dungca.daniel','123456',3,'A','F','2015-08-11 20:06:30','2015-08-11 20:06:30','F'),
	(28,'villanueva.nobina','123456',3,'A','F','2015-08-11 20:06:32','2015-08-11 20:06:32','F'),
	(29,'santos.ricardogregorio','123456',3,'A','F','2015-08-11 20:06:34','2015-08-11 20:06:34','F'),
	(30,'singco.margaritago','123456',3,'A','F','2015-08-11 20:06:36','2015-08-11 20:06:36','F'),
	(31,'lavina.antoniogabriel','123456',3,'A','F','2015-08-11 20:06:38','2015-08-11 20:06:38','F'),
	(32,'rodriguez.ruperto','123456',3,'A','F','2015-08-11 20:06:39','2015-08-11 20:06:39','F'),
	(33,'luna.joselito','123456',3,'A','F','2015-08-11 20:06:42','2015-08-11 20:06:42','F'),
	(34,'bermoy.wilfred','123456',3,'A','F','2015-08-11 20:06:43','2015-08-11 20:06:43','F'),
	(35,'suansing.horacio','123456',3,'A','F','2015-08-11 20:06:45','2015-08-11 20:06:45','F'),
	(36,'cudiamat.cesar','123456',3,'A','F','2015-08-11 20:06:47','2015-08-11 20:06:47','F'),
	(37,'yamaoka.sammy','123456',4,'A','F','2015-08-11 20:06:48','2015-08-11 20:06:48','F'),
	(38,'narciso.jaime','123456',3,'A','F','2015-08-11 20:06:49','2015-08-11 20:06:49','F'),
	(39,'gana.rosemarie','123456',3,'A','F','2015-08-11 20:06:50','2015-08-11 20:06:50','F'),
	(40,'uy.josephine','123456',3,'A','F','2015-08-11 20:06:52','2015-08-11 20:06:52','F'),
	(41,'torres.george','123456',3,'A','F','2015-08-11 20:06:53','2015-08-11 20:06:53','F'),
	(42,'luna.cecilia','123456',3,'A','T','2015-08-11 20:06:55','2015-08-11 20:06:57','F'),
	(43,'francocruz.liza','123456',3,'A','F','2015-08-11 20:06:59','2015-08-11 20:06:59','F'),
	(44,'carreon.ernestofieljr.','123456',3,'A','F','2015-08-11 20:07:00','2015-08-11 20:07:00','F'),
	(45,'luna.roderick','123456',3,'A','F','2015-08-11 20:07:02','2015-08-11 20:07:02','F'),
	(46,'deguzman.rodolfo','123456',3,'A','F','2015-08-11 20:07:04','2015-08-11 20:07:04','F'),
	(47,'wong.markdavy','123456',3,'A','F','2015-08-11 20:07:06','2015-08-11 20:07:06','F'),
	(48,'ingco.renato','123456',3,'A','T','2015-08-11 20:07:08','2015-08-11 20:11:44','F'),
	(49,'soriano.bert','123456',3,'A','F','2015-08-11 20:07:09','2015-08-11 20:07:09','F'),
	(50,'cziomer.marcus','123456',3,'A','F','2015-08-11 20:07:11','2015-08-11 20:07:11','F'),
	(51,'hidalgo.clarissa','123456',3,'A','F','2015-08-11 20:07:12','2015-08-11 20:07:12','F'),
	(52,'kim.kwangho','123456',4,'A','F','2015-08-11 20:07:14','2015-08-11 20:07:14','F'),
	(53,'kierulf.john','123456',3,'A','F','2015-08-11 20:07:15','2015-08-11 20:07:15','F'),
	(54,'kierulf.leemartin','123456',3,'A','F','2015-08-11 20:07:16','2015-08-11 20:07:16','F'),
	(55,'kierulf.lucila','123456',3,'A','F','2015-08-11 20:07:18','2015-08-11 20:07:18','F'),
	(56,'benedicto.yvettedy','123456',3,'A','F','2015-08-11 20:07:20','2015-08-11 20:07:20','F'),
	(57,'wenceslao.delfin','123456',3,'A','F','2015-08-11 20:07:21','2015-08-11 20:07:21','F'),
	(58,'delacruz.norman','123456',4,'A','F','2015-08-11 20:07:23','2015-08-11 20:07:23','F'),
	(59,'gutierrez.daniel','123456',3,'A','F','2015-08-11 20:07:23','2015-08-11 20:07:23','F'),
	(60,'venerando-racho.gil','123456',3,'A','F','2015-08-11 20:07:25','2015-08-11 20:07:25','F'),
	(61,'saldana.reah','123456',3,'A','F','2015-08-11 20:07:27','2015-08-11 20:07:27','F'),
	(62,'lim.john','123456',3,'A','F','2015-08-11 20:07:28','2015-08-11 20:07:28','F'),
	(63,'deliano.norbert','123456',3,'A','F','2015-08-11 20:07:30','2015-08-11 20:07:30','F'),
	(64,'chua.helen','123456',3,'A','F','2015-08-11 20:07:31','2015-08-11 20:07:31','F'),
	(65,'fajarito.rayanthony','123456',3,'A','F','2015-08-11 20:07:33','2015-08-11 20:07:33','F'),
	(66,'you.noemi','123456',4,'A','F','2015-08-11 20:07:34','2015-08-11 20:07:34','F'),
	(67,'juan.maximo','123456',3,'A','F','2015-08-11 20:07:35','2015-08-11 20:07:35','F'),
	(68,'belmonte.normalyn','123456',3,'A','F','2015-08-11 20:07:37','2015-08-11 20:07:37','F'),
	(69,'sanchez.jeruel','123456',3,'A','F','2015-08-11 20:07:38','2015-08-11 20:07:38','F'),
	(70,'josef.irish','123456',3,'A','F','2015-08-11 20:07:41','2015-08-11 20:07:41','F'),
	(71,'sales.melina','123456',3,'A','F','2015-08-11 20:07:42','2015-08-11 20:07:42','F'),
	(72,'dejesus.victoria','123456',3,'A','T','2015-08-11 20:07:44','2015-08-11 20:07:46','F'),
	(73,'vitangcol.jonathan','123456',4,'A','F','2015-08-11 20:07:46','2015-08-11 20:07:46','F'),
	(74,'victory.propertyholdings','123456',3,'A','F','2015-08-11 20:07:48','2015-08-11 20:07:48','F'),
	(75,'valera.ericpaul','123456',3,'A','F','2015-08-11 20:07:49','2015-08-11 20:07:49','F'),
	(76,'park.chanjoo','123456',4,'A','F','2015-08-11 20:07:51','2015-08-11 20:07:51','F'),
	(77,'delrosario.vic','123456',3,'A','F','2015-08-11 20:07:52','2015-08-11 20:07:52','F'),
	(78,'bara.josephlee','123456',3,'A','F','2015-08-11 20:07:54','2015-08-11 20:07:54','F'),
	(79,'mendoza.merito','123456',3,'A','F','2015-08-11 20:07:55','2015-08-11 20:07:55','F'),
	(80,'esteban.christopherryan','123456',3,'A','F','2015-08-11 20:07:57','2015-08-11 20:07:57','F'),
	(81,'chua.gerald','123456',4,'A','F','2015-08-11 20:07:59','2015-08-11 20:07:59','F'),
	(82,'esteban.philipronald','123456',3,'A','F','2015-08-11 20:07:59','2015-08-11 20:07:59','F'),
	(83,'esteban.lauro','123456',3,'A','F','2015-08-11 20:08:01','2015-08-11 20:08:01','F'),
	(84,'marasigan.joan','123456',3,'A','F','2015-08-11 20:08:03','2015-08-11 20:08:03','F'),
	(85,'mendoza.noemi','123456',3,'A','F','2015-08-11 20:08:04','2015-08-11 20:08:04','F'),
	(86,'mandap.daisy','123456',3,'A','F','2015-08-11 20:08:06','2015-08-11 20:08:06','F'),
	(87,'uyekliong.manuel','123456',3,'A','F','2015-08-11 20:08:07','2015-08-11 20:08:07','F'),
	(88,'ong.wenceslao','123456',3,'A','F','2015-08-11 20:08:09','2015-08-11 20:08:09','F'),
	(89,'ponce.wilfreda','123456',3,'A','F','2015-08-11 20:08:10','2015-08-11 20:08:10','F'),
	(90,'ponce.louisphilippe','123456',3,'A','F','2015-08-11 20:08:12','2015-08-11 20:08:12','F'),
	(91,'calubad.marco','123456',3,'A','F','2015-08-11 20:08:13','2015-08-11 20:08:13','F'),
	(92,'kim.tae','123456',4,'A','F','2015-08-11 20:08:15','2015-08-11 20:08:15','F'),
	(93,'eclavea.jeannie','123456',3,'A','F','2015-08-11 20:08:16','2015-08-11 20:08:16','F'),
	(94,'mape.alfredo','123456',3,'A','F','2015-08-11 20:08:17','2015-08-11 20:08:17','F'),
	(95,'ochoa.paquito','123456',3,'A','F','2015-08-11 20:08:19','2015-08-11 20:08:19','F'),
	(96,'balatbat.joseph','123456',3,'A','F','2015-08-11 20:08:21','2015-08-11 20:08:21','F'),
	(97,'balatbat.raymond','123456',3,'A','F','2015-08-11 20:08:22','2015-08-11 20:08:22','F'),
	(98,'airtimemarketing.tessiehoward','123456',3,'A','F','2015-08-11 20:08:24','2015-08-11 20:08:24','F'),
	(99,'sto.domingo.romer','123456',3,'A','F','2015-08-11 20:08:25','2015-08-11 20:08:25','F'),
	(100,'pabalan.estrella','123456',3,'A','F','2015-08-11 20:08:27','2015-08-11 20:08:27','F'),
	(101,'ochoa.ma.elena','123456',3,'A','F','2015-08-11 20:08:29','2015-08-11 20:08:29','F'),
	(102,'jaro.josephmichael','123456',3,'A','F','2015-08-11 20:08:31','2015-08-11 20:08:31','F'),
	(103,'villamor.teresita','123456',3,'A','F','2015-08-11 20:08:32','2015-08-11 20:08:32','F'),
	(104,'laranang.inocencio','123456',3,'A','F','2015-08-11 20:08:34','2015-08-11 20:08:34','F'),
	(105,'gabitan.robert','123456',3,'A','F','2015-08-11 20:08:35','2015-08-11 20:08:35','F'),
	(106,'lim.jaime','123456',3,'A','F','2015-08-11 20:08:37','2015-08-11 20:08:37','F'),
	(107,'pimentel.jesus','123456',3,'A','F','2015-08-11 20:08:39','2015-08-11 20:08:39','F'),
	(108,'benitez.benjamin','123456',3,'A','F','2015-08-11 20:08:41','2015-08-11 20:08:41','F'),
	(109,'desuasido.john','123456',3,'A','F','2015-08-11 20:08:42','2015-08-11 20:08:42','F'),
	(110,'sabile.welhelmina','123456',3,'A','F','2015-08-11 20:08:44','2015-08-11 20:08:44','F'),
	(111,'almario.emelina','123456',3,'A','T','2015-08-11 20:08:46','2015-08-11 20:08:48','F'),
	(112,'lorenzo.viveca','123456',3,'A','F','2015-08-11 20:08:49','2015-08-11 20:08:49','F'),
	(113,'david.carlos','123456',3,'A','F','2015-08-11 20:08:51','2015-08-11 20:08:51','F'),
	(114,'natividad.dionisio','123456',3,'A','F','2015-08-11 20:08:53','2015-08-11 20:08:53','F'),
	(115,'essence.quint','123456',3,'A','F','2015-08-11 20:08:54','2015-08-11 20:08:54','F'),
	(116,'ramos.ramoncito','123456',4,'A','F','2015-08-11 20:08:56','2015-08-11 20:08:56','F'),
	(117,'rico.aquileo','123456',3,'A','F','2015-08-11 20:08:57','2015-08-11 20:08:57','F'),
	(118,'clemente.ferdinand','123456',3,'A','F','2015-08-11 20:08:59','2015-08-11 20:08:59','F'),
	(119,'paguntalan.jairus','123456',3,'A','T','2015-08-11 20:09:00','2015-08-11 20:09:04','F'),
	(120,'paguntalan.geraldine','123456',3,'A','F','2015-08-11 20:09:09','2015-08-11 20:09:09','F'),
	(121,'hua.terry','123456',3,'A','F','2015-08-11 20:09:11','2015-08-11 20:09:11','F'),
	(122,'dimailig.alejo','123456',3,'A','F','2015-08-11 20:09:12','2015-08-11 20:09:12','F'),
	(123,'rabulan.michael','123456',3,'A','F','2015-08-11 20:09:14','2015-08-11 20:09:14','F'),
	(124,'mendoza.sonny/pearl','123456',3,'A','F','2015-08-11 20:09:15','2015-08-11 20:09:15','F'),
	(125,'tibayan.roberto','123456',3,'A','F','2015-08-11 20:09:17','2015-08-11 20:09:17','F'),
	(126,'tan.michael','123456',3,'A','F','2015-08-11 20:09:19','2015-08-11 20:09:19','F'),
	(127,'buena.arturo','123456',3,'A','F','2015-08-11 20:09:20','2015-08-11 20:09:20','F'),
	(128,'bongco.arturo','123456',3,'A','F','2015-08-11 20:09:22','2015-08-11 20:09:22','F'),
	(129,'creencia.raoul','123456',3,'A','T','2015-08-11 20:09:24','2015-08-11 20:09:26','F'),
	(130,'sotto.lala','123456',4,'A','F','2015-08-11 20:09:25','2015-08-11 20:09:25','F'),
	(131,'cobarrubias.marius','123456',3,'A','F','2015-08-11 20:09:27','2015-08-11 20:09:27','F'),
	(132,'ferrer.ronald','123456',3,'A','F','2015-08-11 20:09:29','2015-08-11 20:09:29','F'),
	(133,'leyeza.ma.elizabeth','123456',3,'A','F','2015-08-11 20:09:30','2015-08-11 20:09:30','F'),
	(134,'mariano.carlos','123456',3,'A','F','2015-08-11 20:09:32','2015-08-11 20:09:32','F'),
	(135,'maron.raymond','123456',3,'A','F','2015-08-11 20:09:33','2015-08-11 20:09:33','F'),
	(136,'carlos.pilar','123456',3,'A','F','2015-08-11 20:09:35','2015-08-11 20:09:35','F'),
	(137,'vidanes.noerbert','123456',4,'A','F','2015-08-11 20:09:37','2015-08-11 20:09:37','F'),
	(138,'espiritu.inez','123456',3,'A','F','2015-08-11 20:09:37','2015-08-11 20:09:37','F'),
	(139,'curammeng.louise','123456',3,'A','F','2015-08-11 20:09:39','2015-08-11 20:09:39','F'),
	(140,'juliano.aleli','123456',3,'A','F','2015-08-11 20:09:41','2015-08-11 20:09:41','F'),
	(141,'monroy.hermogenes','123456',3,'A','F','2015-08-11 20:09:42','2015-08-11 20:09:42','F'),
	(142,'llorca.richard','123456',3,'A','F','2015-08-11 20:09:44','2015-08-11 20:09:44','F'),
	(143,'bautista.josepaciano','123456',3,'A','F','2015-08-11 20:09:46','2015-08-11 20:09:46','F'),
	(144,'natividad.mamerto','123456',3,'A','F','2015-08-11 20:09:47','2015-08-11 20:09:47','F'),
	(145,'chua.jericho','123456',3,'A','F','2015-08-11 20:09:49','2015-08-11 20:09:49','F'),
	(146,'alandy.erwin','123456',3,'A','F','2015-08-11 20:09:51','2015-08-11 20:09:51','F'),
	(147,'aquino.venusto','123456',3,'A','F','2015-08-11 20:09:52','2015-08-11 20:09:52','F'),
	(148,'villagracia.rex','123456',3,'A','F','2015-08-11 20:09:53','2015-08-11 20:09:53','F'),
	(149,'bantigue.ramon','123456',3,'A','F','2015-08-11 20:09:56','2015-08-11 20:09:56','F'),
	(150,'cheng.christopher','123456',3,'A','T','2015-08-11 20:09:58','2015-08-11 20:09:59','F'),
	(151,'ordas.presentacion','123456',3,'A','F','2015-08-11 20:10:00','2015-08-11 20:10:00','F'),
	(152,'zapanta.fermin','123456',3,'A','F','2015-08-11 20:10:02','2015-08-11 20:10:02','F'),
	(153,'escolar.rochelle','123456',3,'A','F','2015-08-11 20:10:04','2015-08-11 20:10:04','F'),
	(154,'anasco.ronalddavid','123456',3,'A','F','2015-08-11 20:10:06','2015-08-11 20:10:06','F'),
	(155,'salazar.jose','123456',3,'A','F','2015-08-11 20:10:07','2015-08-11 20:10:07','F'),
	(156,'roncesvalles.jose','123456',3,'A','F','2015-08-11 20:10:09','2015-08-11 20:10:09','F'),
	(157,'ting.jimmy','123456',3,'A','F','2015-08-11 20:10:10','2015-08-11 20:10:10','F'),
	(158,'hill.maryantonette','123456',3,'A','F','2015-08-11 20:10:12','2015-08-11 20:10:12','F'),
	(159,'ki.chaesoon','123456',4,'A','F','2015-08-11 20:10:13','2015-08-11 20:10:13','F'),
	(160,'adey.belinda','123456',3,'A','F','2015-08-11 20:10:14','2015-08-11 20:10:14','F'),
	(161,'kwon.marvin','123456',4,'A','F','2015-08-11 20:10:16','2015-08-11 20:10:16','F'),
	(162,'moises.riza','123456',3,'A','F','2015-08-11 20:10:17','2015-08-11 20:10:17','F'),
	(163,'reblando.myrna','123456',3,'A','F','2015-08-11 20:10:18','2015-08-11 20:10:18','F'),
	(164,'james.angelique','123456',3,'A','F','2015-08-11 20:10:20','2015-08-11 20:10:20','F'),
	(165,'zabat.johnson','123456',3,'A','F','2015-08-11 20:10:22','2015-08-11 20:10:22','F'),
	(166,'santos.alex','123456',3,'A','F','2015-08-11 20:10:23','2015-08-11 20:10:23','F'),
	(167,'feliciano.elda','123456',3,'A','F','2015-08-11 20:10:25','2015-08-11 20:10:25','F'),
	(168,'park.chanjooii','123456',4,'A','F','2015-08-11 20:10:26','2015-08-11 20:10:26','F'),
	(169,'acosta.nestor','123456',3,'A','T','2015-08-11 20:10:27','2015-08-11 20:10:31','F'),
	(170,'suing.jose','123456',3,'A','F','2015-08-11 20:10:32','2015-08-11 20:10:32','F'),
	(171,'valenzuela.roberto','123456',3,'A','F','2015-08-11 20:10:34','2015-08-11 20:10:34','F'),
	(172,'catedrilla.hermelino','123456',3,'A','F','2015-08-11 20:10:35','2015-08-11 20:10:35','F'),
	(173,'romero.emmanueldavid','123456',3,'A','F','2015-08-11 20:10:37','2015-08-11 20:10:37','F'),
	(174,'nivera.noel','123456',3,'A','F','2015-08-11 20:10:39','2015-08-11 20:10:39','F'),
	(175,'sison.ma.michelleracquel','123456',3,'A','F','2015-08-11 20:10:40','2015-08-11 20:10:40','F'),
	(176,'wonderoad.corporation','123456',3,'A','T','2015-08-11 20:10:42','2015-08-11 20:10:45','F'),
	(177,'blake.lucila','123456',3,'A','F','2015-08-11 20:10:46','2015-08-11 20:10:46','F'),
	(178,'lee.sanghun','123456',4,'A','F','2015-08-11 20:10:48','2015-08-11 20:10:48','F'),
	(179,'fajardo.hersalie','123456',3,'A','F','2015-08-11 20:10:49','2015-08-11 20:10:49','F'),
	(180,'alibudbud.lilia','123456',3,'A','F','2015-08-11 20:10:51','2015-08-11 20:10:51','F'),
	(181,'dee.dexter','123456',3,'A','F','2015-08-11 20:10:53','2015-08-11 20:10:53','F'),
	(182,'dumlao.neliza','123456',3,'A','F','2015-08-11 20:10:54','2015-08-11 20:10:54','F'),
	(183,'hernandez.marcellus','123456',3,'A','F','2015-08-11 20:10:56','2015-08-11 20:10:56','F'),
	(184,'king.jesus','123456',3,'A','F','2015-08-11 20:10:58','2015-08-11 20:10:58','F'),
	(185,'anastacio.analiza','123456',4,'A','F','2015-08-11 20:10:59','2015-08-11 20:10:59','F'),
	(186,'tabucal.natasha','123456',3,'A','F','2015-08-11 20:11:00','2015-08-11 20:11:00','F'),
	(187,'lukban.francisco','123456',3,'A','F','2015-08-11 20:11:02','2015-08-11 20:11:02','F'),
	(188,'dizon.ferdinand','123456',3,'A','F','2015-08-11 20:11:04','2015-08-11 20:11:04','F'),
	(189,'lim.edith','123456',3,'A','F','2015-08-11 20:11:05','2015-08-11 20:11:05','F'),
	(190,'lim.jolylon','123456',3,'A','F','2015-08-11 20:11:07','2015-08-11 20:11:07','F'),
	(191,'cheng.alexander','123456',3,'A','F','2015-08-11 20:11:10','2015-08-11 20:11:10','F'),
	(192,'cheng.albert','123456',3,'A','F','2015-08-11 20:11:11','2015-08-11 20:11:11','F'),
	(193,'yangco.arnold','123456',3,'A','F','2015-08-11 20:11:13','2015-08-11 20:11:13','F'),
	(194,'sison.roberto','123456',3,'A','F','2015-08-11 20:11:15','2015-08-11 20:11:15','F'),
	(195,'villanueva.enrico','123456',4,'A','F','2015-08-11 20:11:17','2015-08-11 20:11:17','F'),
	(196,'haw.lenjr','123456',3,'A','T','2015-08-11 20:11:18','2015-08-11 20:11:20','F'),
	(197,'ramos.gloriville','123456',3,'A','F','2015-08-11 20:11:21','2015-08-11 20:11:21','F'),
	(198,'sanjuan.reynaldo','123456',3,'A','F','2015-08-11 20:11:23','2015-08-11 20:11:23','F'),
	(199,'iturralde.ingrid','123456',3,'A','F','2015-08-11 20:11:24','2015-08-11 20:11:24','F'),
	(200,'delapazloya.alvin','123456',3,'A','F','2015-08-11 20:11:26','2015-08-11 20:11:26','F'),
	(201,'delacuesta.gary','123456',3,'A','F','2015-08-11 20:11:27','2015-08-11 20:11:27','F'),
	(202,'delcastillo.katherine','123456',3,'A','F','2015-08-11 20:11:29','2015-08-11 20:11:29','F'),
	(203,'gonzaga.gerardo','123456',3,'A','F','2015-08-11 20:11:31','2015-08-11 20:11:31','F'),
	(204,'manalastas.udelisa','123456',3,'A','F','2015-08-11 20:11:32','2015-08-11 20:11:32','F'),
	(205,'basilio.jovito','123456',3,'A','F','2015-08-11 20:11:34','2015-08-11 20:11:34','F'),
	(206,'sabellano.jonalyn','123456',3,'A','F','2015-08-11 20:11:36','2015-08-11 20:11:36','F'),
	(207,'bautista.reynante','123456',3,'A','F','2015-08-11 20:11:38','2015-08-11 20:11:38','F'),
	(208,'co.alexander','123456',3,'A','T','2015-08-11 20:11:39','2015-08-11 20:11:41','F'),
	(209,'tinio-ebreo.irmalou','123456',3,'A','F','2015-08-11 20:11:42','2015-08-11 20:11:42','F'),
	(210,'ching.romeo','123456',3,'A','F','2015-08-11 20:11:45','2015-08-11 20:11:45','F'),
	(211,'naval.leandro','123456',3,'A','F','2015-08-11 20:11:47','2015-08-11 20:11:47','F'),
	(212,'tan.ronald','123456',3,'A','F','2015-08-11 20:11:49','2015-08-11 20:11:49','F'),
	(213,'bumanglag.suzette','123456',3,'A','F','2015-08-11 20:11:50','2015-08-11 20:11:50','F'),
	(214,'chua.reynaldo','123456',3,'A','F','2015-08-11 20:11:52','2015-08-11 20:11:52','F'),
	(215,'lam.marygrace','123456',3,'A','F','2015-08-11 20:11:54','2015-08-11 20:11:54','F'),
	(216,'carbonel.marisolvirginia','123456',3,'A','F','2015-08-11 20:11:55','2015-08-11 20:11:55','F'),
	(217,'demesa.danilo','123456',3,'A','F','2015-08-11 20:11:57','2015-08-11 20:11:57','F'),
	(218,'lavin.ferdinand','123456',3,'A','T','2015-08-11 20:11:58','2015-08-11 20:12:00','F'),
	(219,'ong.kriselle','123456',3,'A','F','2015-08-11 20:12:01','2015-08-11 20:12:01','F'),
	(220,'lim.laszlomiguel','123456',3,'A','F','2015-08-11 20:12:03','2015-08-11 20:12:03','F'),
	(221,'te.ivan','123456',3,'A','T','2015-08-11 20:12:04','2015-08-11 20:12:06','F'),
	(222,'vergeire.eduard','123456',3,'A','F','2015-08-11 20:12:08','2015-08-11 20:12:08','F'),
	(223,'ting.kelvin','123456',3,'A','F','2015-08-11 20:12:10','2015-08-11 20:12:10','F'),
	(224,'ng.jason','123456',3,'A','F','2015-08-11 20:12:11','2015-08-11 20:12:11','F'),
	(225,'dizon.osmundo','123456',3,'A','F','2015-08-11 20:12:13','2015-08-11 20:12:13','F'),
	(226,'villegas.raoul','123456',3,'A','F','2015-08-11 20:12:15','2015-08-11 20:12:15','F'),
	(227,'pagtanac.estrella','123456',3,'A','F','2015-08-11 20:12:17','2015-08-11 20:12:17','F'),
	(228,'lugue.patrick','123456',3,'A','F','2015-08-11 20:12:18','2015-08-11 20:12:18','F'),
	(229,'chua.peter','123456',3,'A','F','2015-08-11 20:12:20','2015-08-11 20:12:20','F'),
	(230,'que.marygracesolomon','123456',3,'A','F','2015-08-11 20:12:22','2015-08-11 20:12:22','F'),
	(231,'zaide.luisenrique','123456',3,'A','F','2015-08-11 20:12:24','2015-08-11 20:12:24','F'),
	(232,'garin.valente','123456',3,'A','F','2015-08-11 20:12:25','2015-08-11 20:12:25','F'),
	(233,'tinhay.eduardo','123456',3,'A','F','2015-08-11 20:12:27','2015-08-11 20:12:27','F'),
	(234,'chavez.joselito','123456',3,'A','F','2015-08-11 20:12:28','2015-08-11 20:12:28','F'),
	(235,'villanueva.daniel','123456',3,'A','T','2015-08-11 20:12:30','2015-08-11 20:12:32','F'),
	(236,'sollano.jeoge','123456',3,'A','F','2015-08-11 20:12:33','2015-08-11 20:12:33','F'),
	(237,'custodio.gloria','123456',3,'A','F','2015-08-11 20:12:35','2015-08-11 20:12:35','F'),
	(238,'cardenas.roberto','123456',3,'A','F','2015-08-11 20:12:37','2015-08-11 20:12:37','F'),
	(239,'uy.tyroneking','123456',3,'A','F','2015-08-11 20:12:38','2015-08-11 20:12:38','F'),
	(240,'chua.abigailbridget','123456',3,'A','T','2015-08-11 20:12:40','2015-08-11 20:12:43','F'),
	(241,'sofista.melanie','123456',4,'A','F','2015-08-11 20:12:41','2015-08-11 20:12:41','F'),
	(242,'atienza.ralph','123456',3,'A','F','2015-08-11 20:12:45','2015-08-11 20:12:45','F'),
	(243,'gan.dennis','123456',3,'A','F','2015-08-11 20:12:47','2015-08-11 20:12:47','F'),
	(244,'chuacokiong.aileen','123456',3,'A','F','2015-08-11 20:12:48','2015-08-11 20:12:48','F'),
	(245,'deguzman.rafael','123456',3,'A','F','2015-08-11 20:12:50','2015-08-11 20:12:50','F'),
	(246,'limchong.purita','123456',3,'A','F','2015-08-11 20:12:51','2015-08-11 20:12:51','F'),
	(247,'liew.konfei','123456',3,'A','F','2015-08-11 20:12:53','2015-08-11 20:12:53','F'),
	(248,'miro.anthony','123456',3,'A','T','2015-08-11 20:12:55','2015-08-11 20:12:57','F'),
	(249,'cuano.rolando','123456',3,'A','F','2015-08-11 20:12:58','2015-08-11 20:12:58','F'),
	(250,'tanseco.oliver','123456',3,'A','F','2015-08-11 20:13:00','2015-08-11 20:13:00','F'),
	(251,'lamdagan.rayalfonso','123456',3,'A','F','2015-08-11 20:13:02','2015-08-11 20:13:02','F'),
	(252,'uy.samson','123456',3,'A','F','2015-08-11 20:13:04','2015-08-11 20:13:04','F'),
	(253,'sanandres.dominador','123456',3,'A','F','2015-08-11 20:13:05','2015-08-11 20:13:05','F'),
	(254,'navalta.efren','123456',3,'A','F','2015-08-11 20:13:07','2015-08-11 20:13:07','F'),
	(255,'171220holdingscorp..null','123456',3,'A','T','2015-08-11 20:13:09','2015-08-11 20:13:15','F'),
	(256,'lee.alvinlee','123456',3,'A','F','2015-08-11 20:13:17','2015-08-11 20:13:17','F'),
	(257,'tan.antonio','123456',3,'A','F','2015-08-11 20:13:19','2015-08-11 20:13:19','F'),
	(258,'abrera.helenajoycelyn','123456',3,'A','F','2015-08-11 20:13:21','2015-08-11 20:13:21','F'),
	(259,'palafox.perfecto','123456',3,'A','F','2015-08-11 20:13:22','2015-08-11 20:13:22','F'),
	(260,'odulio.oliver','123456',3,'A','T','2015-08-11 20:13:24','2015-08-11 20:13:25','F'),
	(261,'siochi.albertito','123456',3,'A','F','2015-08-11 20:13:26','2015-08-11 20:13:26','F'),
	(262,'ong.betty','123456',3,'A','T','2015-08-11 20:13:28','2015-08-11 20:13:30','F'),
	(263,'ilao.enrico','123456',3,'A','F','2015-08-11 20:13:31','2015-08-11 20:13:31','F'),
	(264,'platon.marito','123456',3,'A','T','2015-08-11 20:13:33','2015-08-11 20:13:35','F'),
	(265,'delacerna.noe','123456',3,'A','F','2015-08-11 20:13:37','2015-08-11 20:13:37','F'),
	(266,'delacerna.arturemilie','123456',3,'A','F','2015-08-11 20:13:39','2015-08-11 20:13:39','F'),
	(267,'delacerna.basil','123456',3,'A','F','2015-08-11 20:13:41','2015-08-11 20:13:41','F'),
	(268,'oliman.evangeline','123456',3,'A','F','2015-08-11 20:13:43','2015-08-11 20:13:43','F'),
	(269,'mancol.fernandojr.','123456',3,'A','F','2015-08-11 20:13:44','2015-08-11 20:13:44','F'),
	(270,'sythay.bennetteneil','123456',3,'A','F','2015-08-11 20:13:46','2015-08-11 20:13:46','F'),
	(271,'ongsiu.richard','123456',3,'A','F','2015-08-11 20:13:48','2015-08-11 20:13:48','F'),
	(272,'cambare.juan','123456',3,'A','F','2015-08-11 20:13:49','2015-08-11 20:13:49','F'),
	(273,'isidro.arsenio','123456',3,'A','F','2015-08-11 20:13:51','2015-08-11 20:13:51','F'),
	(274,'diaz.piviann','123456',3,'A','F','2015-08-11 20:13:53','2015-08-11 20:13:53','F'),
	(275,'lao.johnrichard','123456',3,'A','F','2015-08-11 20:13:54','2015-08-11 20:13:54','F'),
	(276,'go.joy','123456',3,'A','F','2015-08-11 20:13:56','2015-08-11 20:13:56','F'),
	(277,'lim.christopherryan','123456',3,'A','F','2015-08-11 20:13:58','2015-08-11 20:13:58','F'),
	(278,'arevalo.josielyn','123456',3,'A','F','2015-08-11 20:13:59','2015-08-11 20:13:59','F'),
	(279,'cepeda.oscarfranciscojr.','123456',3,'A','F','2015-08-11 20:14:01','2015-08-11 20:14:01','F'),
	(280,'esguerra.joseexiquel','123456',3,'A','F','2015-08-11 20:14:03','2015-08-11 20:14:03','F'),
	(281,'flores.zenaida','123456',3,'A','T','2015-08-11 20:14:05','2015-08-11 20:14:08','F'),
	(282,'sevilla.ma.lourdes','123456',3,'A','F','2015-08-11 20:14:09','2015-08-11 20:14:09','F'),
	(283,'vitug.arnold','123456',3,'A','F','2015-08-11 20:14:11','2015-08-11 20:14:11','F'),
	(284,'primalenterprisescorp..null','123456',3,'A','F','2015-08-11 20:14:12','2015-08-11 20:14:12','F'),
	(285,'intal.johnchristopher','123456',3,'A','F','2015-08-11 20:14:14','2015-08-11 20:14:14','F'),
	(286,'grupoiddesinc..null','123456',3,'A','F','2015-08-11 20:14:16','2015-08-11 20:14:16','F'),
	(287,'ang.dennis','123456',3,'A','F','2015-08-11 20:14:18','2015-08-11 20:14:18','F'),
	(288,'arimatea.raquel','123456',3,'A','F','2015-08-11 20:14:19','2015-08-11 20:14:19','F'),
	(289,'sze.yolanda','123456',3,'A','F','2015-08-11 20:14:21','2015-08-11 20:14:21','F'),
	(290,'mercado.gloriajumamil','123456',3,'A','F','2015-08-11 20:14:24','2015-08-11 20:14:24','F'),
	(291,'co.jeanne','123456',3,'A','F','2015-08-11 20:14:26','2015-08-11 20:14:26','F'),
	(292,'tan.vienna','123456',3,'A','T','2015-08-11 20:14:27','2015-08-11 20:14:29','F'),
	(293,'uy.jerome','123456',3,'A','F','2015-08-11 20:14:31','2015-08-11 20:14:31','F'),
	(294,'torregoza.denisedyan','123456',3,'A','F','2015-08-11 20:14:32','2015-08-11 20:14:32','F'),
	(295,'pascual.johnoliver','123456',3,'A','F','2015-08-11 20:14:34','2015-08-11 20:14:34','F'),
	(296,'jopson.hernanjuan','123456',3,'A','F','2015-08-11 20:14:36','2015-08-11 20:14:36','F'),
	(297,'alonzo.nemenciojr.','123456',3,'A','F','2015-08-11 20:14:38','2015-08-11 20:14:38','F'),
	(298,'olavere.alanpaul','123456',3,'A','T','2015-08-11 20:14:40','2015-08-11 20:14:41','F'),
	(299,'magcale.rolando','123456',3,'A','T','2015-08-11 20:14:43','2015-08-11 20:14:44','F'),
	(300,'teo.dennis','123456',3,'A','F','2015-08-11 20:14:46','2015-08-11 20:14:46','F'),
	(301,'tamayo.dinovivencio','123456',3,'A','F','2015-08-11 20:14:47','2015-08-11 20:14:47','F'),
	(302,'sajor.victorio','123456',3,'A','F','2015-08-11 20:14:49','2015-08-11 20:14:49','F'),
	(303,'kim.chuisu','123456',4,'A','F','2015-08-11 20:14:50','2015-08-11 20:14:50','F'),
	(304,'bruan.joseemilioiii','123456',3,'A','F','2015-08-11 20:14:51','2015-08-11 20:14:51','F'),
	(305,'abella.rayantonio','123456',3,'A','F','2015-08-11 20:14:53','2015-08-11 20:14:53','F'),
	(306,'peji.bernadette','123456',3,'A','F','2015-08-11 20:14:54','2015-08-11 20:14:54','F'),
	(307,'operario.ruby','123456',3,'A','F','2015-08-11 20:14:56','2015-08-11 20:14:56','F'),
	(308,'tuazon.edwin','123456',3,'A','F','2015-08-11 20:14:57','2015-08-11 20:14:57','F'),
	(309,'cruz.ismael','123456',3,'A','F','2015-08-11 20:14:59','2015-08-11 20:14:59','F'),
	(310,'mauricio.ramon','123456',3,'A','F','2015-08-11 20:15:00','2015-08-11 20:15:00','F'),
	(311,'crisol.jose/katherine','123456',3,'A','F','2015-08-11 20:15:02','2015-08-11 20:15:02','F'),
	(312,'macaraig.mariasheila','123456',3,'A','F','2015-08-11 20:15:04','2015-08-11 20:15:04','F'),
	(313,'alpas.dr.meliton','123456',3,'A','F','2015-08-11 20:15:06','2015-08-11 20:15:06','F'),
	(314,'delacruz.michaelleo','123456',3,'A','F','2015-08-11 20:15:07','2015-08-11 20:15:07','F'),
	(315,'dyogi.laurenti','123456',3,'A','T','2015-08-11 20:15:11','2015-08-11 20:15:15','F'),
	(316,'namalata.debbie','123456',3,'A','F','2015-08-11 20:15:17','2015-08-11 20:15:17','F'),
	(317,'mancol.gefer','123456',3,'A','F','2015-08-11 20:15:19','2015-08-11 20:15:19','F'),
	(318,'robles.henry','123456',3,'A','T','2015-08-11 20:15:21','2015-08-11 20:15:23','F'),
	(319,'lukban.frederickmanuel','123456',3,'A','F','2015-08-11 20:15:25','2015-08-11 20:15:25','F'),
	(320,'romero.dantejr.','123456',3,'A','F','2015-08-11 20:15:26','2015-08-11 20:15:26','F'),
	(321,'manotok.michael','123456',3,'A','F','2015-08-11 20:15:29','2015-08-11 20:15:29','F'),
	(322,'mallorca.edna','123456',3,'A','F','2015-08-11 20:15:31','2015-08-11 20:15:31','F'),
	(323,'pimentel.joselito','123456',3,'A','F','2015-08-11 20:15:33','2015-08-11 20:15:33','F'),
	(324,'vitug.mariojoje','123456',3,'A','T','2015-08-11 20:15:34','2015-08-11 20:15:37','F'),
	(325,'delosreyes.eric','123456',3,'A','F','2015-08-11 20:15:39','2015-08-11 20:15:39','F'),
	(326,'co.michael','123456',3,'A','F','2015-08-11 20:15:40','2015-08-11 20:15:40','F'),
	(327,'lunod.laura','123456',3,'A','F','2015-08-11 20:15:42','2015-08-11 20:15:42','F'),
	(328,'franco.eufronio','123456',3,'A','F','2015-08-11 20:15:44','2015-08-11 20:15:44','F'),
	(329,'chuacokiong.kristine','123456',3,'A','F','2015-08-11 20:15:45','2015-08-11 20:15:45','F'),
	(330,'enerio.arthurraymund','123456',3,'A','F','2015-08-11 20:15:47','2015-08-11 20:15:47','F'),
	(331,'silva.john','123456',3,'A','F','2015-08-11 20:15:48','2015-08-11 20:15:48','F'),
	(332,'ramos.antonio','123456',3,'A','F','2015-08-11 20:15:51','2015-08-11 20:15:51','F'),
	(333,'gutierrez.catherine','123456',3,'A','F','2015-08-11 20:15:52','2015-08-11 20:15:52','F'),
	(334,'bongosia.leandro','123456',3,'A','F','2015-08-11 20:15:54','2015-08-11 20:15:54','F'),
	(335,'alberto.raymundarnold','123456',3,'A','T','2015-08-11 20:15:56','2015-08-11 20:15:58','F'),
	(336,'franco.aniceto','123456',3,'A','F','2015-08-11 20:16:00','2015-08-11 20:16:00','F'),
	(337,'ferry.manuel','123456',3,'A','F','2015-08-11 20:16:01','2015-08-11 20:16:01','F'),
	(338,'reyes.ma.catherinelourdes','123456',3,'A','F','2015-08-11 20:16:03','2015-08-11 20:16:03','F'),
	(339,'gan.jefferson','123456',3,'A','F','2015-08-11 20:16:05','2015-08-11 20:16:05','F'),
	(340,'losbanos.escolastica','123456',3,'A','F','2015-08-11 20:16:06','2015-08-11 20:16:06','F'),
	(341,'rebosa.albert','123456',3,'A','F','2015-08-11 20:16:08','2015-08-11 20:16:08','F'),
	(342,'mendoza.manueljr.','123456',3,'A','F','2015-08-11 20:16:09','2015-08-11 20:16:09','F'),
	(343,'pasalo.rodrigo','123456',3,'A','F','2015-08-11 20:16:11','2015-08-11 20:16:11','F'),
	(344,'teo.rockierandall','123456',3,'A','F','2015-08-11 20:16:13','2015-08-11 20:16:13','F'),
	(345,'tiozon.marito/erlinda','123456',3,'A','F','2015-08-11 20:16:15','2015-08-11 20:16:15','F'),
	(346,'chamorro.danilojr.','123456',3,'A','F','2015-08-11 20:16:16','2015-08-11 20:16:16','F'),
	(347,'edano.dennis','123456',3,'A','F','2015-08-11 20:16:18','2015-08-11 20:16:18','F'),
	(348,'santos.eduardo','123456',3,'A','F','2015-08-11 20:16:20','2015-08-11 20:16:20','F'),
	(349,'quisto.romeo','123456',3,'A','F','2015-08-11 20:16:21','2015-08-11 20:16:21','F'),
	(350,'villano.jesusedgar','123456',3,'A','F','2015-08-11 20:16:23','2015-08-11 20:16:23','F'),
	(351,'gomez.gerry','123456',3,'A','F','2015-08-11 20:16:24','2015-08-11 20:16:24','F'),
	(352,'barretto.marjorie','123456',3,'A','T','2015-08-11 20:16:26','2015-08-11 20:16:37','F'),
	(353,'dumayas.roselin','123456',3,'A','F','2015-08-11 20:16:30','2015-08-11 20:16:30','F'),
	(354,'vargas.george','123456',3,'A','F','2015-08-11 20:16:32','2015-08-11 20:16:32','F'),
	(355,'salvador.clyde','123456',3,'A','F','2015-08-11 20:16:35','2015-08-11 20:16:35','F'),
	(356,'tompong.elisechristine','123456',3,'A','F','2015-08-11 20:16:38','2015-08-11 20:16:38','F'),
	(357,'paez.gerrardanthony','123456',3,'A','F','2015-08-11 20:16:40','2015-08-11 20:16:40','F'),
	(358,'baldavia.julia','123456',3,'A','F','2015-08-11 20:16:42','2015-08-11 20:16:42','F'),
	(359,'escoto.teodulo','123456',3,'A','F','2015-08-11 20:16:43','2015-08-11 20:16:43','F'),
	(360,'sadain.saidjr.','123456',3,'A','F','2015-08-11 20:16:44','2015-08-11 20:16:44','F'),
	(361,'payumo.redentorriel','123456',3,'A','F','2015-08-11 20:16:46','2015-08-11 20:16:46','F'),
	(362,'castro.ladislawaa.','123456',3,'A','F','2015-08-11 20:16:48','2015-08-11 20:16:48','F'),
	(363,'amigo.geraldine','123456',3,'A','F','2015-08-11 20:16:50','2015-08-11 20:16:50','F'),
	(364,'acosta.irishanne','123456',3,'A','F','2015-08-11 20:16:51','2015-08-11 20:16:51','F'),
	(365,'coronel.annamaria','123456',3,'A','F','2015-08-11 20:16:53','2015-08-11 20:16:53','F'),
	(366,'coronel.antoniogabriel','123456',3,'A','F','2015-08-11 20:16:55','2015-08-11 20:16:55','F'),
	(367,'juan.ricky','123456',3,'A','F','2015-08-11 20:16:56','2015-08-11 20:16:56','F'),
	(368,'maglaya.fernando','123456',3,'A','F','2015-08-11 20:16:58','2015-08-11 20:16:58','F'),
	(369,'manalastas.ferdinand','123456',3,'A','T','2015-08-11 20:16:59','2015-08-11 20:17:01','F'),
	(370,'magboo.vincentpeter','123456',3,'A','F','2015-08-11 20:17:02','2015-08-11 20:17:02','F'),
	(371,'anonuevo.virgilio','123456',3,'A','F','2015-08-11 20:17:04','2015-08-11 20:17:04','F'),
	(372,'carranza.ma.dolores','123456',3,'A','F','2015-08-11 20:17:06','2015-08-11 20:17:06','F'),
	(373,'nicolas.alicefrancisco','123456',3,'A','F','2015-08-11 20:17:07','2015-08-11 20:17:07','F'),
	(374,'sy.divinagracia','123456',3,'A','T','2015-08-11 20:17:09','2015-08-11 20:17:10','F'),
	(375,'delossantos.nancy','123456',3,'A','F','2015-08-11 20:17:12','2015-08-11 20:17:12','F'),
	(376,'adre.edrommel','123456',3,'A','F','2015-08-11 20:17:14','2015-08-11 20:17:14','F'),
	(377,'munoz.roberto','123456',3,'A','F','2015-08-11 20:17:15','2015-08-11 20:17:15','F'),
	(378,'dimayuga.paolo','123456',3,'A','F','2015-08-11 20:17:17','2015-08-11 20:17:17','F'),
	(379,'portugal.emmanuelc.','123456',3,'A','T','2015-08-11 20:17:18','2015-08-11 20:17:20','F'),
	(380,'verzo.carlomagno','123456',3,'A','F','2015-08-11 20:17:21','2015-08-11 20:17:21','F'),
	(381,'adiaz.danilo','123456',3,'A','F','2015-08-11 20:17:23','2015-08-11 20:17:23','F');

/*!40000 ALTER TABLE `users` ENABLE KEYS */;
UNLOCK TABLES;


# Dump of table vehicle
# ------------------------------------------------------------

DROP TABLE IF EXISTS `vehicle`;

CREATE TABLE `vehicle` (
  `id` int(11) NOT NULL AUTO_INCREMENT,
  `color` varchar(255) DEFAULT NULL,
  `house_id` int(11) DEFAULT NULL,
  `model` varchar(255) DEFAULT NULL,
  `plate_number` varchar(255) DEFAULT NULL,
  `status` varchar(255) DEFAULT NULL,
  `sticker` varchar(255) DEFAULT NULL,
  `user_Id` int(11) DEFAULT NULL,
  `verified` varchar(255) DEFAULT NULL,
  `created_at` timestamp NULL DEFAULT NULL,
  `updated_at` timestamp NULL DEFAULT NULL,
  PRIMARY KEY (`id`)
) ENGINE=InnoDB DEFAULT CHARSET=latin1;



# Dump of table water_reading
# ------------------------------------------------------------

DROP TABLE IF EXISTS `water_reading`;

CREATE TABLE `water_reading` (
  `id` int(11) NOT NULL AUTO_INCREMENT,
  `user_id` int(11) DEFAULT NULL,
  `house_id` int(11) DEFAULT NULL,
  `billing_month` varchar(45) DEFAULT NULL,
  `posted_date` varchar(45) DEFAULT NULL,
  `status` varchar(45) DEFAULT '''New''',
  `start_reading` double DEFAULT NULL,
  `end_reading` double DEFAULT NULL,
  `consumption` double DEFAULT NULL,
  `amount` double DEFAULT '0',
  `paid_amount` double DEFAULT '0',
  `billed` int(11) DEFAULT '0',
  `remarks` varchar(255) DEFAULT NULL,
  `created_at` timestamp NULL DEFAULT NULL,
  `updated_at` timestamp NULL DEFAULT NULL,
  `rate` double DEFAULT NULL,
  `used_month` varchar(255) DEFAULT NULL,
  PRIMARY KEY (`id`),
  KEY `house_id_idx` (`house_id`)
) ENGINE=InnoDB DEFAULT CHARSET=latin1;

LOCK TABLES `water_reading` WRITE;
/*!40000 ALTER TABLE `water_reading` DISABLE KEYS */;

INSERT INTO `water_reading` (`id`, `user_id`, `house_id`, `billing_month`, `posted_date`, `status`, `start_reading`, `end_reading`, `consumption`, `amount`, `paid_amount`, `billed`, `remarks`, `created_at`, `updated_at`, `rate`, `used_month`)
VALUES
	(1,25,22,'FromOldSystem','11/1/12','\'New\'',NULL,NULL,NULL,1031.68,0,1,'Water - 10/01/2012 to 10/31/2012','2015-08-30 19:15:23',NULL,NULL,NULL),
	(2,42,38,'FromOldSystem','12/1/13','\'New\'',NULL,NULL,NULL,2072.52,0,1,'November. 2013 Water - Pres. 9662 Prev. 9608 @ 38.','2015-08-30 19:15:27',NULL,NULL,NULL),
	(3,42,38,'FromOldSystem','1/1/14','\'New\'',NULL,NULL,NULL,1226.88,0,1,'December 2013 Water - Pres. 9698 Prev. 9662 @ 38.3','2015-08-30 19:15:27',NULL,NULL,NULL),
	(4,42,38,'FromOldSystem','2/1/14','\'New\'',NULL,NULL,NULL,2691.36,0,1,'JAN-FEB 2014 Water-Pres. Prev.@32.04','2015-08-30 19:15:27',NULL,NULL,NULL),
	(5,42,38,'FromOldSystem','3/1/14','\'New\'',NULL,NULL,NULL,370,0,1,'MARCH 2014 Water - Pres. 9792 Prev. 9782 @ 37.00','2015-08-30 19:15:28',NULL,NULL,NULL),
	(6,57,53,'FromOldSystem','1/31/13','\'New\'',NULL,NULL,NULL,1466.31,0,1,'JAN. 2013 WATER','2015-08-30 19:15:33',NULL,NULL,NULL),
	(7,57,53,'FromOldSystem','2/28/13','\'New\'',NULL,NULL,NULL,1368.26,0,1,'FEB. 2013 WATER','2015-08-30 19:15:33',NULL,NULL,NULL),
	(8,57,53,'FromOldSystem','3/31/13','\'New\'',NULL,NULL,NULL,1582.14,0,1,'MAR. 2013 WATER','2015-08-30 19:15:33',NULL,NULL,NULL),
	(9,57,53,'FromOldSystem','4/30/13','\'New\'',NULL,NULL,NULL,1279.08,0,1,'APR. 2013 WATER','2015-08-30 19:15:33',NULL,NULL,NULL),
	(10,57,53,'FromOldSystem','6/21/13','\'New\'',NULL,NULL,NULL,1001.52,0,1,'MAY. 2013 WATER','2015-08-30 19:15:33',NULL,NULL,NULL),
	(11,57,53,'FromOldSystem','7/21/13','\'New\'',NULL,NULL,NULL,1629.6,0,1,'JUNE 2013 WATER','2015-08-30 19:15:33',NULL,NULL,NULL),
	(12,57,53,'FromOldSystem','8/21/13','\'New\'',NULL,NULL,NULL,1878.66,0,1,'JULY. 2013 WATER','2015-08-30 19:15:33',NULL,NULL,NULL),
	(13,57,53,'FromOldSystem','9/21/13','\'New\'',NULL,NULL,NULL,1178.24,0,1,'AUG. 2013 WATER','2015-08-30 19:15:34',NULL,NULL,NULL),
	(14,57,53,'FromOldSystem','10/21/13','\'New\'',NULL,NULL,NULL,1083.73,0,1,'SEP 2013 WATER','2015-08-30 19:15:34',NULL,NULL,NULL),
	(15,57,53,'FromOldSystem','11/1/13','\'New\'',NULL,NULL,NULL,1253.01,0,1,'OCT 2013 WATER','2015-08-30 19:15:34',NULL,NULL,NULL),
	(16,57,53,'FromOldSystem','12/1/13','\'New\'',NULL,NULL,NULL,1189.78,0,1,'NOV 2013 WATER','2015-08-30 19:15:34',NULL,NULL,NULL),
	(17,57,53,'FromOldSystem','1/1/14','\'New\'',NULL,NULL,NULL,1090.56,0,1,'DEC 2013 WATER','2015-08-30 19:15:34',NULL,NULL,NULL),
	(18,57,53,'FromOldSystem','2/1/14','\'New\'',NULL,NULL,NULL,983.63,0,1,'JAN-FEB 2014 Water-Pres. Prev.@32.04','2015-08-30 19:15:34',NULL,NULL,NULL),
	(19,66,60,'FromOldSystem','1/1/14','\'New\'',NULL,NULL,NULL,1942.56,0,1,'December 2013 Water - Pres. 6764 Prev. 6707 @ 38.3','2015-08-30 19:15:37',NULL,NULL,NULL),
	(20,66,60,'FromOldSystem','2/1/14','\'New\'',NULL,NULL,NULL,1557.14,0,1,'JAN-FEB 2014 Water-Pres. Prev.@32.04','2015-08-30 19:15:37',NULL,NULL,NULL),
	(21,79,72,'FromOldSystem','11/1/13','\'New\'',NULL,NULL,NULL,1253.01,0,1,'OCTOBER. 2013 WA','2015-08-30 19:15:47',NULL,NULL,NULL),
	(22,79,72,'FromOldSystem','12/1/13','\'New\'',NULL,NULL,NULL,1113.02,0,1,'November. 2013 Water - Pres. 4321 Prev. 4292 @ 38.','2015-08-30 19:15:47',NULL,NULL,NULL),
	(23,79,72,'FromOldSystem','1/1/14','\'New\'',NULL,NULL,NULL,886.08,0,1,'December 2013 Water - Pres. 4347 Prev. 4321 @ 38.3','2015-08-30 19:15:47',NULL,NULL,NULL),
	(24,79,72,'FromOldSystem','2/1/14','\'New\'',NULL,NULL,NULL,817.02,0,1,'JAN-FEB 2014 Water-Pres. Prev.@32.04','2015-08-30 19:15:47',NULL,NULL,NULL),
	(25,80,73,'FromOldSystem','1/31/13','\'New\'',NULL,NULL,NULL,1030.38,0,1,'Jan. 2013 Water - Pres. 2267 Prev. 2241 @ 39.63','2015-08-30 19:15:49',NULL,NULL,NULL),
	(26,80,73,'FromOldSystem','2/28/13','\'New\'',NULL,NULL,NULL,110.94,0,1,'Feb. 2013 Water - Pres. 2270 Prev. 2267 @ 36.98','2015-08-30 19:15:49',NULL,NULL,NULL),
	(27,80,73,'FromOldSystem','3/31/13','\'New\'',NULL,NULL,NULL,226.02,0,1,'Mar. 2013 Water - Pres. 2276 Prev. 2270 @ 37.67','2015-08-30 19:15:49',NULL,NULL,NULL),
	(28,80,73,'FromOldSystem','4/30/13','\'New\'',NULL,NULL,NULL,1007.76,0,1,'Apr. 2013 Water - Pres. 2302 Prev. 2276 @ 38.76','2015-08-30 19:15:49',NULL,NULL,NULL),
	(29,80,73,'FromOldSystem','6/21/13','\'New\'',NULL,NULL,NULL,808.92,0,1,'May. 2013 Water - Pres. 2323 Prev. 2302 @ 38.52','2015-08-30 19:15:49',NULL,NULL,NULL),
	(30,85,77,'FromOldSystem','10/21/13','\'New\'',NULL,NULL,NULL,1046.36,0,1,'September. 2013 Water - Pres. 1915 Prev. 1887 @ 36','2015-08-30 19:15:52',NULL,NULL,NULL),
	(31,85,77,'FromOldSystem','12/1/13','\'New\'',NULL,NULL,NULL,76.76,0,1,'November. 2013 Water - Pres. 1917 Prev. 1915 @ 38.','2015-08-30 19:15:52',NULL,NULL,NULL),
	(32,85,77,'FromOldSystem','1/1/14','\'New\'',NULL,NULL,NULL,340.8,0,1,'December 2013 Water - Pres. 1927 Prev. 1917 @ 38.3','2015-08-30 19:15:52',NULL,NULL,NULL),
	(33,85,77,'FromOldSystem','2/1/14','\'New\'',NULL,NULL,NULL,256.32,0,1,'JAN-FEB 2014 Water-Pres. Prev.@32.04','2015-08-30 19:15:52',NULL,NULL,NULL),
	(34,85,77,'FromOldSystem','3/1/14','\'New\'',NULL,NULL,NULL,37,0,1,'MARCH 2014 Water - Pres. 1936 Prev. 1935 @ 37.00','2015-08-30 19:15:52',NULL,NULL,NULL),
	(35,100,91,'FromOldSystem','10/1/12','\'New\'',NULL,NULL,NULL,80.4,0,1,'Water - 08/01/2012 to 08/31/2012','2015-08-30 19:16:10',NULL,NULL,NULL),
	(36,100,91,'FromOldSystem','10/1/12','\'New\'',NULL,NULL,NULL,43.21,0,1,'Water - 09/01/2012 to 09/30/2012','2015-08-30 19:16:10',NULL,NULL,NULL),
	(37,100,91,'FromOldSystem','11/1/12','\'New\'',NULL,NULL,NULL,119.04,0,1,'Water - 10/01/2012 to 10/31/2012','2015-08-30 19:16:11',NULL,NULL,NULL),
	(38,100,91,'FromOldSystem','11/1/13','\'New\'',NULL,NULL,NULL,2240.23,0,1,'OCTOBER. 2013 WA','2015-08-30 19:16:11',NULL,NULL,NULL),
	(39,100,91,'FromOldSystem','12/1/13','\'New\'',NULL,NULL,NULL,1458.44,0,1,'November. 2013 Water - Pres. 6012 Prev. 5974 @ 38.','2015-08-30 19:16:11',NULL,NULL,NULL),
	(40,100,91,'FromOldSystem','1/1/14','\'New\'',NULL,NULL,NULL,511.2,0,1,'December 2013 Water - Pres. 6027 Prev. 6012 @ 38.3','2015-08-30 19:16:11',NULL,NULL,NULL),
	(41,100,91,'FromOldSystem','2/1/14','\'New\'',NULL,NULL,NULL,1188.68,0,1,'JAN-FEB 2014 Water-Pres. Prev.@32.04','2015-08-30 19:16:11',NULL,NULL,NULL),
	(42,123,117,'FromOldSystem','12/1/13','\'New\'',NULL,NULL,NULL,76.76,0,1,'November. 2013 Water - Pres. 3753 Prev. 3751 @ 38.','2015-08-30 19:16:14',NULL,NULL,NULL),
	(43,123,117,'FromOldSystem','1/1/14','\'New\'',NULL,NULL,NULL,852,0,1,'December 2013 Water - Pres. 3778 Prev. 3753 @ 38.3','2015-08-30 19:16:15',NULL,NULL,NULL),
	(44,123,117,'FromOldSystem','2/1/14','\'New\'',NULL,NULL,NULL,352.44,0,1,'JAN-FEB 2014 Water-Pres. Prev.@32.04','2015-08-30 19:16:15',NULL,NULL,NULL),
	(45,170,163,'FromOldSystem','3/1/14','\'New\'',NULL,NULL,NULL,1184,0,1,'MARCH 2014 Water - Pres. 4177 Prev. 4145 @ 37.00','2015-08-30 19:16:40',NULL,NULL,NULL),
	(46,42,39,'FromOldSystem','6/1/12','\'New\'',NULL,NULL,NULL,633.24,0,1,'Water - 03/01/2012 to 03/31/2012','2015-08-30 19:16:56',NULL,NULL,NULL),
	(47,196,188,'FromOldSystem','2/28/11','\'New\'',NULL,NULL,NULL,149.52,0,1,'Water - 01/01/2011 to 01/31/2011','2015-08-30 19:16:59',NULL,NULL,NULL),
	(48,196,188,'FromOldSystem','4/15/11','\'New\'',NULL,NULL,NULL,59.06,0,1,'Water - 03/01/2011 to 03/31/2011','2015-08-30 19:16:59',NULL,NULL,NULL),
	(49,196,188,'FromOldSystem','5/15/11','\'New\'',NULL,NULL,NULL,302.2,0,1,'Water - 04/01/2011 to 04/30/2011','2015-08-30 19:16:59',NULL,NULL,NULL),
	(50,196,188,'FromOldSystem','1/20/11','\'New\'',NULL,NULL,NULL,30.22,0,1,'Water - 12/01/2010 to 12/31/2010 balance','2015-08-30 19:16:59',NULL,NULL,NULL),
	(51,222,219,'FromOldSystem','7/29/13','\'New\'',NULL,NULL,NULL,0.01,0,1,'Balance Water Bill - 05/01/13-05/31/13 PR#0032','2015-08-30 19:17:06',NULL,NULL,NULL),
	(52,222,219,'FromOldSystem','10/21/13','\'New\'',NULL,NULL,NULL,2242.2,0,1,'September. 2013 Water - Pres. 7170 Prev. 7110 @ 36','2015-08-30 19:17:06',NULL,NULL,NULL),
	(53,222,219,'FromOldSystem','12/1/13','\'New\'',NULL,NULL,NULL,1750.13,0,1,'November. 2013 Water - Pres. 7283.6 Prev. 7238 @ 3','2015-08-30 19:17:06',NULL,NULL,NULL),
	(54,222,219,'FromOldSystem','7/21/13','\'New\'',NULL,NULL,NULL,2328,0,1,'Water Bill - 06/01/2013-06/30/2013','2015-08-30 19:17:07',NULL,NULL,NULL),
	(55,231,228,'FromOldSystem','12/1/13','\'New\'',NULL,NULL,NULL,2840.12,0,1,'November. 2013 Water - Pres. 7014 Prev. 6940 @ 38.','2015-08-30 19:17:12',NULL,NULL,NULL),
	(56,231,228,'FromOldSystem','1/1/14','\'New\'',NULL,NULL,NULL,1840.32,0,1,'December 2013 Water - Pres. 7068 Prev. 7014 @ 38.3','2015-08-30 19:17:12',NULL,NULL,NULL),
	(57,231,228,'FromOldSystem','2/1/14','\'New\'',NULL,NULL,NULL,798.44,0,1,'JAN-FEB 2014 Water-Pres. Prev.@32.04','2015-08-30 19:17:12',NULL,NULL,NULL),
	(58,231,228,'FromOldSystem','7/21/13','\'New\'',NULL,NULL,NULL,3298,0,1,'Water Bill - 06/01/2013-06/30/2013','2015-08-30 19:17:12',NULL,NULL,NULL),
	(59,231,228,'FromOldSystem','8/21/13','\'New\'',NULL,NULL,NULL,3450.6,0,1,'July. 2013 Water - Pres. 6718 Prev. 6628 @ 38.34','2015-08-30 19:17:12',NULL,NULL,NULL),
	(60,231,228,'FromOldSystem','11/1/13','\'New\'',NULL,NULL,NULL,2923.69,0,1,'October. 2013 Water - Pres. 6940 Prev. 6863 @ 37.9','2015-08-30 19:17:12',NULL,NULL,NULL),
	(61,254,254,'FromOldSystem','5/15/11','\'New\'',NULL,NULL,NULL,967,0,1,'Water Bill - 04/01/2011-04/30/2011','2015-08-30 19:17:24',NULL,NULL,NULL),
	(62,254,254,'FromOldSystem','6/15/11','\'New\'',NULL,NULL,NULL,534.24,0,1,'Water Bill - 05/01/2011-05/31/2011','2015-08-30 19:17:24',NULL,NULL,NULL),
	(63,254,254,'FromOldSystem','7/15/11','\'New\'',NULL,NULL,NULL,459.68,0,1,'Water Bill - 06/01/2011-06/30/2011','2015-08-30 19:17:25',NULL,NULL,NULL),
	(64,254,254,'FromOldSystem','10/17/11','\'New\'',NULL,NULL,NULL,831.04,0,1,'Water Bill - 08/01/2011-08/31/2011','2015-08-30 19:17:25',NULL,NULL,NULL),
	(65,254,254,'FromOldSystem','11/30/11','\'New\'',NULL,NULL,NULL,762.96,0,1,'Water Bill - 11/01/2011-11/30/2011','2015-08-30 19:17:25',NULL,NULL,NULL),
	(66,254,254,'FromOldSystem','12/31/11','\'New\'',NULL,NULL,NULL,287.73,0,1,'Water Bill - 12/01/2011-12/31/2011','2015-08-30 19:17:25',NULL,NULL,NULL),
	(67,254,254,'FromOldSystem','5/1/12','\'New\'',NULL,NULL,NULL,804.54,0,1,'Water Bill - 01/01/2012-01/31/2012','2015-08-30 19:17:25',NULL,NULL,NULL),
	(68,254,254,'FromOldSystem','5/1/12','\'New\'',NULL,NULL,NULL,558.45,0,1,'Water Bill - 02/01/2012-02/29/2012','2015-08-30 19:17:25',NULL,NULL,NULL),
	(69,254,254,'FromOldSystem','6/1/12','\'New\'',NULL,NULL,NULL,633.24,0,1,'Water Bill - 03/01/2012-03/31/2012','2015-08-30 19:17:25',NULL,NULL,NULL),
	(70,254,254,'FromOldSystem','6/1/12','\'New\'',NULL,NULL,NULL,500.92,0,1,'Water Bill - 4/01/2012-04/30/2012','2015-08-30 19:17:25',NULL,NULL,NULL),
	(71,254,254,'FromOldSystem','5/31/12','\'New\'',NULL,NULL,NULL,563.84,0,1,'Water Bill - 5/01/2012-05/31/2012','2015-08-30 19:17:25',NULL,NULL,NULL),
	(72,254,254,'FromOldSystem','8/1/12','\'New\'',NULL,NULL,NULL,705.66,0,1,'Water - 06/01/2012 to 06/30/2012','2015-08-30 19:17:25',NULL,NULL,NULL),
	(73,254,254,'FromOldSystem','7/31/12','\'New\'',NULL,NULL,NULL,693.36,0,1,'Water Bill - 7/01/2012-07/31/2012','2015-08-30 19:17:25',NULL,NULL,NULL),
	(74,254,254,'FromOldSystem','8/31/12','\'New\'',NULL,NULL,NULL,1005,0,1,'Water Bill - 8/01/2012-08/31/2012','2015-08-30 19:17:25',NULL,NULL,NULL),
	(75,254,254,'FromOldSystem','9/30/12','\'New\'',NULL,NULL,NULL,561.73,0,1,'Water Bill - 9/01/2012-09/30/2012','2015-08-30 19:17:25',NULL,NULL,NULL),
	(76,254,254,'FromOldSystem','10/31/12','\'New\'',NULL,NULL,NULL,555.52,0,1,'Water Bill - 10/01/2012-10/31/2012','2015-08-30 19:17:26',NULL,NULL,NULL),
	(77,254,254,'FromOldSystem','1/1/13','\'New\'',NULL,NULL,NULL,755,0,1,'Water Bill - 12/01/2012-12/31/2012','2015-08-30 19:17:26',NULL,NULL,NULL),
	(78,254,254,'FromOldSystem','1/31/13','\'New\'',NULL,NULL,NULL,871.86,0,1,'Water Bill - 01/01/2013-01/31/2013','2015-08-30 19:17:26',NULL,NULL,NULL),
	(79,254,254,'FromOldSystem','2/28/13','\'New\'',NULL,NULL,NULL,739.6,0,1,'Water Bill - 02/01/2013-02/28/2013','2015-08-30 19:17:26',NULL,NULL,NULL),
	(80,254,254,'FromOldSystem','3/31/13','\'New\'',NULL,NULL,NULL,602.72,0,1,'Water Bill - 03/01/2013-03/31/2013','2015-08-30 19:17:26',NULL,NULL,NULL),
	(81,254,254,'FromOldSystem','4/30/13','\'New\'',NULL,NULL,NULL,739.6,0,1,'Water Bill - 04/01/2013-04/30/2013','2015-08-30 19:17:26',NULL,NULL,NULL),
	(82,254,254,'FromOldSystem','6/21/13','\'New\'',NULL,NULL,NULL,343.04,0,1,'Water Bill - 05/01/2013-05/31/2013','2015-08-30 19:17:26',NULL,NULL,NULL),
	(83,254,254,'FromOldSystem','7/21/13','\'New\'',NULL,NULL,NULL,543.2,0,1,'Water Bill - 06/01/2013-06/30/2013','2015-08-30 19:17:26',NULL,NULL,NULL),
	(84,254,254,'FromOldSystem','8/21/13','\'New\'',NULL,NULL,NULL,575.1,0,1,'July. 2013 Water - Pres. 135 Prev. 120 @ 38.34','2015-08-30 19:17:26',NULL,NULL,NULL),
	(85,254,254,'FromOldSystem','9/21/13','\'New\'',NULL,NULL,NULL,220.92,0,1,'August. 2013 Water - Pres. 141 Prev. 135 @ 36.82','2015-08-30 19:17:27',NULL,NULL,NULL),
	(86,254,254,'FromOldSystem','10/21/13','\'New\'',NULL,NULL,NULL,149.48,0,1,'September. 2013 Water - Pres. 145 Prev. 141 @ 36.8','2015-08-30 19:17:27',NULL,NULL,NULL),
	(87,254,254,'FromOldSystem','11/1/13','\'New\'',NULL,NULL,NULL,265.79,0,1,'October. 2013 Water - Pres. 152 Prev. 145 @ 37.97','2015-08-30 19:17:27',NULL,NULL,NULL),
	(88,254,254,'FromOldSystem','12/1/13','\'New\'',NULL,NULL,NULL,1343.3,0,1,'November. 2013 Water - Pres. 187 Prev. 152 @ 38.38','2015-08-30 19:17:27',NULL,NULL,NULL),
	(89,254,254,'FromOldSystem','1/1/14','\'New\'',NULL,NULL,NULL,1567.68,0,1,'December 2013 Water - Pres. 233 Prev. 187 @ 38.38','2015-08-30 19:17:27',NULL,NULL,NULL),
	(90,254,254,'FromOldSystem','2/1/14','\'New\'',NULL,NULL,NULL,2114.64,0,1,'JAN-FEB 2014 Water-Pres. Prev.@32.04','2015-08-30 19:17:27',NULL,NULL,NULL),
	(91,254,254,'FromOldSystem','3/1/14','\'New\'',NULL,NULL,NULL,1554,0,1,'MARCH 2014 Water - Pres. 341 Prev. 299 @ 37.00','2015-08-30 19:17:27',NULL,NULL,NULL),
	(92,318,331,'FromOldSystem','1/1/14','\'New\'',NULL,NULL,NULL,2181.12,0,1,'December 2013 Water - Pres. 64 Prev. 0 @ 38.38','2015-08-30 19:17:41',NULL,NULL,NULL),
	(93,318,331,'FromOldSystem','2/1/14','\'New\'',NULL,NULL,NULL,672.84,0,1,'JAN-FEB 2014 Water-Pres. Prev.@32.04','2015-08-30 19:17:41',NULL,NULL,NULL),
	(94,369,389,'FromOldSystem','2/1/14','\'New\'',NULL,NULL,NULL,4677.84,0,1,'JAN-FEB 2014 Water-Pres. Prev.@32.04','2015-08-30 19:18:05',NULL,NULL,NULL);

/*!40000 ALTER TABLE `water_reading` ENABLE KEYS */;
UNLOCK TABLES;

DELIMITER ;;
/*!50003 SET SESSION SQL_MODE="" */;;
/*!50003 CREATE */ /*!50017 DEFINER=`cbotor`@`%` */ /*!50003 TRIGGER `insert_into_jo_from_water_reading` AFTER UPDATE ON `water_reading` FOR EACH ROW begin

declare typeid integer;
declare computed double;
declare check_count integer;
declare job_order_id integer;

if (new.status = 'Done') and (new.paid_amount = 0) then 
   
   set typeid = (select job_order_type.id from job_order_type where lower(description) = 'water');
   
   set check_count = (select count(1) from job_orders where request_id = new.id and order_type_id = typeid);
   if (check_count = 0) then  
      insert into job_orders (order_type_id,request_id,created_at,user_id,status,house_id,price) values (typeid,new.id,now(),new.user_id,0,new.house_id,new.amount) ;
   end if;
elseif (new.status = 'Cancel') and (new.paid_amount = 0) then 
	  set typeid = (select job_order_type.id from job_order_type where lower(description) = 'water');
   
      set check_count = (select count(1) from job_orders where request_id = new.id and order_type_id = typeid);
	  if (check_count > 0) then
	     -- insert into temp (field,field_value) values ('request_id',new.id); 
	     -- insert into temp (field,field_value) values ('order_type_id', typeid);
	     -- insert into temp (field,field_value) values ('check_count',check_count);
	     select id into job_order_id from job_orders where request_id = new.id and order_type_id = typeid;
	     -- insert into temp (field,field_value) values ('job_order_id',job_order_id);
	     delete from ledger where ref_id = job_order_id; 
		 delete from job_orders where request_id = new.id and order_type_id = typeid;
	  end if;
   
else 

   set computed = new.amount - new.paid_amount;
   if (computed = 0) then
      update job_orders set status = 2 where request_id = new.id and order_type_id = 3;
   end if; 	
	
end if;

end */;;
DELIMITER ;
/*!50003 SET SESSION SQL_MODE=@OLD_SQL_MODE */;


# Dump of table water_reading_history
# ------------------------------------------------------------

DROP TABLE IF EXISTS `water_reading_history`;

CREATE TABLE `water_reading_history` (
  `id` int(11) NOT NULL AUTO_INCREMENT,
  `user_id` int(11) DEFAULT NULL,
  `house_id` int(11) DEFAULT NULL,
  `billed_to` varchar(45) DEFAULT NULL,
  `billing_month` varchar(45) DEFAULT NULL,
  `start_reading` double DEFAULT NULL,
  `end_reading` double DEFAULT NULL,
  `paid_amount` double DEFAULT '0',
  `status` varchar(45) DEFAULT '',
  `amount` double DEFAULT '0',
  `created_at` timestamp NULL DEFAULT NULL,
  `updated_at` timestamp NULL DEFAULT NULL,
  PRIMARY KEY (`id`),
  KEY `house_id_idx` (`house_id`)
) ENGINE=InnoDB DEFAULT CHARSET=latin1;



# Dump of table water_reading_old
# ------------------------------------------------------------

DROP TABLE IF EXISTS `water_reading_old`;

CREATE TABLE `water_reading_old` (
  `id` int(11) NOT NULL AUTO_INCREMENT,
  `user_id` int(11) DEFAULT NULL,
  `house_id` int(11) DEFAULT NULL,
  `billed_to` int(11) DEFAULT NULL,
  `billing_month` varchar(45) DEFAULT NULL,
  `start_reading` int(11) DEFAULT NULL,
  `end_reading` int(11) DEFAULT NULL,
  `created_at` timestamp NULL DEFAULT NULL,
  `updated_at` timestamp NULL DEFAULT NULL,
  PRIMARY KEY (`id`),
  KEY `house_id_idx` (`house_id`)
) ENGINE=InnoDB DEFAULT CHARSET=latin1;




--
-- Dumping routines (FUNCTION) for database 'prod_20150721'
--
DELIMITER ;;

# Dump of FUNCTION checkAmenityRequest
# ------------------------------------------------------------

/*!50003 DROP FUNCTION IF EXISTS `checkAmenityRequest` */;;
/*!50003 SET SESSION SQL_MODE=""*/;;
/*!50003 CREATE*/ /*!50020 DEFINER=`cbotor`@`%`*/ /*!50003 FUNCTION `checkAmenityRequest`( amenityId INT, requestedDate VARCHAR(10), startTime VARCHAR(4), endTime VARCHAR(4) ) RETURNS int(11)
BEGIN

declare countReservation INT default 0;

select count(1) into countReservation from amenities_request where 
amenity_id = amenityId and requested_date = requestedDate and 
(start_time between startTime and endTime or end_time between startTime and endTime);

case countReservation

	when 0 then 
		return 0;
	else
		select count(1) into countReservation from amenities_request where 
			amenity_id = amenityId and requested_date = requestedDate and 
			(startTime between start_time and end_time or endTime between start_time and end_time
			or start_time between startTime and end_time)
 			and (status = 'Booked' or status = 'Done' or status = 'Paid');
 			
 		if countReservation = 0 then 
 			return 0;
 		else	
			return 1;
		end if;	

end case;

END */;;

/*!50003 SET SESSION SQL_MODE=@OLD_SQL_MODE */;;
# Dump of FUNCTION checkServiceRequest
# ------------------------------------------------------------

/*!50003 DROP FUNCTION IF EXISTS `checkServiceRequest` */;;
/*!50003 SET SESSION SQL_MODE=""*/;;
/*!50003 CREATE*/ /*!50020 DEFINER=`cbotor`@`%`*/ /*!50003 FUNCTION `checkServiceRequest`( serviceId INT, preferredDate VARCHAR(10) ) RETURNS int(11)
BEGIN

declare countReservation INT default 0;

select count(1) into countReservation from service_request where 
service_id = serviceId and preferred_date = preferredDate;

case countReservation

	when 0 then 
		return 0;
	else
		select count(1) into countReservation from service_request where 
			service_id = serviceId and preferred_date = preferredDate
 			and (status = 'Booked' or status = 'Done' or status = 'Paid');
 			
 		if countReservation = 0 then 
 			return 0;
 		else	
			return 1;
		end if;	

end case;

END */;;

/*!50003 SET SESSION SQL_MODE=@OLD_SQL_MODE */;;
# Dump of FUNCTION computeAmenityFee
# ------------------------------------------------------------

/*!50003 DROP FUNCTION IF EXISTS `computeAmenityFee` */;;
/*!50003 SET SESSION SQL_MODE=""*/;;
/*!50003 CREATE*/ /*!50020 DEFINER=`cbotor`@`%`*/ /*!50003 FUNCTION `computeAmenityFee`(amenityId int, param2 int) RETURNS double
BEGIN

	 declare regvalue double default 0.00;
	 declare maxregular integer default 0;
	 declare excessvalue integer default 0;
	 declare excessamount double default 0.00;
	 declare regamount double default 0.00;
	 declare totalamount double default 0.00;
	 
	 declare defaulthour integer default 0;
	 
	 declare excesstoparam2 integer default 0;
	 
	 select reg_value, max_regular, excess_value into regvalue, maxregular, excessvalue from amenity where id = amenityId;
	 
	 if (maxregular > 1) then
		 if (param2 > maxregular) then
	 		set excesstoparam2:=param2-maxregular;
	 		set defaulthour:=1;
	 	 else
	 	 	set defaulthour:=1;
	 	 	set excesstoparam2:=0;	 
	 	 end if;
	 else
	 	set excesstoparam2:=0;
	 	set defaulthour:=param2;
	 end if;
	 
	 set excessamount:=excesstoparam2 * excessvalue;
	 set regamount:=defaulthour*regvalue;
	 set totalamount:=regamount+excessamount; 	
	 
	 return totalamount;
	 
END */;;

/*!50003 SET SESSION SQL_MODE=@OLD_SQL_MODE */;;
# Dump of FUNCTION computeServiceFee
# ------------------------------------------------------------

/*!50003 DROP FUNCTION IF EXISTS `computeServiceFee` */;;
/*!50003 SET SESSION SQL_MODE=""*/;;
/*!50003 CREATE*/ /*!50020 DEFINER=`cbotor`@`%`*/ /*!50003 FUNCTION `computeServiceFee`(serviceId int, param2 int) RETURNS double
BEGIN

	 declare regvalue double default 0.00;
	 declare maxregular integer default 0;
	 declare excessvalue integer default 0;
	 declare excessamount double default 0.00;
	 declare regamount double default 0.00;
	 declare totalamount double default 0.00;
	 
	 declare defaulthour integer default 0;
	 
	 declare excesstoparam2 integer default 0;
	 
	 select reg_value, max_regular, excess_value into regvalue, maxregular, excessvalue from service where id = serviceId;
	 
	 if (maxregular > 0) then
		 if (param2 > maxregular) then
	 		set excesstoparam2:=param2-maxregular;
	 		set defaulthour:=1;
	 	 else
	 	 	set defaulthour:=1;
	 	    set excesstoparam2:=0;	 
	 	 end if;
	 else
	 	set excesstoparam2:=0;
	 	set defaulthour:=param2;
	 end if;
	 
	 set excessamount:=excesstoparam2 * excessvalue;
	 set regamount:=defaulthour*regvalue;
	 set totalamount:=regamount+excessamount; 	
	 
	 return totalamount;
	 
END */;;

/*!50003 SET SESSION SQL_MODE=@OLD_SQL_MODE */;;
DELIMITER ;

/*!40111 SET SQL_NOTES=@OLD_SQL_NOTES */;
/*!40101 SET SQL_MODE=@OLD_SQL_MODE */;
/*!40014 SET FOREIGN_KEY_CHECKS=@OLD_FOREIGN_KEY_CHECKS */;
/*!40101 SET CHARACTER_SET_CLIENT=@OLD_CHARACTER_SET_CLIENT */;
/*!40101 SET CHARACTER_SET_RESULTS=@OLD_CHARACTER_SET_RESULTS */;
/*!40101 SET COLLATION_CONNECTION=@OLD_COLLATION_CONNECTION */;
